creationTime,settlementDate,settlementPeriod,settlementRunType,totalExemptSupplyVolume
2026-02-09T10:00:31Z,2025-06-19,48,R3,0.0749
2026-02-09T10:00:31Z,2025-06-19,21,R3,0.3856
2026-02-09T10:00:31Z,2025-06-19,20,R3,0.3774
2026-02-09T10:00:31Z,2025-06-19,19,R3,0.3755
2026-02-09T10:00:31Z,2025-06-19,18,R3,0.355
2026-02-09T10:00:31Z,2025-06-19,17,R3,0.3315
2026-02-09T10:00:31Z,2025-06-19,16,R3,0.3291
2026-02-09T10:00:31Z,2025-06-19,15,R3,0.3092
2026-02-09T10:00:31Z,2025-06-19,14,R3,0.2862
2026-02-09T10:00:31Z,2025-06-19,13,R3,0.2742
2026-02-09T10:00:31Z,2025-06-19,12,R3,0.1962
2026-02-09T10:00:31Z,2025-06-19,11,R3,0.1097
2026-02-09T10:00:31Z,2025-06-19,10,R3,0.0997
2026-02-09T10:00:31Z,2025-06-19,9,R3,0.1002
2026-02-09T10:00:31Z,2025-06-19,8,R3,0.105
2026-02-09T10:00:31Z,2025-06-19,7,R3,0.1068
2026-02-09T10:00:31Z,2025-06-19,6,R3,0.1017
2026-02-09T10:00:31Z,2025-06-19,5,R3,0.1042
2026-02-09T10:00:31Z,2025-06-19,4,R3,0.0782
2026-02-09T10:00:31Z,2025-06-19,3,R3,0.0751
2026-02-09T10:00:31Z,2025-06-19,2,R3,0.0754
2026-02-09T10:00:31Z,2025-06-19,1,R3,0.0725
2026-02-09T10:00:31Z,2025-06-19,22,R3,0.4036
2026-02-09T10:00:31Z,2025-06-19,23,R3,0.3917
2026-02-09T10:00:31Z,2025-06-19,47,R3,0.0744
2026-02-09T10:00:31Z,2025-06-19,25,R3,0.3617
2026-02-09T10:00:31Z,2025-06-19,46,R3,0.0772
2026-02-09T10:00:31Z,2025-06-19,45,R3,0.0795
2026-02-09T10:00:31Z,2025-06-19,44,R3,0.0739
2026-02-09T10:00:31Z,2025-06-19,43,R3,0.0801
2026-02-09T10:00:31Z,2025-06-19,42,R3,0.0929
2026-02-09T10:00:31Z,2025-06-19,41,R3,0.0854
2026-02-09T10:00:31Z,2025-06-19,40,R3,0.0847
2026-02-09T10:00:31Z,2025-06-19,39,R3,0.092
2026-02-09T10:00:31Z,2025-06-19,38,R3,0.1016
2026-02-09T10:00:31Z,2025-06-19,37,R3,0.1113
2026-02-09T10:00:31Z,2025-06-19,24,R3,0.3724
2026-02-09T10:00:31Z,2025-06-19,35,R3,0.1519
2026-02-09T10:00:31Z,2025-06-19,34,R3,0.236
2026-02-09T10:00:31Z,2025-06-19,33,R3,0.289
2026-02-09T10:00:31Z,2025-06-19,32,R3,0.3339
2026-02-09T10:00:31Z,2025-06-19,31,R3,0.3504
2026-02-09T10:00:31Z,2025-06-19,30,R3,0.3556
2026-02-09T10:00:31Z,2025-06-19,29,R3,0.3659
2026-02-09T10:00:31Z,2025-06-19,28,R3,0.3618
2026-02-09T10:00:31Z,2025-06-19,27,R3,0.3664
2026-02-09T10:00:31Z,2025-06-19,26,R3,0.3638
2026-02-09T10:00:31Z,2025-06-19,36,R3,0.128
2026-02-09T10:00:31Z,2025-06-20,14,R3,0.2791
2026-02-09T10:00:31Z,2025-06-20,15,R3,0.295
2026-02-09T10:00:31Z,2025-06-20,16,R3,0.3158
2026-02-09T10:00:31Z,2025-06-20,21,R3,0.3319
2026-02-09T10:00:31Z,2025-06-20,18,R3,0.3338
2026-02-09T10:00:31Z,2025-06-20,19,R3,0.3252
2026-02-09T10:00:31Z,2025-06-20,20,R3,0.3264
2026-02-09T10:00:31Z,2025-06-20,13,R3,0.2567
2026-02-09T10:00:31Z,2025-06-20,17,R3,0.319
2026-02-09T10:00:31Z,2025-06-20,12,R3,0.2272
2026-02-09T10:00:31Z,2025-06-20,6,R3,0.106
2026-02-09T10:00:31Z,2025-06-20,10,R3,0.1152
2026-02-09T10:00:31Z,2025-06-20,9,R3,0.1021
2026-02-09T10:00:31Z,2025-06-20,8,R3,0.1006
2026-02-09T10:00:31Z,2025-06-20,7,R3,0.1106
2026-02-09T10:00:31Z,2025-06-20,5,R3,0.1056
2026-02-09T10:00:31Z,2025-06-20,4,R3,0.0795
2026-02-09T10:00:31Z,2025-06-20,3,R3,0.0773
2026-02-09T10:00:31Z,2025-06-20,2,R3,0.0728
2026-02-09T10:00:31Z,2025-06-20,1,R3,0.0734
2026-02-09T10:00:31Z,2025-06-20,22,R3,0.3342
2026-02-09T10:00:31Z,2025-06-20,11,R3,0.1427
2026-02-09T10:00:31Z,2025-06-20,23,R3,0.3515
2026-02-09T10:00:31Z,2025-06-20,24,R3,0.3501
2026-02-09T10:00:31Z,2025-06-20,25,R3,0.3498
2026-02-09T10:00:31Z,2025-06-20,47,R3,0.072
2026-02-09T10:00:31Z,2025-06-20,46,R3,0.069
2026-02-09T10:00:31Z,2025-06-20,45,R3,0.0729
2026-02-09T10:00:31Z,2025-06-20,44,R3,0.0787
2026-02-09T10:00:31Z,2025-06-20,43,R3,0.0799
2026-02-09T10:00:31Z,2025-06-20,42,R3,0.0761
2026-02-09T10:00:31Z,2025-06-20,41,R3,0.0852
2026-02-09T10:00:31Z,2025-06-20,40,R3,0.0883
2026-02-09T10:00:31Z,2025-06-20,39,R3,0.087
2026-02-09T10:00:31Z,2025-06-20,38,R3,0.0985
2026-02-09T10:00:31Z,2025-06-20,37,R3,0.1003
2026-02-09T10:00:31Z,2025-06-20,48,R3,0.0725
2026-02-09T10:00:31Z,2025-06-20,35,R3,0.1425
2026-02-09T10:00:31Z,2025-06-20,34,R3,0.233
2026-02-09T10:00:31Z,2025-06-20,33,R3,0.302
2026-02-09T10:00:31Z,2025-06-20,32,R3,0.3395
2026-02-09T10:00:31Z,2025-06-20,31,R3,0.354
2026-02-09T10:00:31Z,2025-06-20,30,R3,0.3548
2026-02-09T10:00:31Z,2025-06-20,29,R3,0.3642
2026-02-09T10:00:31Z,2025-06-20,28,R3,0.3719
2026-02-09T10:00:31Z,2025-06-20,27,R3,0.365
2026-02-09T10:00:31Z,2025-06-20,26,R3,0.3497
2026-02-09T10:00:31Z,2025-06-20,36,R3,0.1174
2026-02-09T10:00:31Z,2025-06-21,14,R3,0.0728
2026-02-09T10:00:31Z,2025-06-21,15,R3,0.0804
2026-02-09T10:00:31Z,2025-06-21,16,R3,0.0758
2026-02-09T10:00:31Z,2025-06-21,21,R3,0.0826
2026-02-09T10:00:31Z,2025-06-21,18,R3,0.0801
2026-02-09T10:00:31Z,2025-06-21,19,R3,0.0733
2026-02-09T10:00:31Z,2025-06-21,20,R3,0.078
2026-02-09T10:00:31Z,2025-06-21,13,R3,0.0735
2026-02-09T10:00:31Z,2025-06-21,17,R3,0.0795
2026-02-09T10:00:31Z,2025-06-21,12,R3,0.0703
2026-02-09T10:00:31Z,2025-06-21,6,R3,0.0734
2026-02-09T10:00:31Z,2025-06-21,10,R3,0.0752
2026-02-09T10:00:31Z,2025-06-21,9,R3,0.0734
2026-02-09T10:00:31Z,2025-06-21,8,R3,0.0754
2026-02-09T10:00:31Z,2025-06-21,7,R3,0.0758
2026-02-09T10:00:31Z,2025-06-21,5,R3,0.0809
2026-02-09T10:00:31Z,2025-06-21,4,R3,0.0756
2026-02-09T10:00:31Z,2025-06-21,3,R3,0.0697
2026-02-09T10:00:31Z,2025-06-21,2,R3,0.0706
2026-02-09T10:00:31Z,2025-06-21,1,R3,0.0726
2026-02-09T10:00:31Z,2025-06-21,22,R3,0.0726
2026-02-09T10:00:31Z,2025-06-21,11,R3,0.0734
2026-02-09T10:00:31Z,2025-06-21,23,R3,0.0728
2026-02-09T10:00:31Z,2025-06-21,24,R3,0.0723
2026-02-09T10:00:31Z,2025-06-21,25,R3,0.0732
2026-02-09T10:00:31Z,2025-06-21,47,R3,0.0738
2026-02-09T10:00:31Z,2025-06-21,46,R3,0.0801
2026-02-09T10:00:31Z,2025-06-21,45,R3,0.0799
2026-02-09T10:00:31Z,2025-06-21,44,R3,0.0822
2026-02-09T10:00:31Z,2025-06-21,43,R3,0.0773
2026-02-09T10:00:31Z,2025-06-21,42,R3,0.0825
2026-02-09T10:00:31Z,2025-06-21,41,R3,0.0769
2026-02-09T10:00:31Z,2025-06-21,40,R3,0.0729
2026-02-09T10:00:31Z,2025-06-21,39,R3,0.0737
2026-02-09T10:00:31Z,2025-06-21,38,R3,0.0806
2026-02-09T10:00:31Z,2025-06-21,37,R3,0.0739
2026-02-09T10:00:31Z,2025-06-21,48,R3,0.0737
2026-02-09T10:00:31Z,2025-06-21,35,R3,0.0721
2026-02-09T10:00:31Z,2025-06-21,34,R3,0.0737
2026-02-09T10:00:31Z,2025-06-21,33,R3,0.0714
2026-02-09T10:00:31Z,2025-06-21,32,R3,0.0731
2026-02-09T10:00:31Z,2025-06-21,31,R3,0.082
2026-02-09T10:00:31Z,2025-06-21,30,R3,0.0818
2026-02-09T10:00:31Z,2025-06-21,29,R3,0.0779
2026-02-09T10:00:31Z,2025-06-21,28,R3,0.0755
2026-02-09T10:00:31Z,2025-06-21,27,R3,0.0762
2026-02-09T10:00:31Z,2025-06-21,26,R3,0.0762
2026-02-09T10:00:31Z,2025-06-21,36,R3,0.0735
2026-02-09T10:00:31Z,2025-06-22,14,R3,0.0754
2026-02-09T10:00:31Z,2025-06-22,15,R3,0.0772
2026-02-09T10:00:31Z,2025-06-22,16,R3,0.0805
2026-02-09T10:00:31Z,2025-06-22,21,R3,0.0778
2026-02-09T10:00:31Z,2025-06-22,18,R3,0.0756
2026-02-09T10:00:31Z,2025-06-22,19,R3,0.0815
2026-02-09T10:00:31Z,2025-06-22,20,R3,0.0805
2026-02-09T10:00:31Z,2025-06-22,13,R3,0.0752
2026-02-09T10:00:31Z,2025-06-22,17,R3,0.0791
2026-02-09T10:00:31Z,2025-06-22,12,R3,0.0747
2026-02-09T10:00:31Z,2025-06-22,6,R3,0.075
2026-02-09T10:00:31Z,2025-06-22,10,R3,0.0765
2026-02-09T10:00:31Z,2025-06-22,9,R3,0.0749
2026-02-09T10:00:31Z,2025-06-22,8,R3,0.082
2026-02-09T10:00:31Z,2025-06-22,7,R3,0.0817
2026-02-09T10:00:31Z,2025-06-22,5,R3,0.0814
2026-02-09T10:00:31Z,2025-06-22,4,R3,0.0822
2026-02-09T10:00:31Z,2025-06-22,3,R3,0.0836
2026-02-09T10:00:31Z,2025-06-22,2,R3,0.079
2026-02-09T10:00:31Z,2025-06-22,1,R3,0.0795
2026-02-09T10:00:31Z,2025-06-22,22,R3,0.0774
2026-02-09T10:00:31Z,2025-06-22,11,R3,0.075
2026-02-09T10:00:31Z,2025-06-22,23,R3,0.0761
2026-02-09T10:00:31Z,2025-06-22,24,R3,0.0799
2026-02-09T10:00:31Z,2025-06-22,25,R3,0.0754
2026-02-09T10:00:31Z,2025-06-22,47,R3,0.0755
2026-02-09T10:00:31Z,2025-06-22,46,R3,0.0763
2026-02-09T10:00:31Z,2025-06-22,45,R3,0.0718
2026-02-09T10:00:31Z,2025-06-22,44,R3,0.0723
2026-02-09T10:00:31Z,2025-06-22,43,R3,0.0743
2026-02-09T10:00:31Z,2025-06-22,42,R3,0.0822
2026-02-09T10:00:31Z,2025-06-22,41,R3,0.0792
2026-02-09T10:00:31Z,2025-06-22,40,R3,0.077
2026-02-09T10:00:31Z,2025-06-22,39,R3,0.0756
2026-02-09T10:00:31Z,2025-06-22,38,R3,0.0757
2026-02-09T10:00:31Z,2025-06-22,37,R3,0.0749
2026-02-09T10:00:31Z,2025-06-22,48,R3,0.0766
2026-02-09T10:00:31Z,2025-06-22,35,R3,0.0765
2026-02-09T10:00:31Z,2025-06-22,34,R3,0.0766
2026-02-09T10:00:31Z,2025-06-22,33,R3,0.0756
2026-02-09T10:00:31Z,2025-06-22,32,R3,0.0789
2026-02-09T10:00:31Z,2025-06-22,31,R3,0.0802
2026-02-09T10:00:31Z,2025-06-22,30,R3,0.087
2026-02-09T10:00:31Z,2025-06-22,29,R3,0.0783
2026-02-09T10:00:31Z,2025-06-22,28,R3,0.0789
2026-02-09T10:00:31Z,2025-06-22,27,R3,0.0757
2026-02-09T10:00:31Z,2025-06-22,26,R3,0.0734
2026-02-09T10:00:31Z,2025-06-22,36,R3,0.0754
2026-02-09T10:00:31Z,2025-06-23,14,R3,0.2698
2026-02-09T10:00:31Z,2025-06-23,15,R3,0.3054
2026-02-09T10:00:31Z,2025-06-23,16,R3,0.3277
2026-02-09T10:00:31Z,2025-06-23,21,R3,0.3789
2026-02-09T10:00:31Z,2025-06-23,18,R3,0.3544
2026-02-09T10:00:31Z,2025-06-23,19,R3,0.3772
2026-02-09T10:00:31Z,2025-06-23,20,R3,0.3802
2026-02-09T10:00:31Z,2025-06-23,13,R3,0.2552
2026-02-09T10:00:31Z,2025-06-23,17,R3,0.3367
2026-02-09T10:00:31Z,2025-06-23,12,R3,0.2179
2026-02-09T10:00:31Z,2025-06-23,6,R3,0.1549
2026-02-09T10:00:31Z,2025-06-23,10,R3,0.1655
2026-02-09T10:00:31Z,2025-06-23,9,R3,0.1457
2026-02-09T10:00:31Z,2025-06-23,8,R3,0.1447
2026-02-09T10:00:31Z,2025-06-23,7,R3,0.1527
2026-02-09T10:00:31Z,2025-06-23,5,R3,0.1468
2026-02-09T10:00:31Z,2025-06-23,4,R3,0.0908
2026-02-09T10:00:31Z,2025-06-23,3,R3,0.0758
2026-02-09T10:00:31Z,2025-06-23,2,R3,0.0775
2026-02-09T10:00:31Z,2025-06-23,1,R3,0.0762
2026-02-09T10:00:31Z,2025-06-23,22,R3,0.3807
2026-02-09T10:00:31Z,2025-06-23,11,R3,0.1761
2026-02-09T10:00:31Z,2025-06-23,23,R3,0.3927
2026-02-09T10:00:31Z,2025-06-23,24,R3,0.3751
2026-02-09T10:00:31Z,2025-06-23,25,R3,0.3627
2026-02-09T10:00:31Z,2025-06-23,47,R3,0.0763
2026-02-09T10:00:31Z,2025-06-23,46,R3,0.0743
2026-02-09T10:00:31Z,2025-06-23,45,R3,0.0751
2026-02-09T10:00:31Z,2025-06-23,44,R3,0.074
2026-02-09T10:00:31Z,2025-06-23,43,R3,0.0796
2026-02-09T10:00:31Z,2025-06-23,42,R3,0.0881
2026-02-09T10:00:31Z,2025-06-23,41,R3,0.0843
2026-02-09T10:00:31Z,2025-06-23,40,R3,0.0893
2026-02-09T10:00:31Z,2025-06-23,39,R3,0.0862
2026-02-09T10:00:31Z,2025-06-23,38,R3,0.0968
2026-02-09T10:00:31Z,2025-06-23,37,R3,0.1094
2026-02-09T10:00:31Z,2025-06-23,48,R3,0.0762
2026-02-09T10:00:31Z,2025-06-23,35,R3,0.1507
2026-02-09T10:00:31Z,2025-06-23,34,R3,0.2476
2026-02-09T10:00:31Z,2025-06-23,33,R3,0.3111
2026-02-09T10:00:31Z,2025-06-23,32,R3,0.337
2026-02-09T10:00:31Z,2025-06-23,31,R3,0.3607
2026-02-09T10:00:31Z,2025-06-23,30,R3,0.3641
2026-02-09T10:00:31Z,2025-06-23,29,R3,0.3664
2026-02-09T10:00:31Z,2025-06-23,28,R3,0.3744
2026-02-09T10:00:31Z,2025-06-23,27,R3,0.3676
2026-02-09T10:00:31Z,2025-06-23,26,R3,0.3766
2026-02-09T10:00:31Z,2025-06-23,36,R3,0.1298
2026-02-09T10:00:31Z,2025-06-24,14,R3,0.2794
2026-02-09T10:00:31Z,2025-06-24,15,R3,0.3131
2026-02-09T10:00:31Z,2025-06-24,16,R3,0.3252
2026-02-09T10:00:31Z,2025-06-24,21,R3,0.3912
2026-02-09T10:00:31Z,2025-06-24,18,R3,0.3718
2026-02-09T10:00:31Z,2025-06-24,19,R3,0.3824
2026-02-09T10:00:31Z,2025-06-24,20,R3,0.3854
2026-02-09T10:00:31Z,2025-06-24,13,R3,0.262
2026-02-09T10:00:31Z,2025-06-24,17,R3,0.338
2026-02-09T10:00:31Z,2025-06-24,12,R3,0.2124
2026-02-09T10:00:31Z,2025-06-24,6,R3,0.0993
2026-02-09T10:00:31Z,2025-06-24,10,R3,0.1178
2026-02-09T10:00:31Z,2025-06-24,9,R3,0.1133
2026-02-09T10:00:31Z,2025-06-24,8,R3,0.1084
2026-02-09T10:00:31Z,2025-06-24,7,R3,0.1068
2026-02-09T10:00:31Z,2025-06-24,5,R3,0.0942
2026-02-09T10:00:31Z,2025-06-24,4,R3,0.0888
2026-02-09T10:00:31Z,2025-06-24,3,R3,0.0762
2026-02-09T10:00:31Z,2025-06-24,2,R3,0.0699
2026-02-09T10:00:31Z,2025-06-24,1,R3,0.0706
2026-02-09T10:00:31Z,2025-06-24,22,R3,0.4117
2026-02-09T10:00:31Z,2025-06-24,11,R3,0.1467
2026-02-09T10:00:31Z,2025-06-24,23,R3,0.397
2026-02-09T10:00:31Z,2025-06-24,24,R3,0.4045
2026-02-09T10:00:31Z,2025-06-24,25,R3,0.3766
2026-02-09T10:00:31Z,2025-06-24,47,R3,0.0783
2026-02-09T10:00:31Z,2025-06-24,46,R3,0.0747
2026-02-09T10:00:31Z,2025-06-24,45,R3,0.0721
2026-02-09T10:00:31Z,2025-06-24,44,R3,0.0718
2026-02-09T10:00:31Z,2025-06-24,43,R3,0.0844
2026-02-09T10:00:31Z,2025-06-24,42,R3,0.0889
2026-02-09T10:00:31Z,2025-06-24,41,R3,0.0898
2026-02-09T10:00:31Z,2025-06-24,40,R3,0.0846
2026-02-09T10:00:31Z,2025-06-24,39,R3,0.0882
2026-02-09T10:00:31Z,2025-06-24,38,R3,0.0984
2026-02-09T10:00:31Z,2025-06-24,37,R3,0.114
2026-02-09T10:00:31Z,2025-06-24,48,R3,0.0718
2026-02-09T10:00:31Z,2025-06-24,35,R3,0.154
2026-02-09T10:00:31Z,2025-06-24,34,R3,0.2635
2026-02-09T10:00:31Z,2025-06-24,33,R3,0.3416
2026-02-09T10:00:31Z,2025-06-24,32,R3,0.37
2026-02-09T10:00:31Z,2025-06-24,31,R3,0.3742
2026-02-09T10:00:31Z,2025-06-24,30,R3,0.3682
2026-02-09T10:00:31Z,2025-06-24,29,R3,0.3797
2026-02-09T10:00:31Z,2025-06-24,28,R3,0.3542
2026-02-09T10:00:31Z,2025-06-24,27,R3,0.3512
2026-02-09T10:00:31Z,2025-06-24,26,R3,0.3553
2026-02-09T10:00:31Z,2025-06-24,36,R3,0.1328
2026-02-09T10:00:31Z,2025-06-25,14,R3,0.2794
2026-02-09T10:00:31Z,2025-06-25,15,R3,0.3047
2026-02-09T10:00:31Z,2025-06-25,16,R3,0.3255
2026-02-09T10:00:31Z,2025-06-25,21,R3,0.3947
2026-02-09T10:00:31Z,2025-06-25,18,R3,0.3606
2026-02-09T10:00:31Z,2025-06-25,19,R3,0.3888
2026-02-09T10:00:31Z,2025-06-25,20,R3,0.3908
2026-02-09T10:00:31Z,2025-06-25,13,R3,0.2696
2026-02-09T10:00:31Z,2025-06-25,17,R3,0.3388
2026-02-09T10:00:31Z,2025-06-25,12,R3,0.2093
2026-02-09T10:00:31Z,2025-06-25,6,R3,0.1024
2026-02-09T10:00:31Z,2025-06-25,10,R3,0.1276
2026-02-09T10:00:31Z,2025-06-25,9,R3,0.1382
2026-02-09T10:00:31Z,2025-06-25,8,R3,0.1204
2026-02-09T10:00:31Z,2025-06-25,7,R3,0.1009
2026-02-09T10:00:31Z,2025-06-25,5,R3,0.1133
2026-02-09T10:00:31Z,2025-06-25,4,R3,0.0862
2026-02-09T10:00:31Z,2025-06-25,3,R3,0.0705
2026-02-09T10:00:31Z,2025-06-25,2,R3,0.0737
2026-02-09T10:00:31Z,2025-06-25,1,R3,0.0733
2026-02-09T10:00:31Z,2025-06-25,22,R3,0.4031
2026-02-09T10:00:31Z,2025-06-25,11,R3,0.1491
2026-02-09T10:00:31Z,2025-06-25,23,R3,0.4071
2026-02-09T10:00:31Z,2025-06-25,24,R3,0.3975
2026-02-09T10:00:31Z,2025-06-25,25,R3,0.3983
2026-02-09T10:00:31Z,2025-06-25,47,R3,0.0748
2026-02-09T10:00:31Z,2025-06-25,46,R3,0.0749
2026-02-09T10:00:31Z,2025-06-25,45,R3,0.0749
2026-02-09T10:00:31Z,2025-06-25,44,R3,0.0732
2026-02-09T10:00:31Z,2025-06-25,43,R3,0.087
2026-02-09T10:00:31Z,2025-06-25,42,R3,0.0913
2026-02-09T10:00:31Z,2025-06-25,41,R3,0.0904
2026-02-09T10:00:31Z,2025-06-25,40,R3,0.0876
2026-02-09T10:00:31Z,2025-06-25,39,R3,0.0944
2026-02-09T10:00:31Z,2025-06-25,38,R3,0.0999
2026-02-09T10:00:31Z,2025-06-25,37,R3,0.1115
2026-02-09T10:00:31Z,2025-06-25,48,R3,0.0762
2026-02-09T10:00:31Z,2025-06-25,35,R3,0.173
2026-02-09T10:00:31Z,2025-06-25,34,R3,0.2514
2026-02-09T10:00:31Z,2025-06-25,33,R3,0.3049
2026-02-09T10:00:31Z,2025-06-25,32,R3,0.3192
2026-02-09T10:00:31Z,2025-06-25,31,R3,0.3235
2026-02-09T10:00:31Z,2025-06-25,30,R3,0.352
2026-02-09T10:00:31Z,2025-06-25,29,R3,0.3795
2026-02-09T10:00:31Z,2025-06-25,28,R3,0.3819
2026-02-09T10:00:31Z,2025-06-25,27,R3,0.3912
2026-02-09T10:00:31Z,2025-06-25,26,R3,0.393
2026-02-09T10:00:31Z,2025-06-25,36,R3,0.1458
2026-02-09T10:00:31Z,2025-06-26,14,R3,0.2657
2026-02-09T10:00:31Z,2025-06-26,15,R3,0.2933
2026-02-09T10:00:31Z,2025-06-26,16,R3,0.3092
2026-02-09T10:00:31Z,2025-06-26,21,R3,0.3767
2026-02-09T10:00:31Z,2025-06-26,18,R3,0.3562
2026-02-09T10:00:31Z,2025-06-26,19,R3,0.3682
2026-02-09T10:00:31Z,2025-06-26,20,R3,0.3648
2026-02-09T10:00:31Z,2025-06-26,13,R3,0.255
2026-02-09T10:00:31Z,2025-06-26,17,R3,0.3244
2026-02-09T10:00:31Z,2025-06-26,12,R3,0.2226
2026-02-09T10:00:31Z,2025-06-26,6,R3,0.1011
2026-02-09T10:00:31Z,2025-06-26,10,R3,0.146
2026-02-09T10:00:31Z,2025-06-26,9,R3,0.1312
2026-02-09T10:00:31Z,2025-06-26,8,R3,0.1233
2026-02-09T10:00:31Z,2025-06-26,7,R3,0.1211
2026-02-09T10:00:31Z,2025-06-26,5,R3,0.1083
2026-02-09T10:00:31Z,2025-06-26,4,R3,0.0901
2026-02-09T10:00:31Z,2025-06-26,3,R3,0.0728
2026-02-09T10:00:31Z,2025-06-26,2,R3,0.0706
2026-02-09T10:00:31Z,2025-06-26,1,R3,0.0697
2026-02-09T10:00:31Z,2025-06-26,22,R3,0.3834
2026-02-09T10:00:31Z,2025-06-26,11,R3,0.1688
2026-02-09T10:00:31Z,2025-06-26,23,R3,0.3867
2026-02-09T10:00:31Z,2025-06-26,24,R3,0.3602
2026-02-09T10:00:31Z,2025-06-26,25,R3,0.3483
2026-02-09T10:00:31Z,2025-06-26,47,R3,0.0732
2026-02-09T10:00:31Z,2025-06-26,46,R3,0.0714
2026-02-09T10:00:31Z,2025-06-26,45,R3,0.0712
2026-02-09T10:00:31Z,2025-06-26,44,R3,0.0745
2026-02-09T10:00:31Z,2025-06-26,43,R3,0.0781
2026-02-09T10:00:31Z,2025-06-26,42,R3,0.0788
2026-02-09T10:00:31Z,2025-06-26,41,R3,0.0831
2026-02-09T10:00:31Z,2025-06-26,40,R3,0.0849
2026-02-09T10:00:31Z,2025-06-26,39,R3,0.0838
2026-02-09T10:00:31Z,2025-06-26,38,R3,0.0965
2026-02-09T10:00:31Z,2025-06-26,37,R3,0.1066
2026-02-09T10:00:31Z,2025-06-26,48,R3,0.0742
2026-02-09T10:00:31Z,2025-06-26,35,R3,0.1664
2026-02-09T10:00:31Z,2025-06-26,34,R3,0.2583
2026-02-09T10:00:31Z,2025-06-26,33,R3,0.3019
2026-02-09T10:00:31Z,2025-06-26,32,R3,0.3318
2026-02-09T10:00:31Z,2025-06-26,31,R3,0.335
2026-02-09T10:00:31Z,2025-06-26,30,R3,0.3433
2026-02-09T10:00:31Z,2025-06-26,29,R3,0.3431
2026-02-09T10:00:31Z,2025-06-26,28,R3,0.348
2026-02-09T10:00:31Z,2025-06-26,27,R3,0.3557
2026-02-09T10:00:31Z,2025-06-26,26,R3,0.3501
2026-02-09T10:00:31Z,2025-06-26,36,R3,0.1328
2026-02-09T10:00:31Z,2025-06-27,14,R3,0.272
2026-02-09T10:00:31Z,2025-06-27,15,R3,0.3024
2026-02-09T10:00:31Z,2025-06-27,16,R3,0.3146
2026-02-09T10:00:31Z,2025-06-27,21,R3,0.3573
2026-02-09T10:00:31Z,2025-06-27,18,R3,0.3496
2026-02-09T10:00:31Z,2025-06-27,19,R3,0.3622
2026-02-09T10:00:31Z,2025-06-27,20,R3,0.3528
2026-02-09T10:00:31Z,2025-06-27,13,R3,0.2621
2026-02-09T10:00:31Z,2025-06-27,17,R3,0.3244
2026-02-09T10:00:31Z,2025-06-27,12,R3,0.2152
2026-02-09T10:00:31Z,2025-06-27,6,R3,0.1046
2026-02-09T10:00:31Z,2025-06-27,10,R3,0.1408
2026-02-09T10:00:31Z,2025-06-27,9,R3,0.1048
2026-02-09T10:00:31Z,2025-06-27,8,R3,0.1057
2026-02-09T10:00:31Z,2025-06-27,7,R3,0.1073
2026-02-09T10:00:31Z,2025-06-27,5,R3,0.1015
2026-02-09T10:00:31Z,2025-06-27,4,R3,0.0815
2026-02-09T10:00:31Z,2025-06-27,3,R3,0.077
2026-02-09T10:00:31Z,2025-06-27,2,R3,0.0691
2026-02-09T10:00:31Z,2025-06-27,1,R3,0.0741
2026-02-09T10:00:31Z,2025-06-27,22,R3,0.3626
2026-02-09T10:00:31Z,2025-06-27,11,R3,0.1614
2026-02-09T10:00:31Z,2025-06-27,23,R3,0.3712
2026-02-09T10:00:31Z,2025-06-27,48,R3,0.0798
2026-02-09T10:00:31Z,2025-06-27,25,R3,0.3372
2026-02-09T10:00:31Z,2025-06-27,47,R3,0.0777
2026-02-09T10:00:31Z,2025-06-27,46,R3,0.0723
2026-02-09T10:00:31Z,2025-06-27,45,R3,0.0752
2026-02-09T10:00:31Z,2025-06-27,44,R3,0.0721
2026-02-09T10:00:31Z,2025-06-27,43,R3,0.0745
2026-02-09T10:00:31Z,2025-06-27,42,R3,0.079
2026-02-09T10:00:31Z,2025-06-27,41,R3,0.0828
2026-02-09T10:00:31Z,2025-06-27,40,R3,0.0834
2026-02-09T10:00:31Z,2025-06-27,39,R3,0.0922
2026-02-09T10:00:31Z,2025-06-27,38,R3,0.0928
2026-02-09T10:00:31Z,2025-06-27,37,R3,0.0926
2026-02-09T10:00:31Z,2025-06-27,24,R3,0.3421
2026-02-09T10:00:31Z,2025-06-27,35,R3,0.1498
2026-02-09T10:00:31Z,2025-06-27,34,R3,0.2339
2026-02-09T10:00:31Z,2025-06-27,33,R3,0.2576
2026-02-09T10:00:31Z,2025-06-27,32,R3,0.3065
2026-02-09T10:00:31Z,2025-06-27,31,R3,0.322
2026-02-09T10:00:31Z,2025-06-27,30,R3,0.3315
2026-02-09T10:00:31Z,2025-06-27,29,R3,0.3442
2026-02-09T10:00:31Z,2025-06-27,28,R3,0.3467
2026-02-09T10:00:31Z,2025-06-27,27,R3,0.3615
2026-02-09T10:00:31Z,2025-06-27,26,R3,0.3531
2026-02-09T10:00:31Z,2025-06-27,36,R3,0.1179
2026-02-09T10:00:31Z,2025-06-28,14,R3,0.0822
2026-02-09T10:00:31Z,2025-06-28,15,R3,0.085
2026-02-09T10:00:31Z,2025-06-28,16,R3,0.0757
2026-02-09T10:00:31Z,2025-06-28,21,R3,0.0784
2026-02-09T10:00:31Z,2025-06-28,18,R3,0.0862
2026-02-09T10:00:31Z,2025-06-28,19,R3,0.0808
2026-02-09T10:00:31Z,2025-06-28,20,R3,0.0818
2026-02-09T10:00:31Z,2025-06-28,13,R3,0.0783
2026-02-09T10:00:31Z,2025-06-28,17,R3,0.0857
2026-02-09T10:00:31Z,2025-06-28,12,R3,0.0735
2026-02-09T10:00:31Z,2025-06-28,6,R3,0.0733
2026-02-09T10:00:31Z,2025-06-28,10,R3,0.0736
2026-02-09T10:00:31Z,2025-06-28,9,R3,0.0722
2026-02-09T10:00:31Z,2025-06-28,8,R3,0.0787
2026-02-09T10:00:31Z,2025-06-28,7,R3,0.0791
2026-02-09T10:00:31Z,2025-06-28,5,R3,0.0735
2026-02-09T10:00:31Z,2025-06-28,4,R3,0.0808
2026-02-09T10:00:31Z,2025-06-28,3,R3,0.0767
2026-02-09T10:00:31Z,2025-06-28,2,R3,0.0707
2026-02-09T10:00:31Z,2025-06-28,1,R3,0.0724
2026-02-09T10:00:31Z,2025-06-28,22,R3,0.0731
2026-02-09T10:00:31Z,2025-06-28,11,R3,0.0741
2026-02-09T10:00:31Z,2025-06-28,23,R3,0.0722
2026-02-09T10:00:31Z,2025-06-28,24,R3,0.0751
2026-02-09T10:00:31Z,2025-06-28,25,R3,0.0737
2026-02-09T10:00:31Z,2025-06-28,47,R3,0.0815
2026-02-09T10:00:31Z,2025-06-28,46,R3,0.0743
2026-02-09T10:00:31Z,2025-06-28,45,R3,0.0698
2026-02-09T10:00:31Z,2025-06-28,44,R3,0.0721
2026-02-09T10:00:31Z,2025-06-28,43,R3,0.0754
2026-02-09T10:00:31Z,2025-06-28,42,R3,0.0758
2026-02-09T10:00:31Z,2025-06-28,41,R3,0.0715
2026-02-09T10:00:31Z,2025-06-28,40,R3,0.0813
2026-02-09T10:00:31Z,2025-06-28,39,R3,0.0821
2026-02-09T10:00:31Z,2025-06-28,38,R3,0.0776
2026-02-09T10:00:31Z,2025-06-28,37,R3,0.0759
2026-02-09T10:00:31Z,2025-06-28,48,R3,0.0727
2026-02-09T10:00:31Z,2025-06-28,35,R3,0.0758
2026-02-09T10:00:31Z,2025-06-28,34,R3,0.0823
2026-02-09T10:00:31Z,2025-06-28,33,R3,0.0798
2026-02-09T10:00:31Z,2025-06-28,32,R3,0.0741
2026-02-09T10:00:31Z,2025-06-28,31,R3,0.0734
2026-02-09T10:00:31Z,2025-06-28,30,R3,0.0763
2026-02-09T10:00:31Z,2025-06-28,29,R3,0.084
2026-02-09T10:00:31Z,2025-06-28,28,R3,0.0787
2026-02-09T10:00:31Z,2025-06-28,27,R3,0.0857
2026-02-09T10:00:31Z,2025-06-28,26,R3,0.0795
2026-02-09T10:00:31Z,2025-06-28,36,R3,0.0766
2026-02-09T10:00:31Z,2025-06-29,14,R3,0.0712
2026-02-09T10:00:31Z,2025-06-29,15,R3,0.0819
2026-02-09T10:00:31Z,2025-06-29,16,R3,0.0804
2026-02-09T10:00:31Z,2025-06-29,21,R3,0.0724
2026-02-09T10:00:31Z,2025-06-29,18,R3,0.0761
2026-02-09T10:00:31Z,2025-06-29,19,R3,0.0707
2026-02-09T10:00:31Z,2025-06-29,20,R3,0.0728
2026-02-09T10:00:31Z,2025-06-29,13,R3,0.073
2026-02-09T10:00:31Z,2025-06-29,17,R3,0.074
2026-02-09T10:00:31Z,2025-06-29,12,R3,0.073
2026-02-09T10:00:31Z,2025-06-29,6,R3,0.0686
2026-02-09T10:00:31Z,2025-06-29,10,R3,0.0707
2026-02-09T10:00:31Z,2025-06-29,9,R3,0.0732
2026-02-09T10:00:31Z,2025-06-29,8,R3,0.0748
2026-02-09T10:00:31Z,2025-06-29,7,R3,0.0763
2026-02-09T10:00:31Z,2025-06-29,5,R3,0.0698
2026-02-09T10:00:31Z,2025-06-29,4,R3,0.0797
2026-02-09T10:00:31Z,2025-06-29,3,R3,0.0731
2026-02-09T10:00:31Z,2025-06-29,2,R3,0.0708
2026-02-09T10:00:31Z,2025-06-29,1,R3,0.0715
2026-02-09T10:00:31Z,2025-06-29,22,R3,0.0772
2026-02-09T10:00:31Z,2025-06-29,11,R3,0.0748
2026-02-09T10:00:31Z,2025-06-29,23,R3,0.0725
2026-02-09T10:00:31Z,2025-06-29,24,R3,0.0678
2026-02-09T10:00:31Z,2025-06-29,25,R3,0.0671
2026-02-09T10:00:31Z,2025-06-29,47,R3,0.0753
2026-02-09T10:00:31Z,2025-06-29,46,R3,0.0696
2026-02-09T10:00:31Z,2025-06-29,45,R3,0.073
2026-02-09T10:00:31Z,2025-06-29,44,R3,0.0727
2026-02-09T10:00:31Z,2025-06-29,43,R3,0.0719
2026-02-09T10:00:31Z,2025-06-29,42,R3,0.0741
2026-02-09T10:00:31Z,2025-06-29,41,R3,0.0704
2026-02-09T10:00:31Z,2025-06-29,40,R3,0.0744
2026-02-09T10:00:31Z,2025-06-29,39,R3,0.077
2026-02-09T10:00:31Z,2025-06-29,38,R3,0.0789
2026-02-09T10:00:31Z,2025-06-29,37,R3,0.0733
2026-02-09T10:00:31Z,2025-06-29,48,R3,0.0759
2026-02-09T10:00:31Z,2025-06-29,35,R3,0.0695
2026-02-09T10:00:31Z,2025-06-29,34,R3,0.0682
2026-02-09T10:00:31Z,2025-06-29,33,R3,0.0683
2026-02-09T10:00:31Z,2025-06-29,32,R3,0.0697
2026-02-09T10:00:31Z,2025-06-29,31,R3,0.0693
2026-02-09T10:00:31Z,2025-06-29,30,R3,0.0697
2026-02-09T10:00:31Z,2025-06-29,29,R3,0.0727
2026-02-09T10:00:31Z,2025-06-29,28,R3,0.0823
2026-02-09T10:00:31Z,2025-06-29,27,R3,0.0733
2026-02-09T10:00:31Z,2025-06-29,26,R3,0.0743
2026-02-09T10:00:31Z,2025-06-29,36,R3,0.0722
2026-02-09T10:00:31Z,2025-06-30,14,R3,0.2687
2026-02-09T10:00:31Z,2025-06-30,15,R3,0.2943
2026-02-09T10:00:31Z,2025-06-30,16,R3,0.3056
2026-02-09T10:00:31Z,2025-06-30,21,R3,0.388
2026-02-09T10:00:31Z,2025-06-30,18,R3,0.3403
2026-02-09T10:00:31Z,2025-06-30,19,R3,0.3572
2026-02-09T10:00:31Z,2025-06-30,20,R3,0.3746
2026-02-09T10:00:31Z,2025-06-30,13,R3,0.2482
2026-02-09T10:00:31Z,2025-06-30,17,R3,0.3255
2026-02-09T10:00:31Z,2025-06-30,12,R3,0.2373
2026-02-09T10:00:31Z,2025-06-30,6,R3,0.156
2026-02-09T10:00:31Z,2025-06-30,10,R3,0.188
2026-02-09T10:00:31Z,2025-06-30,9,R3,0.1736
2026-02-09T10:00:31Z,2025-06-30,8,R3,0.1713
2026-02-09T10:00:31Z,2025-06-30,7,R3,0.1742
2026-02-09T10:00:31Z,2025-06-30,5,R3,0.1618
2026-02-09T10:00:31Z,2025-06-30,4,R3,0.1121
2026-02-09T10:00:31Z,2025-06-30,3,R3,0.0701
2026-02-09T10:00:31Z,2025-06-30,2,R3,0.0701
2026-02-09T10:00:31Z,2025-06-30,1,R3,0.0719
2026-02-09T10:00:31Z,2025-06-30,22,R3,0.3829
2026-02-09T10:00:31Z,2025-06-30,11,R3,0.2065
2026-02-09T10:00:31Z,2025-06-30,23,R3,0.3757
2026-02-09T10:00:31Z,2025-06-30,24,R3,0.3753
2026-02-09T10:00:31Z,2025-06-30,25,R3,0.3746
2026-02-09T10:00:31Z,2025-06-30,47,R3,0.0785
2026-02-09T10:00:31Z,2025-06-30,46,R3,0.0719
2026-02-09T10:00:31Z,2025-06-30,45,R3,0.0724
2026-02-09T10:00:31Z,2025-06-30,44,R3,0.0766
2026-02-09T10:00:31Z,2025-06-30,43,R3,0.087
2026-02-09T10:00:31Z,2025-06-30,42,R3,0.0769
2026-02-09T10:00:31Z,2025-06-30,41,R3,0.0768
2026-02-09T10:00:31Z,2025-06-30,40,R3,0.0775
2026-02-09T10:00:31Z,2025-06-30,39,R3,0.0866
2026-02-09T10:00:31Z,2025-06-30,38,R3,0.0902
2026-02-09T10:00:31Z,2025-06-30,37,R3,0.104
2026-02-09T10:00:31Z,2025-06-30,48,R3,0.0725
2026-02-09T10:00:31Z,2025-06-30,35,R3,0.1708
2026-02-09T10:00:31Z,2025-06-30,34,R3,0.2823
2026-02-09T10:00:31Z,2025-06-30,33,R3,0.3582
2026-02-09T10:00:31Z,2025-06-30,32,R3,0.3843
2026-02-09T10:00:31Z,2025-06-30,31,R3,0.3794
2026-02-09T10:00:31Z,2025-06-30,30,R3,0.3736
2026-02-09T10:00:31Z,2025-06-30,29,R3,0.3792
2026-02-09T10:00:31Z,2025-06-30,28,R3,0.3772
2026-02-09T10:00:31Z,2025-06-30,27,R3,0.3674
2026-02-09T10:00:31Z,2025-06-30,26,R3,0.3645
2026-02-09T10:00:31Z,2025-06-30,36,R3,0.1373
2026-03-09T10:00:09Z,2025-07-01,14,R3,7.8886
2026-03-09T10:00:09Z,2025-07-01,15,R3,7.9325
2026-03-09T10:00:09Z,2025-07-01,16,R3,8.2311
2026-03-09T10:00:09Z,2025-07-01,21,R3,9.7264
2026-03-09T10:00:09Z,2025-07-01,18,R3,8.7943
2026-03-09T10:00:09Z,2025-07-01,19,R3,9.0415
2026-03-09T10:00:09Z,2025-07-01,20,R3,9.8263
2026-03-09T10:00:09Z,2025-07-01,13,R3,7.7213
2026-03-09T10:00:09Z,2025-07-01,17,R3,8.3072
2026-03-09T10:00:09Z,2025-07-01,12,R3,7.6121
2026-03-09T10:00:09Z,2025-07-01,6,R3,7.7957
2026-03-09T10:00:09Z,2025-07-01,10,R3,7.4775
2026-03-09T10:00:09Z,2025-07-01,9,R3,7.4614
2026-03-09T10:00:09Z,2025-07-01,8,R3,7.457
2026-03-09T10:00:09Z,2025-07-01,7,R3,7.33
2026-03-09T10:00:09Z,2025-07-01,5,R3,7.5837
2026-03-09T10:00:09Z,2025-07-01,4,R3,7.6178
2026-03-09T10:00:09Z,2025-07-01,3,R3,7.5236
2026-03-09T10:00:09Z,2025-07-01,2,R3,7.5641
2026-03-09T10:00:09Z,2025-07-01,1,R3,7.8159
2026-03-09T10:00:09Z,2025-07-01,22,R3,9.5606
2026-03-09T10:00:09Z,2025-07-01,11,R3,7.2628
2026-03-09T10:00:09Z,2025-07-01,23,R3,9.7205
2026-03-09T10:00:09Z,2025-07-01,48,R3,7.6885
2026-03-09T10:00:09Z,2025-07-01,25,R3,10.72
2026-03-09T10:00:09Z,2025-07-01,47,R3,7.6866
2026-03-09T10:00:09Z,2025-07-01,46,R3,7.707
2026-03-09T10:00:09Z,2025-07-01,45,R3,7.5845
2026-03-09T10:00:09Z,2025-07-01,44,R3,7.7809
2026-03-09T10:00:09Z,2025-07-01,43,R3,7.7155
2026-03-09T10:00:09Z,2025-07-01,42,R3,7.9487
2026-03-09T10:00:09Z,2025-07-01,41,R3,8.1136
2026-03-09T10:00:09Z,2025-07-01,40,R3,8.4572
2026-03-09T10:00:09Z,2025-07-01,39,R3,8.7441
2026-03-09T10:00:09Z,2025-07-01,38,R3,9.387
2026-03-09T10:00:09Z,2025-07-01,37,R3,9.8195
2026-03-09T10:00:09Z,2025-07-01,24,R3,10.7443
2026-03-09T10:00:09Z,2025-07-01,35,R3,10.194
2026-03-09T10:00:09Z,2025-07-01,34,R3,11.0839
2026-03-09T10:00:09Z,2025-07-01,33,R3,10.8945
2026-03-09T10:00:09Z,2025-07-01,32,R3,10.1561
2026-03-09T10:00:09Z,2025-07-01,31,R3,10.6956
2026-03-09T10:00:09Z,2025-07-01,30,R3,10.8149
2026-03-09T10:00:09Z,2025-07-01,29,R3,10.6041
2026-03-09T10:00:09Z,2025-07-01,28,R3,11.2354
2026-03-09T10:00:09Z,2025-07-01,27,R3,11.007
2026-03-09T10:00:09Z,2025-07-01,26,R3,11.2352
2026-03-09T10:00:09Z,2025-07-01,36,R3,9.8955
2026-03-09T10:00:09Z,2025-07-02,14,R3,0.3028
2026-03-09T10:00:09Z,2025-07-02,15,R3,0.3272
2026-03-09T10:00:09Z,2025-07-02,16,R3,0.3447
2026-03-09T10:00:09Z,2025-07-02,21,R3,0.3867
2026-03-09T10:00:09Z,2025-07-02,18,R3,0.3694
2026-03-09T10:00:09Z,2025-07-02,19,R3,0.3735
2026-03-09T10:00:09Z,2025-07-02,20,R3,0.378
2026-03-09T10:00:09Z,2025-07-02,13,R3,0.2955
2026-03-09T10:00:09Z,2025-07-02,17,R3,0.3493
2026-03-09T10:00:09Z,2025-07-02,12,R3,0.2222
2026-03-09T10:00:09Z,2025-07-02,6,R3,0.1454
2026-03-09T10:00:09Z,2025-07-02,10,R3,0.1602
2026-03-09T10:00:09Z,2025-07-02,9,R3,0.1508
2026-03-09T10:00:09Z,2025-07-02,8,R3,0.1482
2026-03-09T10:00:09Z,2025-07-02,7,R3,0.1461
2026-03-09T10:00:09Z,2025-07-02,5,R3,0.1487
2026-03-09T10:00:09Z,2025-07-02,4,R3,0.1234
2026-03-09T10:00:09Z,2025-07-02,3,R3,0.1135
2026-03-09T10:00:09Z,2025-07-02,2,R3,0.1023
2026-03-09T10:00:09Z,2025-07-02,1,R3,0.1098
2026-03-09T10:00:09Z,2025-07-02,22,R3,0.3908
2026-03-09T10:00:09Z,2025-07-02,11,R3,0.1671
2026-03-09T10:00:09Z,2025-07-02,23,R3,0.3865
2026-03-09T10:00:09Z,2025-07-02,24,R3,0.3934
2026-03-09T10:00:09Z,2025-07-02,25,R3,0.3972
2026-03-09T10:00:09Z,2025-07-02,47,R3,0.1003
2026-03-09T10:00:09Z,2025-07-02,46,R3,0.1033
2026-03-09T10:00:09Z,2025-07-02,45,R3,0.0949
2026-03-09T10:00:09Z,2025-07-02,44,R3,0.0918
2026-03-09T10:00:09Z,2025-07-02,43,R3,0.1029
2026-03-09T10:00:09Z,2025-07-02,42,R3,0.1071
2026-03-09T10:00:09Z,2025-07-02,41,R3,0.1147
2026-03-09T10:00:09Z,2025-07-02,40,R3,0.1117
2026-03-09T10:00:09Z,2025-07-02,39,R3,0.1104
2026-03-09T10:00:09Z,2025-07-02,38,R3,0.1195
2026-03-09T10:00:09Z,2025-07-02,37,R3,0.1448
2026-03-09T10:00:09Z,2025-07-02,48,R3,0.0962
2026-03-09T10:00:09Z,2025-07-02,35,R3,0.1725
2026-03-09T10:00:09Z,2025-07-02,34,R3,0.2752
2026-03-09T10:00:09Z,2025-07-02,33,R3,0.3496
2026-03-09T10:00:09Z,2025-07-02,32,R3,0.368
2026-03-09T10:00:09Z,2025-07-02,31,R3,0.3798
2026-03-09T10:00:09Z,2025-07-02,30,R3,0.3761
2026-03-09T10:00:09Z,2025-07-02,29,R3,0.388
2026-03-09T10:00:09Z,2025-07-02,28,R3,0.3898
2026-03-09T10:00:09Z,2025-07-02,27,R3,0.38
2026-03-09T10:00:09Z,2025-07-02,26,R3,0.3845
2026-03-09T10:00:09Z,2025-07-02,36,R3,0.1506
2026-03-09T10:00:09Z,2025-07-03,14,R3,8.2543
2026-03-09T10:00:09Z,2025-07-03,15,R3,8.3667
2026-03-09T10:00:09Z,2025-07-03,16,R3,9.4089
2026-03-09T10:00:09Z,2025-07-03,21,R3,13.8746
2026-03-09T10:00:09Z,2025-07-03,18,R3,10.4653
2026-03-09T10:00:09Z,2025-07-03,19,R3,11.7063
2026-03-09T10:00:09Z,2025-07-03,20,R3,12.5352
2026-03-09T10:00:09Z,2025-07-03,13,R3,8.2255
2026-03-09T10:00:09Z,2025-07-03,17,R3,10.3936
2026-03-09T10:00:09Z,2025-07-03,12,R3,8.3016
2026-03-09T10:00:09Z,2025-07-03,6,R3,8.5751
2026-03-09T10:00:09Z,2025-07-03,10,R3,8.4247
2026-03-09T10:00:09Z,2025-07-03,9,R3,8.4284
2026-03-09T10:00:09Z,2025-07-03,8,R3,8.4313
2026-03-09T10:00:09Z,2025-07-03,7,R3,8.3396
2026-03-09T10:00:09Z,2025-07-03,5,R3,8.5711
2026-03-09T10:00:09Z,2025-07-03,4,R3,8.7801
2026-03-09T10:00:09Z,2025-07-03,3,R3,8.6138
2026-03-09T10:00:09Z,2025-07-03,2,R3,8.9845
2026-03-09T10:00:09Z,2025-07-03,1,R3,9.0051
2026-03-09T10:00:09Z,2025-07-03,22,R3,13.2256
2026-03-09T10:00:09Z,2025-07-03,11,R3,8.3873
2026-03-09T10:00:09Z,2025-07-03,23,R3,12.6784
2026-03-09T10:00:09Z,2025-07-03,48,R3,10.6064
2026-03-09T10:00:09Z,2025-07-03,25,R3,13.091
2026-03-09T10:00:09Z,2025-07-03,24,R3,13.0516
2026-03-09T10:00:09Z,2025-07-03,47,R3,10.6276
2026-03-09T10:00:09Z,2025-07-03,46,R3,10.702
2026-03-09T10:00:09Z,2025-07-03,45,R3,10.4203
2026-03-09T10:00:09Z,2025-07-03,44,R3,10.6187
2026-03-09T10:00:09Z,2025-07-03,43,R3,10.6298
2026-03-09T10:00:09Z,2025-07-03,42,R3,11.3373
2026-03-09T10:00:09Z,2025-07-03,40,R3,11.6401
2026-03-09T10:00:09Z,2025-07-03,39,R3,12.1271
2026-03-09T10:00:09Z,2025-07-03,38,R3,12.6207
2026-03-09T10:00:09Z,2025-07-03,37,R3,13.4142
2026-03-09T10:00:09Z,2025-07-03,41,R3,11.2496
2026-03-09T10:00:09Z,2025-07-03,35,R3,13.3813
2026-03-09T10:00:09Z,2025-07-03,36,R3,13.3005
2026-03-09T10:00:09Z,2025-07-03,27,R3,14.81
2026-03-09T10:00:09Z,2025-07-03,28,R3,14.5927
2026-03-09T10:00:09Z,2025-07-03,29,R3,14.0299
2026-03-09T10:00:09Z,2025-07-03,30,R3,13.8067
2026-03-09T10:00:09Z,2025-07-03,26,R3,13.5269
2026-03-09T10:00:09Z,2025-07-03,32,R3,13.5254
2026-03-09T10:00:09Z,2025-07-03,33,R3,13.6994
2026-03-09T10:00:09Z,2025-07-03,34,R3,13.771
2026-03-09T10:00:09Z,2025-07-03,31,R3,13.1943
2026-03-09T10:00:09Z,2025-07-04,13,R3,0.278
2026-03-09T10:00:09Z,2025-07-04,21,R3,0.3469
2026-03-09T10:00:09Z,2025-07-04,20,R3,0.3443
2026-03-09T10:00:09Z,2025-07-04,19,R3,0.351
2026-03-09T10:00:09Z,2025-07-04,18,R3,0.3418
2026-03-09T10:00:09Z,2025-07-04,17,R3,0.3223
2026-03-09T10:00:09Z,2025-07-04,16,R3,0.3145
2026-03-09T10:00:09Z,2025-07-04,15,R3,0.2993
2026-03-09T10:00:09Z,2025-07-04,14,R3,0.2764
2026-03-09T10:00:09Z,2025-07-04,12,R3,0.1868
2026-03-09T10:00:09Z,2025-07-04,22,R3,0.3491
2026-03-09T10:00:09Z,2025-07-04,10,R3,0.1047
2026-03-09T10:00:09Z,2025-07-04,9,R3,0.0998
2026-03-09T10:00:09Z,2025-07-04,8,R3,0.101
2026-03-09T10:00:09Z,2025-07-04,7,R3,0.1057
2026-03-09T10:00:09Z,2025-07-04,6,R3,0.1008
2026-03-09T10:00:09Z,2025-07-04,5,R3,0.1068
2026-03-09T10:00:09Z,2025-07-04,4,R3,0.0933
2026-03-09T10:00:09Z,2025-07-04,3,R3,0.0806
2026-03-09T10:00:09Z,2025-07-04,2,R3,0.0789
2026-03-09T10:00:09Z,2025-07-04,1,R3,0.0775
2026-03-09T10:00:09Z,2025-07-04,11,R3,0.1092
2026-03-09T10:00:09Z,2025-07-04,23,R3,0.3618
2026-03-09T10:00:09Z,2025-07-04,48,R3,0.0902
2026-03-09T10:00:09Z,2025-07-04,25,R3,0.3468
2026-03-09T10:00:09Z,2025-07-04,47,R3,0.0874
2026-03-09T10:00:09Z,2025-07-04,46,R3,0.0842
2026-03-09T10:00:09Z,2025-07-04,45,R3,0.0839
2026-03-09T10:00:09Z,2025-07-04,44,R3,0.0896
2026-03-09T10:00:09Z,2025-07-04,43,R3,0.0849
2026-03-09T10:00:09Z,2025-07-04,42,R3,0.0916
2026-03-09T10:00:09Z,2025-07-04,41,R3,0.0953
2026-03-09T10:00:09Z,2025-07-04,40,R3,0.0956
2026-03-09T10:00:09Z,2025-07-04,39,R3,0.1041
2026-03-09T10:00:09Z,2025-07-04,38,R3,0.0959
2026-03-09T10:00:09Z,2025-07-04,37,R3,0.0948
2026-03-09T10:00:09Z,2025-07-04,24,R3,0.3442
2026-03-09T10:00:09Z,2025-07-04,35,R3,0.1537
2026-03-09T10:00:09Z,2025-07-04,26,R3,0.3575
2026-03-09T10:00:09Z,2025-07-04,27,R3,0.3535
2026-03-09T10:00:09Z,2025-07-04,28,R3,0.3578
2026-03-09T10:00:09Z,2025-07-04,29,R3,0.355
2026-03-09T10:00:09Z,2025-07-04,36,R3,0.1244
2026-03-09T10:00:09Z,2025-07-04,31,R3,0.3403
2026-03-09T10:00:09Z,2025-07-04,32,R3,0.3307
2026-03-09T10:00:09Z,2025-07-04,33,R3,0.3057
2026-03-09T10:00:09Z,2025-07-04,34,R3,0.2382
2026-03-09T10:00:09Z,2025-07-04,30,R3,0.3421
2026-03-09T10:00:09Z,2025-07-05,13,R3,0.0942
2026-03-09T10:00:09Z,2025-07-05,22,R3,0.0882
2026-03-09T10:00:09Z,2025-07-05,21,R3,0.088
2026-03-09T10:00:09Z,2025-07-05,20,R3,0.088
2026-03-09T10:00:09Z,2025-07-05,19,R3,0.0886
2026-03-09T10:00:09Z,2025-07-05,17,R3,0.0875
2026-03-09T10:00:09Z,2025-07-05,16,R3,0.0944
2026-03-09T10:00:09Z,2025-07-05,15,R3,0.0889
2026-03-09T10:00:09Z,2025-07-05,14,R3,0.092
2026-03-09T10:00:09Z,2025-07-05,12,R3,0.0847
2026-03-09T10:00:09Z,2025-07-05,6,R3,0.0879
2026-03-09T10:00:09Z,2025-07-05,10,R3,0.0862
2026-03-09T10:00:09Z,2025-07-05,9,R3,0.0891
2026-03-09T10:00:09Z,2025-07-05,8,R3,0.0812
2026-03-09T10:00:09Z,2025-07-05,7,R3,0.0848
2026-03-09T10:00:09Z,2025-07-05,23,R3,0.0847
2026-03-09T10:00:09Z,2025-07-05,5,R3,0.0859
2026-03-09T10:00:09Z,2025-07-05,4,R3,0.0888
2026-03-09T10:00:09Z,2025-07-05,3,R3,0.0926
2026-03-09T10:00:09Z,2025-07-05,2,R3,0.0869
2026-03-09T10:00:09Z,2025-07-05,1,R3,0.0851
2026-03-09T10:00:09Z,2025-07-05,11,R3,0.0827
2026-03-09T10:00:09Z,2025-07-05,24,R3,0.0833
2026-03-09T10:00:09Z,2025-07-05,18,R3,0.0874
2026-03-09T10:00:09Z,2025-07-05,26,R3,0.0893
2026-03-09T10:00:09Z,2025-07-05,25,R3,0.0851
2026-03-09T10:00:09Z,2025-07-05,47,R3,0.0823
2026-03-09T10:00:09Z,2025-07-05,46,R3,0.0823
2026-03-09T10:00:09Z,2025-07-05,45,R3,0.082
2026-03-09T10:00:09Z,2025-07-05,44,R3,0.0819
2026-03-09T10:00:09Z,2025-07-05,43,R3,0.0834
2026-03-09T10:00:09Z,2025-07-05,42,R3,0.0801
2026-03-09T10:00:09Z,2025-07-05,41,R3,0.083
2026-03-09T10:00:09Z,2025-07-05,40,R3,0.086
2026-03-09T10:00:09Z,2025-07-05,39,R3,0.0912
2026-03-09T10:00:09Z,2025-07-05,38,R3,0.0952
2026-03-09T10:00:09Z,2025-07-05,48,R3,0.0836
2026-03-09T10:00:09Z,2025-07-05,36,R3,0.0846
2026-03-09T10:00:09Z,2025-07-05,37,R3,0.086
2026-03-09T10:00:09Z,2025-07-05,28,R3,0.0836
2026-03-09T10:00:09Z,2025-07-05,29,R3,0.0884
2026-03-09T10:00:09Z,2025-07-05,30,R3,0.0843
2026-03-09T10:00:09Z,2025-07-05,27,R3,0.0845
2026-03-09T10:00:09Z,2025-07-05,32,R3,0.0798
2026-03-09T10:00:09Z,2025-07-05,33,R3,0.083
2026-03-09T10:00:09Z,2025-07-05,34,R3,0.0834
2026-03-09T10:00:09Z,2025-07-05,35,R3,0.0851
2026-03-09T10:00:09Z,2025-07-05,31,R3,0.0824
2026-03-09T10:00:09Z,2025-07-06,22,R3,13.6242
2026-03-09T10:00:09Z,2025-07-06,13,R3,9.6455
2026-03-09T10:00:09Z,2025-07-06,21,R3,13.5983
2026-03-09T10:00:09Z,2025-07-06,20,R3,12.3132
2026-03-09T10:00:09Z,2025-07-06,19,R3,12.5276
2026-03-09T10:00:09Z,2025-07-06,17,R3,10.4771
2026-03-09T10:00:09Z,2025-07-06,16,R3,10.8884
2026-03-09T10:00:09Z,2025-07-06,15,R3,10.4949
2026-03-09T10:00:09Z,2025-07-06,14,R3,10.0186
2026-03-09T10:00:09Z,2025-07-06,12,R3,9.3438
2026-03-09T10:00:09Z,2025-07-06,6,R3,9.8278
2026-03-09T10:00:09Z,2025-07-06,10,R3,9.3877
2026-03-09T10:00:09Z,2025-07-06,9,R3,9.5061
2026-03-09T10:00:09Z,2025-07-06,8,R3,9.5852
2026-03-09T10:00:09Z,2025-07-06,7,R3,10.0277
2026-03-09T10:00:09Z,2025-07-06,5,R3,9.7499
2026-03-09T10:00:09Z,2025-07-06,4,R3,9.8015
2026-03-09T10:00:09Z,2025-07-06,3,R3,9.9328
2026-03-09T10:00:09Z,2025-07-06,2,R3,10.4795
2026-03-09T10:00:09Z,2025-07-06,1,R3,10.8716
2026-03-09T10:00:09Z,2025-07-06,23,R3,13.2923
2026-03-09T10:00:09Z,2025-07-06,11,R3,9.2432
2026-03-09T10:00:09Z,2025-07-06,24,R3,13.6897
2026-03-09T10:00:09Z,2025-07-06,18,R3,10.8065
2026-03-09T10:00:09Z,2025-07-06,26,R3,14.0535
2026-03-09T10:00:09Z,2025-07-06,47,R3,10.2205
2026-03-09T10:00:09Z,2025-07-06,46,R3,10.1779
2026-03-09T10:00:09Z,2025-07-06,45,R3,10.0657
2026-03-09T10:00:09Z,2025-07-06,44,R3,9.8079
2026-03-09T10:00:09Z,2025-07-06,43,R3,9.724
2026-03-09T10:00:09Z,2025-07-06,42,R3,10.1044
2026-03-09T10:00:09Z,2025-07-06,41,R3,10.5235
2026-03-09T10:00:09Z,2025-07-06,40,R3,10.8773
2026-03-09T10:00:09Z,2025-07-06,39,R3,11.6189
2026-03-09T10:00:09Z,2025-07-06,38,R3,11.9663
2026-03-09T10:00:09Z,2025-07-06,37,R3,12.1404
2026-03-09T10:00:09Z,2025-07-06,25,R3,12.9249
2026-03-09T10:00:09Z,2025-07-06,35,R3,13.0241
2026-03-09T10:00:09Z,2025-07-06,34,R3,13.5066
2026-03-09T10:00:09Z,2025-07-06,33,R3,13.1571
2026-03-09T10:00:09Z,2025-07-06,32,R3,15.2997
2026-03-09T10:00:09Z,2025-07-06,31,R3,14.7144
2026-03-09T10:00:09Z,2025-07-06,48,R3,10.1804
2026-03-09T10:00:09Z,2025-07-06,30,R3,15.0771
2026-03-09T10:00:09Z,2025-07-06,29,R3,14.9989
2026-03-09T10:00:09Z,2025-07-06,28,R3,15.3747
2026-03-09T10:00:09Z,2025-07-06,27,R3,16.1924
2026-03-09T10:00:09Z,2025-07-06,36,R3,12.689
2026-03-09T10:00:09Z,2025-07-07,15,R3,0.325
2026-03-09T10:00:09Z,2025-07-07,16,R3,0.3552
2026-03-09T10:00:09Z,2025-07-07,17,R3,0.3608
2026-03-09T10:00:09Z,2025-07-07,22,R3,0.3867
2026-03-09T10:00:09Z,2025-07-07,19,R3,0.376
2026-03-09T10:00:09Z,2025-07-07,20,R3,0.3791
2026-03-09T10:00:09Z,2025-07-07,21,R3,0.3868
2026-03-09T10:00:09Z,2025-07-07,14,R3,0.3197
2026-03-09T10:00:09Z,2025-07-07,18,R3,0.3757
2026-03-09T10:00:09Z,2025-07-07,13,R3,0.3016
2026-03-09T10:00:09Z,2025-07-07,7,R3,0.1063
2026-03-09T10:00:09Z,2025-07-07,11,R3,0.1084
2026-03-09T10:00:09Z,2025-07-07,10,R3,0.1103
2026-03-09T10:00:09Z,2025-07-07,9,R3,0.1076
2026-03-09T10:00:09Z,2025-07-07,8,R3,0.107
2026-03-09T10:00:09Z,2025-07-07,6,R3,0.1123
2026-03-09T10:00:09Z,2025-07-07,5,R3,0.1053
2026-03-09T10:00:09Z,2025-07-07,4,R3,0.0878
2026-03-09T10:00:09Z,2025-07-07,3,R3,0.0898
2026-03-09T10:00:09Z,2025-07-07,2,R3,0.0945
2026-03-09T10:00:09Z,2025-07-07,23,R3,0.3947
2026-03-09T10:00:09Z,2025-07-07,12,R3,0.1932
2026-03-09T10:00:09Z,2025-07-07,1,R3,0.08
2026-03-09T10:00:09Z,2025-07-07,24,R3,0.3816
2026-03-09T10:00:09Z,2025-07-07,26,R3,0.3741
2026-03-09T10:00:09Z,2025-07-07,25,R3,0.3889
2026-03-09T10:00:09Z,2025-07-07,48,R3,0.0804
2026-03-09T10:00:09Z,2025-07-07,47,R3,0.0781
2026-03-09T10:00:09Z,2025-07-07,46,R3,0.0771
2026-03-09T10:00:09Z,2025-07-07,45,R3,0.0769
2026-03-09T10:00:09Z,2025-07-07,44,R3,0.0817
2026-03-09T10:00:09Z,2025-07-07,43,R3,0.0816
2026-03-09T10:00:09Z,2025-07-07,41,R3,0.0772
2026-03-09T10:00:09Z,2025-07-07,40,R3,0.0833
2026-03-09T10:00:09Z,2025-07-07,39,R3,0.0857
2026-03-09T10:00:09Z,2025-07-07,38,R3,0.0926
2026-03-09T10:00:09Z,2025-07-07,42,R3,0.0881
2026-03-09T10:00:09Z,2025-07-07,36,R3,0.1243
2026-03-09T10:00:09Z,2025-07-07,37,R3,0.1062
2026-03-09T10:00:09Z,2025-07-07,28,R3,0.3528
2026-03-09T10:00:09Z,2025-07-07,29,R3,0.3431
2026-03-09T10:00:09Z,2025-07-07,30,R3,0.3539
2026-03-09T10:00:09Z,2025-07-07,31,R3,0.3792
2026-03-09T10:00:09Z,2025-07-07,27,R3,0.3485
2026-03-09T10:00:09Z,2025-07-07,33,R3,0.3122
2026-03-09T10:00:09Z,2025-07-07,34,R3,0.2424
2026-03-09T10:00:09Z,2025-07-07,35,R3,0.1422
2026-03-09T10:00:09Z,2025-07-07,32,R3,0.3527
2026-03-09T10:00:09Z,2025-07-08,13,R3,9.4794
2026-03-09T10:00:09Z,2025-07-08,21,R3,11.711
2026-03-09T10:00:09Z,2025-07-08,20,R3,11.3422
2026-03-09T10:00:09Z,2025-07-08,19,R3,11.6282
2026-03-09T10:00:09Z,2025-07-08,18,R3,11.0496
2026-03-09T10:00:09Z,2025-07-08,17,R3,10.1982
2026-03-09T10:00:09Z,2025-07-08,16,R3,9.954
2026-03-09T10:00:09Z,2025-07-08,15,R3,9.2036
2026-03-09T10:00:09Z,2025-07-08,14,R3,8.8088
2026-03-09T10:00:09Z,2025-07-08,12,R3,9.8016
2026-03-09T10:00:09Z,2025-07-08,1,R3,11.7569
2026-03-09T10:00:09Z,2025-07-08,10,R3,9.7688
2026-03-09T10:00:09Z,2025-07-08,9,R3,9.856
2026-03-09T10:00:09Z,2025-07-08,8,R3,10.6866
2026-03-09T10:00:09Z,2025-07-08,7,R3,10.8769
2026-03-09T10:00:09Z,2025-07-08,22,R3,13.1273
2026-03-09T10:00:09Z,2025-07-08,6,R3,11.5749
2026-03-09T10:00:09Z,2025-07-08,5,R3,11.5624
2026-03-09T10:00:09Z,2025-07-08,4,R3,12.0199
2026-03-09T10:00:09Z,2025-07-08,3,R3,11.7921
2026-03-09T10:00:09Z,2025-07-08,2,R3,12.0488
2026-03-09T10:00:09Z,2025-07-08,11,R3,9.6065
2026-03-09T10:00:09Z,2025-07-08,23,R3,12.3053
2026-03-09T10:00:09Z,2025-07-08,42,R3,9.1598
2026-03-09T10:00:09Z,2025-07-08,25,R3,14.0008
2026-03-09T10:00:09Z,2025-07-08,24,R3,13.55
2026-03-09T10:00:09Z,2025-07-08,47,R3,8.9895
2026-03-09T10:00:09Z,2025-07-08,46,R3,8.8367
2026-03-09T10:00:09Z,2025-07-08,45,R3,8.8719
2026-03-09T10:00:09Z,2025-07-08,44,R3,8.8391
2026-03-09T10:00:09Z,2025-07-08,43,R3,8.7744
2026-03-09T10:00:09Z,2025-07-08,41,R3,9.3659
2026-03-09T10:00:09Z,2025-07-08,40,R3,9.7468
2026-03-09T10:00:09Z,2025-07-08,39,R3,10.6503
2026-03-09T10:00:09Z,2025-07-08,38,R3,11.336
2026-03-09T10:00:09Z,2025-07-08,37,R3,12.0998
2026-03-09T10:00:09Z,2025-07-08,48,R3,9.5153
2026-03-09T10:00:09Z,2025-07-08,35,R3,13.0638
2026-03-09T10:00:09Z,2025-07-08,36,R3,12.6707
2026-03-09T10:00:09Z,2025-07-08,27,R3,13.4724
2026-03-09T10:00:09Z,2025-07-08,28,R3,13.5371
2026-03-09T10:00:09Z,2025-07-08,29,R3,13.7896
2026-03-09T10:00:09Z,2025-07-08,26,R3,14.065
2026-03-09T10:00:09Z,2025-07-08,31,R3,14.283
2026-03-09T10:00:09Z,2025-07-08,32,R3,14.2203
2026-03-09T10:00:09Z,2025-07-08,33,R3,14.0518
2026-03-09T10:00:09Z,2025-07-08,34,R3,13.7036
2026-03-09T10:00:09Z,2025-07-08,30,R3,13.9454
2026-03-09T10:00:09Z,2025-07-09,13,R3,0.2709
2026-03-09T10:00:09Z,2025-07-09,22,R3,0.3976
2026-03-09T10:00:09Z,2025-07-09,21,R3,0.3994
2026-03-09T10:00:09Z,2025-07-09,20,R3,0.4027
2026-03-09T10:00:09Z,2025-07-09,19,R3,0.3898
2026-03-09T10:00:09Z,2025-07-09,17,R3,0.3484
2026-03-09T10:00:09Z,2025-07-09,16,R3,0.3337
2026-03-09T10:00:09Z,2025-07-09,15,R3,0.2968
2026-03-09T10:00:09Z,2025-07-09,14,R3,0.2769
2026-03-09T10:00:09Z,2025-07-09,12,R3,0.1393
2026-03-09T10:00:09Z,2025-07-09,6,R3,0.0744
2026-03-09T10:00:09Z,2025-07-09,10,R3,0.0713
2026-03-09T10:00:09Z,2025-07-09,9,R3,0.0747
2026-03-09T10:00:09Z,2025-07-09,8,R3,0.0714
2026-03-09T10:00:09Z,2025-07-09,7,R3,0.07
2026-03-09T10:00:09Z,2025-07-09,23,R3,0.4098
2026-03-09T10:00:09Z,2025-07-09,5,R3,0.0715
2026-03-09T10:00:09Z,2025-07-09,4,R3,0.0702
2026-03-09T10:00:09Z,2025-07-09,3,R3,0.0702
2026-03-09T10:00:09Z,2025-07-09,2,R3,0.073
2026-03-09T10:00:09Z,2025-07-09,1,R3,0.0711
2026-03-09T10:00:09Z,2025-07-09,11,R3,0.0697
2026-03-09T10:00:09Z,2025-07-09,24,R3,0.384
2026-03-09T10:00:09Z,2025-07-09,18,R3,0.3616
2026-03-09T10:00:09Z,2025-07-09,26,R3,0.3467
2026-03-09T10:00:09Z,2025-07-09,25,R3,0.3528
2026-03-09T10:00:09Z,2025-07-09,47,R3,0.0697
2026-03-09T10:00:09Z,2025-07-09,46,R3,0.0769
2026-03-09T10:00:09Z,2025-07-09,45,R3,0.0784
2026-03-09T10:00:09Z,2025-07-09,44,R3,0.0763
2026-03-09T10:00:09Z,2025-07-09,43,R3,0.0785
2026-03-09T10:00:09Z,2025-07-09,42,R3,0.0855
2026-03-09T10:00:09Z,2025-07-09,41,R3,0.0834
2026-03-09T10:00:09Z,2025-07-09,40,R3,0.0841
2026-03-09T10:00:09Z,2025-07-09,39,R3,0.0827
2026-03-09T10:00:09Z,2025-07-09,38,R3,0.088
2026-03-09T10:00:09Z,2025-07-09,48,R3,0.0709
2026-03-09T10:00:09Z,2025-07-09,36,R3,0.1235
2026-03-09T10:00:09Z,2025-07-09,37,R3,0.1069
2026-03-09T10:00:09Z,2025-07-09,28,R3,0.3685
2026-03-09T10:00:09Z,2025-07-09,29,R3,0.3751
2026-03-09T10:00:09Z,2025-07-09,30,R3,0.3568
2026-03-09T10:00:09Z,2025-07-09,27,R3,0.362
2026-03-09T10:00:09Z,2025-07-09,32,R3,0.3411
2026-03-09T10:00:09Z,2025-07-09,33,R3,0.3147
2026-03-09T10:00:09Z,2025-07-09,34,R3,0.2361
2026-03-09T10:00:09Z,2025-07-09,35,R3,0.1451
2026-03-09T10:00:09Z,2025-07-09,31,R3,0.3551
2026-03-09T10:00:09Z,2025-07-10,21,R3,12.1111
2026-03-09T10:00:09Z,2025-07-10,13,R3,8.1226
2026-03-09T10:00:09Z,2025-07-10,20,R3,11.8353
2026-03-09T10:00:09Z,2025-07-10,19,R3,11.0771
2026-03-09T10:00:09Z,2025-07-10,18,R3,10.5712
2026-03-09T10:00:09Z,2025-07-10,17,R3,9.9259
2026-03-09T10:00:09Z,2025-07-10,16,R3,9.3228
2026-03-09T10:00:09Z,2025-07-10,15,R3,8.7235
2026-03-09T10:00:09Z,2025-07-10,14,R3,8.2366
2026-03-09T10:00:09Z,2025-07-10,12,R3,8.1429
2026-03-09T10:00:09Z,2025-07-10,1,R3,8.3202
2026-03-09T10:00:09Z,2025-07-10,10,R3,8.0701
2026-03-09T10:00:09Z,2025-07-10,9,R3,8.099
2026-03-09T10:00:09Z,2025-07-10,8,R3,8.0889
2026-03-09T10:00:09Z,2025-07-10,7,R3,8.1485
2026-03-09T10:00:09Z,2025-07-10,6,R3,7.7698
2026-03-09T10:00:09Z,2025-07-10,5,R3,7.9955
2026-03-09T10:00:09Z,2025-07-10,4,R3,8.0182
2026-03-09T10:00:09Z,2025-07-10,3,R3,8.0544
2026-03-09T10:00:09Z,2025-07-10,2,R3,8.1225
2026-03-09T10:00:09Z,2025-07-10,22,R3,12.5512
2026-03-09T10:00:09Z,2025-07-10,11,R3,7.8521
2026-03-09T10:00:09Z,2025-07-10,23,R3,12.857
2026-03-09T10:00:09Z,2025-07-10,42,R3,7.6667
2026-03-09T10:00:09Z,2025-07-10,25,R3,12.9354
2026-03-09T10:00:09Z,2025-07-10,24,R3,12.8861
2026-03-09T10:00:09Z,2025-07-10,47,R3,7.2214
2026-03-09T10:00:09Z,2025-07-10,46,R3,7.3665
2026-03-09T10:00:09Z,2025-07-10,45,R3,7.3874
2026-03-09T10:00:09Z,2025-07-10,44,R3,7.5175
2026-03-09T10:00:09Z,2025-07-10,43,R3,7.5103
2026-03-09T10:00:09Z,2025-07-10,41,R3,7.9529
2026-03-09T10:00:09Z,2025-07-10,40,R3,8.2752
2026-03-09T10:00:09Z,2025-07-10,39,R3,8.751
2026-03-09T10:00:09Z,2025-07-10,38,R3,9.5064
2026-03-09T10:00:09Z,2025-07-10,37,R3,10.2534
2026-03-09T10:00:09Z,2025-07-10,48,R3,7.0779
2026-03-09T10:00:09Z,2025-07-10,35,R3,11.8047
2026-03-09T10:00:09Z,2025-07-10,36,R3,11.0541
2026-03-09T10:00:09Z,2025-07-10,27,R3,13.6118
2026-03-09T10:00:09Z,2025-07-10,28,R3,13.7777
2026-03-09T10:00:09Z,2025-07-10,29,R3,14.1584
2026-03-09T10:00:09Z,2025-07-10,26,R3,13.1301
2026-03-09T10:00:09Z,2025-07-10,31,R3,13.0902
2026-03-09T10:00:09Z,2025-07-10,32,R3,12.6586
2026-03-09T10:00:09Z,2025-07-10,33,R3,12.6222
2026-03-09T10:00:09Z,2025-07-10,34,R3,12.3897
2026-03-09T10:00:09Z,2025-07-10,30,R3,13.8868
2026-03-09T10:00:09Z,2025-07-11,22,R3,11.5067
2026-03-09T10:00:09Z,2025-07-11,14,R3,7.613
2026-03-09T10:00:09Z,2025-07-11,21,R3,11.099
2026-03-09T10:00:09Z,2025-07-11,20,R3,10.7221
2026-03-09T10:00:09Z,2025-07-11,19,R3,9.4759
2026-03-09T10:00:09Z,2025-07-11,18,R3,8.7671
2026-03-09T10:00:09Z,2025-07-11,17,R3,8.3308
2026-03-09T10:00:09Z,2025-07-11,16,R3,8.4932
2026-03-09T10:00:09Z,2025-07-11,15,R3,8.015
2026-03-09T10:00:09Z,2025-07-11,13,R3,7.4605
2026-03-09T10:00:09Z,2025-07-11,7,R3,7.654
2026-03-09T10:00:09Z,2025-07-11,11,R3,7.4338
2026-03-09T10:00:09Z,2025-07-11,10,R3,7.4674
2026-03-09T10:00:09Z,2025-07-11,9,R3,7.5417
2026-03-09T10:00:09Z,2025-07-11,8,R3,7.7539
2026-03-09T10:00:09Z,2025-07-11,6,R3,7.4665
2026-03-09T10:00:09Z,2025-07-11,5,R3,7.2307
2026-03-09T10:00:09Z,2025-07-11,4,R3,7.2802
2026-03-09T10:00:09Z,2025-07-11,3,R3,7.1076
2026-03-09T10:00:09Z,2025-07-11,2,R3,7.1575
2026-03-09T10:00:09Z,2025-07-11,23,R3,11.7808
2026-03-09T10:00:09Z,2025-07-11,12,R3,7.4683
2026-03-09T10:00:09Z,2025-07-11,1,R3,7.1272
2026-03-09T10:00:09Z,2025-07-11,24,R3,11.9217
2026-03-09T10:00:09Z,2025-07-11,26,R3,12.5226
2026-03-09T10:00:09Z,2025-07-11,48,R3,7.8043
2026-03-09T10:00:09Z,2025-07-11,47,R3,7.6988
2026-03-09T10:00:09Z,2025-07-11,46,R3,7.921
2026-03-09T10:00:09Z,2025-07-11,45,R3,7.8682
2026-03-09T10:00:09Z,2025-07-11,44,R3,8.0597
2026-03-09T10:00:09Z,2025-07-11,43,R3,8.0679
2026-03-09T10:00:09Z,2025-07-11,42,R3,8.292
2026-03-09T10:00:09Z,2025-07-11,41,R3,8.3249
2026-03-09T10:00:09Z,2025-07-11,40,R3,8.5346
2026-03-09T10:00:09Z,2025-07-11,39,R3,8.9389
2026-03-09T10:00:09Z,2025-07-11,38,R3,9.4198
2026-03-09T10:00:09Z,2025-07-11,25,R3,12.1008
2026-03-09T10:00:09Z,2025-07-11,36,R3,10.7094
2026-03-09T10:00:09Z,2025-07-11,35,R3,11.3882
2026-03-09T10:00:09Z,2025-07-11,34,R3,11.806
2026-03-09T10:00:09Z,2025-07-11,33,R3,12.1961
2026-03-09T10:00:09Z,2025-07-11,32,R3,12.5208
2026-03-09T10:00:09Z,2025-07-11,31,R3,11.9637
2026-03-09T10:00:09Z,2025-07-11,30,R3,12.719
2026-03-09T10:00:09Z,2025-07-11,29,R3,12.7465
2026-03-09T10:00:09Z,2025-07-11,28,R3,12.7234
2026-03-09T10:00:09Z,2025-07-11,27,R3,12.42
2026-03-09T10:00:09Z,2025-07-11,37,R3,9.8683
2026-03-09T10:00:09Z,2025-07-12,14,R3,0.278
2026-03-09T10:00:09Z,2025-07-12,15,R3,0.2596
2026-03-09T10:00:09Z,2025-07-12,16,R3,0.2607
2026-03-09T10:00:09Z,2025-07-12,21,R3,0.184
2026-03-09T10:00:09Z,2025-07-12,18,R3,0.2134
2026-03-09T10:00:09Z,2025-07-12,19,R3,0.2516
2026-03-09T10:00:09Z,2025-07-12,20,R3,0.2183
2026-03-09T10:00:09Z,2025-07-12,13,R3,0.2617
2026-03-09T10:00:09Z,2025-07-12,17,R3,0.252
2026-03-09T10:00:09Z,2025-07-12,12,R3,0.2672
2026-03-09T10:00:09Z,2025-07-12,6,R3,0.2787
2026-03-09T10:00:09Z,2025-07-12,10,R3,0.2766
2026-03-09T10:00:09Z,2025-07-12,9,R3,0.2747
2026-03-09T10:00:09Z,2025-07-12,8,R3,0.2848
2026-03-09T10:00:09Z,2025-07-12,7,R3,0.2822
2026-03-09T10:00:09Z,2025-07-12,5,R3,0.2767
2026-03-09T10:00:09Z,2025-07-12,4,R3,0.2767
2026-03-09T10:00:09Z,2025-07-12,3,R3,0.2767
2026-03-09T10:00:09Z,2025-07-12,2,R3,0.2838
2026-03-09T10:00:09Z,2025-07-12,1,R3,0.2906
2026-03-09T10:00:09Z,2025-07-12,22,R3,0.162
2026-03-09T10:00:09Z,2025-07-12,11,R3,0.2686
2026-03-09T10:00:09Z,2025-07-12,23,R3,0.1699
2026-03-09T10:00:09Z,2025-07-12,24,R3,0.1648
2026-03-09T10:00:09Z,2025-07-12,25,R3,0.1611
2026-03-09T10:00:09Z,2025-07-12,47,R3,0.2845
2026-03-09T10:00:09Z,2025-07-12,46,R3,0.281
2026-03-09T10:00:09Z,2025-07-12,45,R3,0.2821
2026-03-09T10:00:09Z,2025-07-12,44,R3,0.281
2026-03-09T10:00:09Z,2025-07-12,43,R3,0.2897
2026-03-09T10:00:09Z,2025-07-12,42,R3,0.2915
2026-03-09T10:00:09Z,2025-07-12,41,R3,0.2835
2026-03-09T10:00:09Z,2025-07-12,40,R3,0.2794
2026-03-09T10:00:09Z,2025-07-12,39,R3,0.2519
2026-03-09T10:00:09Z,2025-07-12,38,R3,0.2169
2026-03-09T10:00:09Z,2025-07-12,37,R3,0.2062
2026-03-09T10:00:09Z,2025-07-12,48,R3,0.2753
2026-03-09T10:00:09Z,2025-07-12,35,R3,0.2226
2026-03-09T10:00:09Z,2025-07-12,34,R3,0.2557
2026-03-09T10:00:09Z,2025-07-12,33,R3,0.2796
2026-03-09T10:00:09Z,2025-07-12,32,R3,0.2722
2026-03-09T10:00:09Z,2025-07-12,31,R3,0.2787
2026-03-09T10:00:09Z,2025-07-12,30,R3,0.2661
2026-03-09T10:00:09Z,2025-07-12,29,R3,0.2401
2026-03-09T10:00:09Z,2025-07-12,28,R3,0.1357
2026-03-09T10:00:09Z,2025-07-12,27,R3,0.1582
2026-03-09T10:00:09Z,2025-07-12,26,R3,0.1591
2026-03-09T10:00:09Z,2025-07-12,36,R3,0.203
2026-03-09T10:00:09Z,2025-07-13,14,R3,0.273
2026-03-09T10:00:09Z,2025-07-13,15,R3,0.2515
2026-03-09T10:00:09Z,2025-07-13,16,R3,0.2376
2026-03-09T10:00:09Z,2025-07-13,21,R3,0.2133
2026-03-09T10:00:09Z,2025-07-13,18,R3,0.2766
2026-03-09T10:00:09Z,2025-07-13,19,R3,0.2526
2026-03-09T10:00:09Z,2025-07-13,20,R3,0.2256
2026-03-09T10:00:09Z,2025-07-13,13,R3,0.2666
2026-03-09T10:00:09Z,2025-07-13,17,R3,0.2888
2026-03-09T10:00:09Z,2025-07-13,12,R3,0.2743
2026-03-09T10:00:09Z,2025-07-13,6,R3,0.2769
2026-03-09T10:00:09Z,2025-07-13,10,R3,0.2719
2026-03-09T10:00:09Z,2025-07-13,9,R3,0.2778
2026-03-09T10:00:09Z,2025-07-13,8,R3,0.2758
2026-03-09T10:00:09Z,2025-07-13,7,R3,0.2868
2026-03-09T10:00:09Z,2025-07-13,5,R3,0.2805
2026-03-09T10:00:09Z,2025-07-13,4,R3,0.2817
2026-03-09T10:00:09Z,2025-07-13,3,R3,0.2785
2026-03-09T10:00:09Z,2025-07-13,2,R3,0.2836
2026-03-09T10:00:09Z,2025-07-13,1,R3,0.2779
2026-03-09T10:00:09Z,2025-07-13,22,R3,0.2019
2026-03-09T10:00:09Z,2025-07-13,11,R3,0.2722
2026-03-09T10:00:09Z,2025-07-13,23,R3,0.1925
2026-03-09T10:00:09Z,2025-07-13,24,R3,0.1986
2026-03-09T10:00:09Z,2025-07-13,25,R3,0.2079
2026-03-09T10:00:09Z,2025-07-13,47,R3,0.2751
2026-03-09T10:00:09Z,2025-07-13,46,R3,0.2785
2026-03-09T10:00:09Z,2025-07-13,45,R3,0.2779
2026-03-09T10:00:09Z,2025-07-13,44,R3,0.2773
2026-03-09T10:00:09Z,2025-07-13,43,R3,0.28
2026-03-09T10:00:09Z,2025-07-13,42,R3,0.286
2026-03-09T10:00:09Z,2025-07-13,41,R3,0.2865
2026-03-09T10:00:09Z,2025-07-13,40,R3,0.2687
2026-03-09T10:00:09Z,2025-07-13,39,R3,0.2406
2026-03-09T10:00:09Z,2025-07-13,38,R3,0.2287
2026-03-09T10:00:09Z,2025-07-13,37,R3,0.22
2026-03-09T10:00:09Z,2025-07-13,48,R3,0.2753
2026-03-09T10:00:09Z,2025-07-13,35,R3,0.1643
2026-03-09T10:00:09Z,2025-07-13,34,R3,0.1802
2026-03-09T10:00:09Z,2025-07-13,33,R3,0.1979
2026-03-09T10:00:09Z,2025-07-13,32,R3,0.1962
2026-03-09T10:00:09Z,2025-07-13,31,R3,0.2243
2026-03-09T10:00:09Z,2025-07-13,30,R3,0.2008
2026-03-09T10:00:09Z,2025-07-13,29,R3,0.2039
2026-03-09T10:00:09Z,2025-07-13,28,R3,0.194
2026-03-09T10:00:09Z,2025-07-13,27,R3,0.1939
2026-03-09T10:00:09Z,2025-07-13,26,R3,0.1913
2026-03-09T10:00:09Z,2025-07-13,36,R3,0.1826
2026-03-09T10:00:09Z,2025-07-14,14,R3,1.0415
2026-03-09T10:00:09Z,2025-07-14,15,R3,0.9744
2026-03-09T10:00:09Z,2025-07-14,16,R3,1.0179
2026-03-09T10:00:09Z,2025-07-14,21,R3,1.0852
2026-03-09T10:00:09Z,2025-07-14,18,R3,1.1572
2026-03-09T10:00:09Z,2025-07-14,19,R3,1.157
2026-03-09T10:00:09Z,2025-07-14,20,R3,1.1161
2026-03-09T10:00:09Z,2025-07-14,13,R3,0.9853
2026-03-09T10:00:09Z,2025-07-14,17,R3,1.0839
2026-03-09T10:00:09Z,2025-07-14,12,R3,0.5196
2026-03-09T10:00:09Z,2025-07-14,6,R3,0.2788
2026-03-09T10:00:09Z,2025-07-14,10,R3,0.32
2026-03-09T10:00:09Z,2025-07-14,9,R3,0.2853
2026-03-09T10:00:09Z,2025-07-14,8,R3,0.2811
2026-03-09T10:00:09Z,2025-07-14,7,R3,0.2836
2026-03-09T10:00:09Z,2025-07-14,5,R3,0.2819
2026-03-09T10:00:09Z,2025-07-14,4,R3,0.2792
2026-03-09T10:00:09Z,2025-07-14,3,R3,0.28
2026-03-09T10:00:09Z,2025-07-14,2,R3,0.2843
2026-03-09T10:00:09Z,2025-07-14,1,R3,0.2808
2026-03-09T10:00:09Z,2025-07-14,22,R3,1.0711
2026-03-09T10:00:09Z,2025-07-14,11,R3,0.3339
2026-03-09T10:00:09Z,2025-07-14,23,R3,1.1498
2026-03-09T10:00:09Z,2025-07-14,24,R3,1.0938
2026-03-09T10:00:09Z,2025-07-14,25,R3,1.079
2026-03-09T10:00:09Z,2025-07-14,47,R3,0.2808
2026-03-09T10:00:09Z,2025-07-14,46,R3,0.284
2026-03-09T10:00:09Z,2025-07-14,45,R3,0.2915
2026-03-09T10:00:09Z,2025-07-14,44,R3,0.2979
2026-03-09T10:00:09Z,2025-07-14,43,R3,0.3066
2026-03-09T10:00:09Z,2025-07-14,42,R3,0.3628
2026-03-09T10:00:09Z,2025-07-14,41,R3,0.3783
2026-03-09T10:00:09Z,2025-07-14,40,R3,0.3867
2026-03-09T10:00:09Z,2025-07-14,39,R3,0.3788
2026-03-09T10:00:09Z,2025-07-14,38,R3,0.4761
2026-03-09T10:00:09Z,2025-07-14,37,R3,0.5033
2026-03-09T10:00:09Z,2025-07-14,48,R3,0.2732
2026-03-09T10:00:09Z,2025-07-14,35,R3,0.7447
2026-03-09T10:00:09Z,2025-07-14,34,R3,0.8652
2026-03-09T10:00:09Z,2025-07-14,33,R3,0.9298
2026-03-09T10:00:09Z,2025-07-14,32,R3,0.9006
2026-03-09T10:00:09Z,2025-07-14,31,R3,0.9782
2026-03-09T10:00:09Z,2025-07-14,30,R3,1.0418
2026-03-09T10:00:09Z,2025-07-14,29,R3,1.0906
2026-03-09T10:00:09Z,2025-07-14,28,R3,1.0055
2026-03-09T10:00:09Z,2025-07-14,27,R3,1.1042
2026-03-09T10:00:09Z,2025-07-14,26,R3,1.0926
2026-03-09T10:00:09Z,2025-07-14,36,R3,0.6511
2026-03-09T10:00:09Z,2025-07-15,14,R3,10.9887
2026-03-09T10:00:09Z,2025-07-15,15,R3,11.7089
2026-03-09T10:00:09Z,2025-07-15,16,R3,12.7098
2026-03-09T10:00:09Z,2025-07-15,21,R3,15.9372
2026-03-09T10:00:09Z,2025-07-15,18,R3,14.3149
2026-03-09T10:00:09Z,2025-07-15,19,R3,15.6201
2026-03-09T10:00:09Z,2025-07-15,20,R3,15.6928
2026-03-09T10:00:09Z,2025-07-15,13,R3,10.8933
2026-03-09T10:00:09Z,2025-07-15,17,R3,13.2491
2026-03-09T10:00:09Z,2025-07-15,12,R3,10.7754
2026-03-09T10:00:09Z,2025-07-15,6,R3,10.6882
2026-03-09T10:00:09Z,2025-07-15,10,R3,11.231
2026-03-09T10:00:09Z,2025-07-15,9,R3,10.4578
2026-03-09T10:00:09Z,2025-07-15,8,R3,10.6699
2026-03-09T10:00:09Z,2025-07-15,7,R3,10.5733
2026-03-09T10:00:09Z,2025-07-15,5,R3,10.2618
2026-03-09T10:00:09Z,2025-07-15,4,R3,10.3924
2026-03-09T10:00:09Z,2025-07-15,3,R3,10.9393
2026-03-09T10:00:09Z,2025-07-15,2,R3,11.2674
2026-03-09T10:00:09Z,2025-07-15,1,R3,11.1012
2026-03-09T10:00:09Z,2025-07-15,22,R3,15.8498
2026-03-09T10:00:09Z,2025-07-15,11,R3,10.5867
2026-03-09T10:00:09Z,2025-07-15,23,R3,16.1774
2026-03-09T10:00:09Z,2025-07-15,48,R3,10.8735
2026-03-09T10:00:09Z,2025-07-15,25,R3,15.7504
2026-03-09T10:00:09Z,2025-07-15,47,R3,10.899
2026-03-09T10:00:09Z,2025-07-15,46,R3,11.5214
2026-03-09T10:00:09Z,2025-07-15,45,R3,11.9031
2026-03-09T10:00:09Z,2025-07-15,44,R3,12.3738
2026-03-09T10:00:09Z,2025-07-15,43,R3,13.043
2026-03-09T10:00:09Z,2025-07-15,42,R3,13.2849
2026-03-09T10:00:09Z,2025-07-15,41,R3,13.3595
2026-03-09T10:00:09Z,2025-07-15,40,R3,13.8046
2026-03-09T10:00:09Z,2025-07-15,39,R3,14.2896
2026-03-09T10:00:09Z,2025-07-15,38,R3,14.5311
2026-03-09T10:00:09Z,2025-07-15,37,R3,14.7333
2026-03-09T10:00:09Z,2025-07-15,24,R3,16.0277
2026-03-09T10:00:09Z,2025-07-15,35,R3,14.8791
2026-03-09T10:00:09Z,2025-07-15,34,R3,15.1729
2026-03-09T10:00:09Z,2025-07-15,33,R3,15.0687
2026-03-09T10:00:09Z,2025-07-15,32,R3,15.2192
2026-03-09T10:00:09Z,2025-07-15,31,R3,14.7852
2026-03-09T10:00:09Z,2025-07-15,30,R3,15.3316
2026-03-09T10:00:09Z,2025-07-15,29,R3,15.2898
2026-03-09T10:00:09Z,2025-07-15,28,R3,16.571
2026-03-09T10:00:09Z,2025-07-15,27,R3,15.3402
2026-03-09T10:00:09Z,2025-07-15,26,R3,15.5387
2026-03-09T10:00:09Z,2025-07-15,36,R3,14.7908
2026-03-09T10:00:09Z,2025-07-16,14,R3,7.969
2026-03-09T10:00:09Z,2025-07-16,15,R3,7.993
2026-03-09T10:00:09Z,2025-07-16,16,R3,8.2623
2026-03-09T10:00:09Z,2025-07-16,21,R3,8.8044
2026-03-09T10:00:09Z,2025-07-16,18,R3,8.9127
2026-03-09T10:00:09Z,2025-07-16,19,R3,8.8771
2026-03-09T10:00:09Z,2025-07-16,20,R3,9.0878
2026-03-09T10:00:09Z,2025-07-16,13,R3,8.0315
2026-03-09T10:00:09Z,2025-07-16,17,R3,8.5909
2026-03-09T10:00:09Z,2025-07-16,12,R3,8.04
2026-03-09T10:00:09Z,2025-07-16,6,R3,9.3801
2026-03-09T10:00:09Z,2025-07-16,10,R3,8.3778
2026-03-09T10:00:09Z,2025-07-16,9,R3,8.563
2026-03-09T10:00:09Z,2025-07-16,8,R3,8.8688
2026-03-09T10:00:09Z,2025-07-16,7,R3,9.2184
2026-03-09T10:00:09Z,2025-07-16,5,R3,9.2689
2026-03-09T10:00:09Z,2025-07-16,4,R3,9.6763
2026-03-09T10:00:09Z,2025-07-16,3,R3,9.8791
2026-03-09T10:00:09Z,2025-07-16,2,R3,10.3726
2026-03-09T10:00:09Z,2025-07-16,1,R3,10.7874
2026-03-09T10:00:09Z,2025-07-16,22,R3,9.0425
2026-03-09T10:00:09Z,2025-07-16,11,R3,8.1295
2026-03-09T10:00:09Z,2025-07-16,23,R3,8.9033
2026-03-09T10:00:09Z,2025-07-16,24,R3,9.8858
2026-03-09T10:00:09Z,2025-07-16,25,R3,10.4409
2026-03-09T10:00:09Z,2025-07-16,47,R3,7.8064
2026-03-09T10:00:09Z,2025-07-16,46,R3,7.8355
2026-03-09T10:00:09Z,2025-07-16,45,R3,7.8296
2026-03-09T10:00:09Z,2025-07-16,44,R3,7.9097
2026-03-09T10:00:09Z,2025-07-16,43,R3,7.7939
2026-03-09T10:00:09Z,2025-07-16,42,R3,7.6807
2026-03-09T10:00:09Z,2025-07-16,41,R3,7.9601
2026-03-09T10:00:09Z,2025-07-16,40,R3,8.0647
2026-03-09T10:00:09Z,2025-07-16,39,R3,8.2434
2026-03-09T10:00:09Z,2025-07-16,38,R3,8.3232
2026-03-09T10:00:09Z,2025-07-16,37,R3,8.5118
2026-03-09T10:00:09Z,2025-07-16,48,R3,7.8955
2026-03-09T10:00:09Z,2025-07-16,35,R3,8.6285
2026-03-09T10:00:09Z,2025-07-16,34,R3,8.6929
2026-03-09T10:00:09Z,2025-07-16,33,R3,8.5806
2026-03-09T10:00:09Z,2025-07-16,32,R3,9.0543
2026-03-09T10:00:09Z,2025-07-16,31,R3,8.9989
2026-03-09T10:00:09Z,2025-07-16,30,R3,9.077
2026-03-09T10:00:09Z,2025-07-16,29,R3,8.93
2026-03-09T10:00:09Z,2025-07-16,28,R3,9.4212
2026-03-09T10:00:09Z,2025-07-16,27,R3,9.1322
2026-03-09T10:00:09Z,2025-07-16,26,R3,9.4915
2026-03-09T10:00:09Z,2025-07-16,36,R3,8.4706
2026-03-09T10:00:09Z,2025-07-17,14,R3,0.8748
2026-03-09T10:00:09Z,2025-07-17,15,R3,0.9506
2026-03-09T10:00:09Z,2025-07-17,16,R3,0.965
2026-03-09T10:00:09Z,2025-07-17,21,R3,1.0551
2026-03-09T10:00:09Z,2025-07-17,18,R3,0.9147
2026-03-09T10:00:09Z,2025-07-17,19,R3,0.929
2026-03-09T10:00:09Z,2025-07-17,20,R3,0.9847
2026-03-09T10:00:09Z,2025-07-17,13,R3,0.672
2026-03-09T10:00:09Z,2025-07-17,17,R3,0.9665
2026-03-09T10:00:09Z,2025-07-17,12,R3,0.4782
2026-03-09T10:00:09Z,2025-07-17,6,R3,0.2845
2026-03-09T10:00:09Z,2025-07-17,10,R3,0.3081
2026-03-09T10:00:09Z,2025-07-17,9,R3,0.2825
2026-03-09T10:00:09Z,2025-07-17,8,R3,0.2802
2026-03-09T10:00:09Z,2025-07-17,7,R3,0.2842
2026-03-09T10:00:09Z,2025-07-17,5,R3,0.2878
2026-03-09T10:00:09Z,2025-07-17,4,R3,0.2902
2026-03-09T10:00:09Z,2025-07-17,3,R3,0.2854
2026-03-09T10:00:09Z,2025-07-17,2,R3,0.2828
2026-03-09T10:00:09Z,2025-07-17,1,R3,0.2862
2026-03-09T10:00:09Z,2025-07-17,22,R3,1.1262
2026-03-09T10:00:09Z,2025-07-17,11,R3,0.3193
2026-03-09T10:00:09Z,2025-07-17,23,R3,1.0926
2026-03-09T10:00:09Z,2025-07-17,48,R3,0.3136
2026-03-09T10:00:09Z,2025-07-17,25,R3,0.9502
2026-03-09T10:00:09Z,2025-07-17,24,R3,0.8884
2026-03-09T10:00:09Z,2025-07-17,47,R3,0.3222
2026-03-09T10:00:09Z,2025-07-17,46,R3,0.3183
2026-03-09T10:00:09Z,2025-07-17,45,R3,0.3178
2026-03-09T10:00:09Z,2025-07-17,44,R3,0.3306
2026-03-09T10:00:09Z,2025-07-17,43,R3,0.371
2026-03-09T10:00:09Z,2025-07-17,42,R3,0.4243
2026-03-09T10:00:09Z,2025-07-17,40,R3,0.4561
2026-03-09T10:00:09Z,2025-07-17,39,R3,0.4616
2026-03-09T10:00:09Z,2025-07-17,38,R3,0.4744
2026-03-09T10:00:09Z,2025-07-17,37,R3,0.4546
2026-03-09T10:00:09Z,2025-07-17,41,R3,0.4493
2026-03-09T10:00:09Z,2025-07-17,35,R3,0.7692
2026-03-09T10:00:09Z,2025-07-17,36,R3,0.6563
2026-03-09T10:00:09Z,2025-07-17,27,R3,0.8191
2026-03-09T10:00:09Z,2025-07-17,28,R3,1.0186
2026-03-09T10:00:09Z,2025-07-17,29,R3,1.0977
2026-03-09T10:00:09Z,2025-07-17,30,R3,0.9774
2026-03-09T10:00:09Z,2025-07-17,26,R3,1.0373
2026-03-09T10:00:09Z,2025-07-17,32,R3,0.9721
2026-03-09T10:00:09Z,2025-07-17,33,R3,0.862
2026-03-09T10:00:09Z,2025-07-17,34,R3,1.0099
2026-03-09T10:00:09Z,2025-07-17,31,R3,0.853
2026-03-09T10:00:09Z,2025-07-18,13,R3,8.665
2026-03-09T10:00:09Z,2025-07-18,21,R3,9.4358
2026-03-09T10:00:09Z,2025-07-18,20,R3,9.0021
2026-03-09T10:00:09Z,2025-07-18,19,R3,8.0658
2026-03-09T10:00:09Z,2025-07-18,18,R3,7.8019
2026-03-09T10:00:09Z,2025-07-18,17,R3,7.6495
2026-03-09T10:00:09Z,2025-07-18,16,R3,7.7603
2026-03-09T10:00:09Z,2025-07-18,15,R3,7.2572
2026-03-09T10:00:09Z,2025-07-18,14,R3,7.4908
2026-03-09T10:00:09Z,2025-07-18,12,R3,8.6674
2026-03-09T10:00:09Z,2025-07-18,22,R3,9.5908
2026-03-09T10:00:09Z,2025-07-18,10,R3,8.52
2026-03-09T10:00:09Z,2025-07-18,9,R3,8.3736
2026-03-09T10:00:09Z,2025-07-18,8,R3,8.3548
2026-03-09T10:00:09Z,2025-07-18,7,R3,8.3491
2026-03-09T10:00:09Z,2025-07-18,6,R3,8.901
2026-03-09T10:00:09Z,2025-07-18,5,R3,9.0482
2026-03-09T10:00:09Z,2025-07-18,4,R3,9.3061
2026-03-09T10:00:09Z,2025-07-18,3,R3,9.1375
2026-03-09T10:00:09Z,2025-07-18,2,R3,8.7669
2026-03-09T10:00:09Z,2025-07-18,1,R3,8.882
2026-03-09T10:00:09Z,2025-07-18,11,R3,8.4968
2026-03-09T10:00:09Z,2025-07-18,23,R3,10.0992
2026-03-09T10:00:09Z,2025-07-18,48,R3,7.7213
2026-03-09T10:00:09Z,2025-07-18,25,R3,10.9385
2026-03-09T10:00:09Z,2025-07-18,47,R3,7.6728
2026-03-09T10:00:09Z,2025-07-18,46,R3,7.5272
2026-03-09T10:00:09Z,2025-07-18,45,R3,7.1618
2026-03-09T10:00:09Z,2025-07-18,44,R3,7.5874
2026-03-09T10:00:09Z,2025-07-18,43,R3,7.7824
2026-03-09T10:00:09Z,2025-07-18,42,R3,7.6789
2026-03-09T10:00:09Z,2025-07-18,41,R3,7.495
2026-03-09T10:00:09Z,2025-07-18,40,R3,7.561
2026-03-09T10:00:09Z,2025-07-18,39,R3,8.0606
2026-03-09T10:00:09Z,2025-07-18,38,R3,8.4421
2026-03-09T10:00:09Z,2025-07-18,37,R3,8.6332
2026-03-09T10:00:09Z,2025-07-18,24,R3,10.1547
2026-03-09T10:00:09Z,2025-07-18,35,R3,9.5653
2026-03-09T10:00:09Z,2025-07-18,26,R3,11.5479
2026-03-09T10:00:09Z,2025-07-18,27,R3,11.4608
2026-03-09T10:00:09Z,2025-07-18,28,R3,11.4109
2026-03-09T10:00:09Z,2025-07-18,29,R3,11.422
2026-03-09T10:00:09Z,2025-07-18,36,R3,8.8572
2026-03-09T10:00:09Z,2025-07-18,31,R3,11.8269
2026-03-09T10:00:09Z,2025-07-18,32,R3,11.2713
2026-03-09T10:00:09Z,2025-07-18,33,R3,10.3491
2026-03-09T10:00:09Z,2025-07-18,34,R3,10.5733
2026-03-09T10:00:09Z,2025-07-18,30,R3,11.8828
2026-03-09T10:00:09Z,2025-07-19,13,R3,7.3865
2026-03-09T10:00:09Z,2025-07-19,22,R3,9.8199
2026-03-09T10:00:09Z,2025-07-19,21,R3,9.564
2026-03-09T10:00:09Z,2025-07-19,20,R3,8.7525
2026-03-09T10:00:09Z,2025-07-19,19,R3,8.099
2026-03-09T10:00:09Z,2025-07-19,17,R3,7.6519
2026-03-09T10:00:09Z,2025-07-19,16,R3,7.0003
2026-03-09T10:00:09Z,2025-07-19,15,R3,7.2563
2026-03-09T10:00:09Z,2025-07-19,14,R3,7.3795
2026-03-09T10:00:09Z,2025-07-19,12,R3,7.6902
2026-03-09T10:00:09Z,2025-07-19,6,R3,7.4727
2026-03-09T10:00:09Z,2025-07-19,10,R3,7.5753
2026-03-09T10:00:09Z,2025-07-19,9,R3,7.4365
2026-03-09T10:00:09Z,2025-07-19,8,R3,7.4695
2026-03-09T10:00:09Z,2025-07-19,7,R3,7.4911
2026-03-09T10:00:09Z,2025-07-19,23,R3,10.074
2026-03-09T10:00:09Z,2025-07-19,5,R3,7.3449
2026-03-09T10:00:09Z,2025-07-19,4,R3,7.524
2026-03-09T10:00:09Z,2025-07-19,3,R3,7.5784
2026-03-09T10:00:09Z,2025-07-19,2,R3,7.7814
2026-03-09T10:00:09Z,2025-07-19,1,R3,7.8224
2026-03-09T10:00:09Z,2025-07-19,11,R3,7.7281
2026-03-09T10:00:09Z,2025-07-19,24,R3,10.5005
2026-03-09T10:00:09Z,2025-07-19,18,R3,7.9068
2026-03-09T10:00:09Z,2025-07-19,26,R3,11.5937
2026-03-09T10:00:09Z,2025-07-19,25,R3,10.8793
2026-03-09T10:00:09Z,2025-07-19,47,R3,11.6316
2026-03-09T10:00:09Z,2025-07-19,46,R3,12.0847
2026-03-09T10:00:09Z,2025-07-19,45,R3,11.68
2026-03-09T10:00:09Z,2025-07-19,44,R3,11.7809
2026-03-09T10:00:09Z,2025-07-19,43,R3,11.7254
2026-03-09T10:00:09Z,2025-07-19,42,R3,11.2646
2026-03-09T10:00:09Z,2025-07-19,41,R3,11.2862
2026-03-09T10:00:09Z,2025-07-19,40,R3,11.0149
2026-03-09T10:00:09Z,2025-07-19,39,R3,11.7444
2026-03-09T10:00:09Z,2025-07-19,38,R3,12.0795
2026-03-09T10:00:09Z,2025-07-19,48,R3,12.0123
2026-03-09T10:00:09Z,2025-07-19,36,R3,11.406
2026-03-09T10:00:09Z,2025-07-19,37,R3,11.653
2026-03-09T10:00:09Z,2025-07-19,28,R3,11.5248
2026-03-09T10:00:09Z,2025-07-19,29,R3,10.5742
2026-03-09T10:00:09Z,2025-07-19,30,R3,10.5059
2026-03-09T10:00:09Z,2025-07-19,27,R3,11.6356
2026-03-09T10:00:09Z,2025-07-19,32,R3,10.9569
2026-03-09T10:00:09Z,2025-07-19,33,R3,11.2027
2026-03-09T10:00:09Z,2025-07-19,34,R3,11.7366
2026-03-09T10:00:09Z,2025-07-19,35,R3,11.8129
2026-03-09T10:00:09Z,2025-07-19,31,R3,10.7478
2026-03-09T10:00:09Z,2025-07-20,22,R3,0.2467
2026-03-09T10:00:09Z,2025-07-20,13,R3,0.3116
2026-03-09T10:00:09Z,2025-07-20,21,R3,0.2963
2026-03-09T10:00:09Z,2025-07-20,20,R3,0.2758
2026-03-09T10:00:09Z,2025-07-20,19,R3,0.31
2026-03-09T10:00:09Z,2025-07-20,17,R3,0.3357
2026-03-09T10:00:09Z,2025-07-20,16,R3,0.338
2026-03-09T10:00:09Z,2025-07-20,15,R3,0.3204
2026-03-09T10:00:09Z,2025-07-20,14,R3,0.3112
2026-03-09T10:00:09Z,2025-07-20,12,R3,0.2978
2026-03-09T10:00:09Z,2025-07-20,6,R3,0.2922
2026-03-09T10:00:09Z,2025-07-20,10,R3,0.2887
2026-03-09T10:00:09Z,2025-07-20,9,R3,0.2873
2026-03-09T10:00:09Z,2025-07-20,8,R3,0.2842
2026-03-09T10:00:09Z,2025-07-20,7,R3,0.2874
2026-03-09T10:00:09Z,2025-07-20,5,R3,0.2975
2026-03-09T10:00:09Z,2025-07-20,4,R3,0.2879
2026-03-09T10:00:09Z,2025-07-20,3,R3,0.2983
2026-03-09T10:00:09Z,2025-07-20,2,R3,0.3025
2026-03-09T10:00:09Z,2025-07-20,1,R3,0.2929
2026-03-09T10:00:09Z,2025-07-20,23,R3,0.2082
2026-03-09T10:00:09Z,2025-07-20,11,R3,0.2947
2026-03-09T10:00:09Z,2025-07-20,24,R3,0.2178
2026-03-09T10:00:09Z,2025-07-20,18,R3,0.3175
2026-03-09T10:00:09Z,2025-07-20,26,R3,0.1778
2026-03-09T10:00:09Z,2025-07-20,47,R3,0.2893
2026-03-09T10:00:09Z,2025-07-20,46,R3,0.2945
2026-03-09T10:00:09Z,2025-07-20,45,R3,0.2899
2026-03-09T10:00:09Z,2025-07-20,44,R3,0.292
2026-03-09T10:00:09Z,2025-07-20,43,R3,0.2888
2026-03-09T10:00:09Z,2025-07-20,42,R3,0.2964
2026-03-09T10:00:09Z,2025-07-20,41,R3,0.2812
2026-03-09T10:00:09Z,2025-07-20,40,R3,0.2802
2026-03-09T10:00:09Z,2025-07-20,39,R3,0.2522
2026-03-09T10:00:09Z,2025-07-20,38,R3,0.2204
2026-03-09T10:00:09Z,2025-07-20,37,R3,0.2166
2026-03-09T10:00:09Z,2025-07-20,25,R3,0.1925
2026-03-09T10:00:09Z,2025-07-20,35,R3,0.1851
2026-03-09T10:00:09Z,2025-07-20,34,R3,0.1702
2026-03-09T10:00:09Z,2025-07-20,33,R3,0.1753
2026-03-09T10:00:09Z,2025-07-20,32,R3,0.1953
2026-03-09T10:00:09Z,2025-07-20,31,R3,0.1969
2026-03-09T10:00:09Z,2025-07-20,48,R3,0.2822
2026-03-09T10:00:09Z,2025-07-20,30,R3,0.1654
2026-03-09T10:00:09Z,2025-07-20,29,R3,0.1852
2026-03-09T10:00:09Z,2025-07-20,28,R3,0.1633
2026-03-09T10:00:09Z,2025-07-20,27,R3,0.1674
2026-03-09T10:00:09Z,2025-07-20,36,R3,0.2005
2026-03-09T10:00:09Z,2025-07-21,15,R3,0.9376
2026-03-09T10:00:09Z,2025-07-21,16,R3,0.9815
2026-03-09T10:00:09Z,2025-07-21,17,R3,0.9426
2026-03-09T10:00:09Z,2025-07-21,22,R3,0.8589
2026-03-09T10:00:09Z,2025-07-21,19,R3,1.0781
2026-03-09T10:00:09Z,2025-07-21,20,R3,0.9957
2026-03-09T10:00:09Z,2025-07-21,21,R3,0.9938
2026-03-09T10:00:09Z,2025-07-21,14,R3,0.97
2026-03-09T10:00:09Z,2025-07-21,18,R3,0.9889
2026-03-09T10:00:09Z,2025-07-21,13,R3,0.8894
2026-03-09T10:00:09Z,2025-07-21,7,R3,0.2866
2026-03-09T10:00:09Z,2025-07-21,11,R3,0.3264
2026-03-09T10:00:09Z,2025-07-21,10,R3,0.3158
2026-03-09T10:00:09Z,2025-07-21,9,R3,0.2902
2026-03-09T10:00:09Z,2025-07-21,8,R3,0.2873
2026-03-09T10:00:09Z,2025-07-21,6,R3,0.2928
2026-03-09T10:00:09Z,2025-07-21,5,R3,0.2947
2026-03-09T10:00:09Z,2025-07-21,4,R3,0.2951
2026-03-09T10:00:09Z,2025-07-21,3,R3,0.2896
2026-03-09T10:00:09Z,2025-07-21,2,R3,0.293
2026-03-09T10:00:09Z,2025-07-21,23,R3,0.8538
2026-03-09T10:00:09Z,2025-07-21,12,R3,0.4484
2026-03-09T10:00:09Z,2025-07-21,1,R3,0.2881
2026-03-09T10:00:09Z,2025-07-21,24,R3,0.8818
2026-03-09T10:00:09Z,2025-07-21,26,R3,0.913
2026-03-09T10:00:09Z,2025-07-21,25,R3,0.8541
2026-03-09T10:00:09Z,2025-07-21,48,R3,0.3012
2026-03-09T10:00:09Z,2025-07-21,47,R3,0.3018
2026-03-09T10:00:09Z,2025-07-21,46,R3,0.3023
2026-03-09T10:00:09Z,2025-07-21,45,R3,0.3122
2026-03-09T10:00:09Z,2025-07-21,44,R3,0.3255
2026-03-09T10:00:09Z,2025-07-21,43,R3,0.343
2026-03-09T10:00:09Z,2025-07-21,41,R3,0.4047
2026-03-09T10:00:09Z,2025-07-21,40,R3,0.4018
2026-03-09T10:00:09Z,2025-07-21,39,R3,0.4009
2026-03-09T10:00:09Z,2025-07-21,38,R3,0.5173
2026-03-09T10:00:09Z,2025-07-21,42,R3,0.3945
2026-03-09T10:00:09Z,2025-07-21,36,R3,0.6399
2026-03-09T10:00:09Z,2025-07-21,37,R3,0.5665
2026-03-09T10:00:09Z,2025-07-21,28,R3,1.0683
2026-03-09T10:00:09Z,2025-07-21,29,R3,0.992
2026-03-09T10:00:09Z,2025-07-21,30,R3,0.9778
2026-03-09T10:00:09Z,2025-07-21,31,R3,0.9172
2026-03-09T10:00:09Z,2025-07-21,27,R3,0.9702
2026-03-09T10:00:09Z,2025-07-21,33,R3,0.9298
2026-03-09T10:00:09Z,2025-07-21,34,R3,0.8207
2026-03-09T10:00:09Z,2025-07-21,35,R3,0.6691
2026-03-09T10:00:09Z,2025-07-21,32,R3,0.9018
2026-03-09T10:00:09Z,2025-07-22,13,R3,9.8592
2026-03-09T10:00:09Z,2025-07-22,21,R3,11.2717
2026-03-09T10:00:09Z,2025-07-22,20,R3,11.3459
2026-03-09T10:00:09Z,2025-07-22,19,R3,11.3634
2026-03-09T10:00:09Z,2025-07-22,18,R3,11.0451
2026-03-09T10:00:09Z,2025-07-22,17,R3,10.3199
2026-03-09T10:00:09Z,2025-07-22,16,R3,9.988
2026-03-09T10:00:09Z,2025-07-22,15,R3,9.6749
2026-03-09T10:00:09Z,2025-07-22,14,R3,9.5571
2026-03-09T10:00:09Z,2025-07-22,12,R3,9.9923
2026-03-09T10:00:09Z,2025-07-22,22,R3,11.9562
2026-03-09T10:00:09Z,2025-07-22,10,R3,10.2336
2026-03-09T10:00:09Z,2025-07-22,9,R3,10.2125
2026-03-09T10:00:09Z,2025-07-22,8,R3,10.6484
2026-03-09T10:00:09Z,2025-07-22,7,R3,10.5626
2026-03-09T10:00:09Z,2025-07-22,6,R3,10.4317
2026-03-09T10:00:09Z,2025-07-22,5,R3,10.1486
2026-03-09T10:00:09Z,2025-07-22,4,R3,10.6297
2026-03-09T10:00:09Z,2025-07-22,3,R3,10.524
2026-03-09T10:00:09Z,2025-07-22,2,R3,10.4983
2026-03-09T10:00:09Z,2025-07-22,1,R3,10.229
2026-03-09T10:00:09Z,2025-07-22,11,R3,10.3223
2026-03-09T10:00:09Z,2025-07-22,23,R3,11.9682
2026-03-09T10:00:09Z,2025-07-22,42,R3,8.653
2026-03-09T10:00:09Z,2025-07-22,25,R3,12.9263
2026-03-09T10:00:09Z,2025-07-22,47,R3,8.0346
2026-03-09T10:00:09Z,2025-07-22,46,R3,8.0184
2026-03-09T10:00:09Z,2025-07-22,45,R3,8.0128
2026-03-09T10:00:09Z,2025-07-22,44,R3,8.3131
2026-03-09T10:00:09Z,2025-07-22,43,R3,8.5109
2026-03-09T10:00:09Z,2025-07-22,48,R3,8.2008
2026-03-09T10:00:09Z,2025-07-22,41,R3,8.7882
2026-03-09T10:00:09Z,2025-07-22,40,R3,9.3442
2026-03-09T10:00:09Z,2025-07-22,39,R3,9.8182
2026-03-09T10:00:09Z,2025-07-22,38,R3,10.4681
2026-03-09T10:00:09Z,2025-07-22,37,R3,10.8235
2026-03-09T10:00:09Z,2025-07-22,24,R3,12.7137
2026-03-09T10:00:09Z,2025-07-22,35,R3,10.3315
2026-03-09T10:00:09Z,2025-07-22,34,R3,11.2543
2026-03-09T10:00:09Z,2025-07-22,33,R3,11.3309
2026-03-09T10:00:09Z,2025-07-22,32,R3,11.6829
2026-03-09T10:00:09Z,2025-07-22,31,R3,12.0984
2026-03-09T10:00:09Z,2025-07-22,30,R3,12.622
2026-03-09T10:00:09Z,2025-07-22,29,R3,12.0138
2026-03-09T10:00:09Z,2025-07-22,28,R3,12.3577
2026-03-09T10:00:09Z,2025-07-22,27,R3,12.5916
2026-03-09T10:00:09Z,2025-07-22,26,R3,12.3246
2026-03-09T10:00:09Z,2025-07-22,36,R3,10.2272
2026-03-09T10:00:09Z,2025-07-23,15,R3,7.4132
2026-03-09T10:00:09Z,2025-07-23,16,R3,7.8094
2026-03-09T10:00:09Z,2025-07-23,17,R3,8.173
2026-03-09T10:00:09Z,2025-07-23,22,R3,9.9637
2026-03-09T10:00:09Z,2025-07-23,19,R3,9.0187
2026-03-09T10:00:09Z,2025-07-23,20,R3,9.6056
2026-03-09T10:00:09Z,2025-07-23,21,R3,10.8719
2026-03-09T10:00:09Z,2025-07-23,14,R3,7.6045
2026-03-09T10:00:09Z,2025-07-23,18,R3,8.7756
2026-03-09T10:00:09Z,2025-07-23,13,R3,7.6302
2026-03-09T10:00:09Z,2025-07-23,7,R3,7.8901
2026-03-09T10:00:09Z,2025-07-23,11,R3,7.4146
2026-03-09T10:00:09Z,2025-07-23,10,R3,7.657
2026-03-09T10:00:09Z,2025-07-23,9,R3,7.7746
2026-03-09T10:00:09Z,2025-07-23,8,R3,7.7824
2026-03-09T10:00:09Z,2025-07-23,6,R3,8.046
2026-03-09T10:00:09Z,2025-07-23,5,R3,7.9273
2026-03-09T10:00:09Z,2025-07-23,4,R3,8.0696
2026-03-09T10:00:09Z,2025-07-23,3,R3,8.0597
2026-03-09T10:00:09Z,2025-07-23,2,R3,8.1518
2026-03-09T10:00:09Z,2025-07-23,23,R3,10.4961
2026-03-09T10:00:09Z,2025-07-23,12,R3,7.5315
2026-03-09T10:00:09Z,2025-07-23,24,R3,10.7012
2026-03-09T10:00:09Z,2025-07-23,1,R3,8.0759
2026-03-09T10:00:09Z,2025-07-23,26,R3,10.9557
2026-03-09T10:00:09Z,2025-07-23,48,R3,9.3859
2026-03-09T10:00:09Z,2025-07-23,47,R3,9.5342
2026-03-09T10:00:09Z,2025-07-23,46,R3,9.5975
2026-03-09T10:00:09Z,2025-07-23,45,R3,9.5812
2026-03-09T10:00:09Z,2025-07-23,44,R3,9.6465
2026-03-09T10:00:09Z,2025-07-23,43,R3,9.3091
2026-03-09T10:00:09Z,2025-07-23,42,R3,9.6534
2026-03-09T10:00:09Z,2025-07-23,41,R3,9.5614
2026-03-09T10:00:09Z,2025-07-23,40,R3,10.3705
2026-03-09T10:00:09Z,2025-07-23,39,R3,10.9548
2026-03-09T10:00:09Z,2025-07-23,38,R3,11.4384
2026-03-09T10:00:09Z,2025-07-23,25,R3,11.0062
2026-03-09T10:00:09Z,2025-07-23,36,R3,12.3129
2026-03-09T10:00:09Z,2025-07-23,35,R3,12.7258
2026-03-09T10:00:09Z,2025-07-23,34,R3,11.637
2026-03-09T10:00:09Z,2025-07-23,33,R3,11.4116
2026-03-09T10:00:09Z,2025-07-23,32,R3,10.5688
2026-03-09T10:00:09Z,2025-07-23,31,R3,10.964
2026-03-09T10:00:09Z,2025-07-23,30,R3,11.4635
2026-03-09T10:00:09Z,2025-07-23,29,R3,10.5749
2026-03-09T10:00:09Z,2025-07-23,28,R3,10.6921
2026-03-09T10:00:09Z,2025-07-23,27,R3,11.47
2026-03-09T10:00:09Z,2025-07-23,37,R3,11.5642
2026-03-09T10:00:09Z,2025-07-24,15,R3,0.8937
2026-03-09T10:00:09Z,2025-07-24,16,R3,0.8974
2026-03-09T10:00:09Z,2025-07-24,17,R3,0.9574
2026-03-09T10:00:09Z,2025-07-24,22,R3,1.0474
2026-03-09T10:00:09Z,2025-07-24,19,R3,0.9727
2026-03-09T10:00:09Z,2025-07-24,20,R3,1.0464
2026-03-09T10:00:09Z,2025-07-24,21,R3,1.0287
2026-03-09T10:00:09Z,2025-07-24,14,R3,0.7533
2026-03-09T10:00:09Z,2025-07-24,18,R3,0.9408
2026-03-09T10:00:09Z,2025-07-24,13,R3,0.7855
2026-03-09T10:00:09Z,2025-07-24,7,R3,0.2911
2026-03-09T10:00:09Z,2025-07-24,11,R3,0.3173
2026-03-09T10:00:09Z,2025-07-24,10,R3,0.3116
2026-03-09T10:00:09Z,2025-07-24,9,R3,0.2905
2026-03-09T10:00:09Z,2025-07-24,8,R3,0.2995
2026-03-09T10:00:09Z,2025-07-24,6,R3,0.2967
2026-03-09T10:00:09Z,2025-07-24,5,R3,0.2937
2026-03-09T10:00:09Z,2025-07-24,4,R3,0.2966
2026-03-09T10:00:09Z,2025-07-24,3,R3,0.2872
2026-03-09T10:00:09Z,2025-07-24,2,R3,0.2903
2026-03-09T10:00:09Z,2025-07-24,23,R3,0.9766
2026-03-09T10:00:09Z,2025-07-24,12,R3,0.4344
2026-03-09T10:00:09Z,2025-07-24,1,R3,0.2963
2026-03-09T10:00:09Z,2025-07-24,25,R3,0.9592
2026-03-09T10:00:09Z,2025-07-24,26,R3,0.9314
2026-03-09T10:00:09Z,2025-07-24,24,R3,0.9932
2026-03-09T10:00:09Z,2025-07-24,47,R3,0.3036
2026-03-09T10:00:09Z,2025-07-24,46,R3,0.3071
2026-03-09T10:00:09Z,2025-07-24,45,R3,0.3113
2026-03-09T10:00:09Z,2025-07-24,44,R3,0.3231
2026-03-09T10:00:09Z,2025-07-24,43,R3,0.3329
2026-03-09T10:00:09Z,2025-07-24,42,R3,0.3758
2026-03-09T10:00:09Z,2025-07-24,41,R3,0.3825
2026-03-09T10:00:09Z,2025-07-24,40,R3,0.3918
2026-03-09T10:00:09Z,2025-07-24,39,R3,0.3947
2026-03-09T10:00:09Z,2025-07-24,38,R3,0.4007
2026-03-09T10:00:09Z,2025-07-24,48,R3,0.296
2026-03-09T10:00:09Z,2025-07-24,36,R3,0.5225
2026-03-09T10:00:09Z,2025-07-24,35,R3,0.6977
2026-03-09T10:00:09Z,2025-07-24,34,R3,0.8306
2026-03-09T10:00:09Z,2025-07-24,33,R3,0.8942
2026-03-09T10:00:09Z,2025-07-24,32,R3,0.9206
2026-03-09T10:00:09Z,2025-07-24,31,R3,0.9206
2026-03-09T10:00:09Z,2025-07-24,30,R3,0.9687
2026-03-09T10:00:09Z,2025-07-24,29,R3,0.9297
2026-03-09T10:00:09Z,2025-07-24,28,R3,0.9658
2026-03-09T10:00:09Z,2025-07-24,27,R3,0.9896
2026-03-09T10:00:09Z,2025-07-24,37,R3,0.431
2026-03-09T10:00:09Z,2025-07-25,14,R3,8.5281
2026-03-09T10:00:09Z,2025-07-25,15,R3,8.5965
2026-03-09T10:00:09Z,2025-07-25,16,R3,8.9106
2026-03-09T10:00:09Z,2025-07-25,21,R3,12.5418
2026-03-09T10:00:09Z,2025-07-25,22,R3,13.0085
2026-03-09T10:00:09Z,2025-07-25,19,R3,10.8305
2026-03-09T10:00:09Z,2025-07-25,20,R3,12.0075
2026-03-09T10:00:09Z,2025-07-25,13,R3,8.5083
2026-03-09T10:00:09Z,2025-07-25,17,R3,9.5521
2026-03-09T10:00:09Z,2025-07-25,12,R3,8.5432
2026-03-09T10:00:09Z,2025-07-25,7,R3,8.3686
2026-03-09T10:00:09Z,2025-07-25,10,R3,8.8621
2026-03-09T10:00:09Z,2025-07-25,9,R3,8.5601
2026-03-09T10:00:09Z,2025-07-25,8,R3,8.5355
2026-03-09T10:00:09Z,2025-07-25,6,R3,8.3834
2026-03-09T10:00:09Z,2025-07-25,5,R3,8.2984
2026-03-09T10:00:09Z,2025-07-25,4,R3,8.2475
2026-03-09T10:00:09Z,2025-07-25,3,R3,8.1294
2026-03-09T10:00:09Z,2025-07-25,2,R3,8.2538
2026-03-09T10:00:09Z,2025-07-25,1,R3,8.3504
2026-03-09T10:00:09Z,2025-07-25,11,R3,8.4215
2026-03-09T10:00:09Z,2025-07-25,23,R3,12.8055
2026-03-09T10:00:09Z,2025-07-25,18,R3,10.127
2026-03-09T10:00:09Z,2025-07-25,24,R3,13.3328
2026-03-09T10:00:09Z,2025-07-25,25,R3,13.5438
2026-03-09T10:00:09Z,2025-07-25,47,R3,9.3499
2026-03-09T10:00:09Z,2025-07-25,46,R3,9.1815
2026-03-09T10:00:09Z,2025-07-25,45,R3,9.3152
2026-03-09T10:00:09Z,2025-07-25,44,R3,9.2445
2026-03-09T10:00:09Z,2025-07-25,43,R3,9.5408
2026-03-09T10:00:09Z,2025-07-25,42,R3,9.0674
2026-03-09T10:00:09Z,2025-07-25,41,R3,9.4505
2026-03-09T10:00:09Z,2025-07-25,40,R3,10.1053
2026-03-09T10:00:09Z,2025-07-25,39,R3,10.7318
2026-03-09T10:00:09Z,2025-07-25,38,R3,11.275
2026-03-09T10:00:09Z,2025-07-25,48,R3,9.2137
2026-03-09T10:00:09Z,2025-07-25,36,R3,12.4585
2026-03-09T10:00:09Z,2025-07-25,35,R3,13.2114
2026-03-09T10:00:09Z,2025-07-25,34,R3,13.9312
2026-03-09T10:00:09Z,2025-07-25,33,R3,14.2685
2026-03-09T10:00:09Z,2025-07-25,32,R3,14.4271
2026-03-09T10:00:09Z,2025-07-25,31,R3,14.1665
2026-03-09T10:00:09Z,2025-07-25,30,R3,14.5951
2026-03-09T10:00:09Z,2025-07-25,29,R3,13.8516
2026-03-09T10:00:09Z,2025-07-25,28,R3,12.9857
2026-03-09T10:00:09Z,2025-07-25,27,R3,13.5958
2026-03-09T10:00:09Z,2025-07-25,26,R3,13.5934
2026-03-09T10:00:09Z,2025-07-25,37,R3,12.0299
2026-03-09T10:00:09Z,2025-07-26,15,R3,8.8752
2026-03-09T10:00:09Z,2025-07-26,16,R3,9.1431
2026-03-09T10:00:09Z,2025-07-26,17,R3,8.9596
2026-03-09T10:00:09Z,2025-07-26,22,R3,10.7138
2026-03-09T10:00:09Z,2025-07-26,19,R3,10.6146
2026-03-09T10:00:09Z,2025-07-26,20,R3,10.612
2026-03-09T10:00:09Z,2025-07-26,21,R3,10.5145
2026-03-09T10:00:09Z,2025-07-26,14,R3,8.8371
2026-03-09T10:00:09Z,2025-07-26,18,R3,9.8183
2026-03-09T10:00:09Z,2025-07-26,13,R3,8.7077
2026-03-09T10:00:09Z,2025-07-26,7,R3,8.7708
2026-03-09T10:00:09Z,2025-07-26,11,R3,8.5063
2026-03-09T10:00:09Z,2025-07-26,10,R3,8.5347
2026-03-09T10:00:09Z,2025-07-26,9,R3,8.5811
2026-03-09T10:00:09Z,2025-07-26,8,R3,8.8886
2026-03-09T10:00:09Z,2025-07-26,6,R3,8.5917
2026-03-09T10:00:09Z,2025-07-26,5,R3,8.6308
2026-03-09T10:00:09Z,2025-07-26,4,R3,8.7796
2026-03-09T10:00:09Z,2025-07-26,3,R3,8.9603
2026-03-09T10:00:09Z,2025-07-26,2,R3,9.0205
2026-03-09T10:00:09Z,2025-07-26,23,R3,10.8629
2026-03-09T10:00:09Z,2025-07-26,12,R3,8.6959
2026-03-09T10:00:09Z,2025-07-26,24,R3,11.52
2026-03-09T10:00:09Z,2025-07-26,1,R3,9.149
2026-03-09T10:00:09Z,2025-07-26,26,R3,12.8321
2026-03-09T10:00:09Z,2025-07-26,48,R3,10.3961
2026-03-09T10:00:09Z,2025-07-26,47,R3,10.3961
2026-03-09T10:00:09Z,2025-07-26,46,R3,10.2565
2026-03-09T10:00:09Z,2025-07-26,45,R3,10.2342
2026-03-09T10:00:09Z,2025-07-26,44,R3,10.1472
2026-03-09T10:00:09Z,2025-07-26,43,R3,9.9309
2026-03-09T10:00:09Z,2025-07-26,42,R3,10.0586
2026-03-09T10:00:09Z,2025-07-26,41,R3,10.787
2026-03-09T10:00:09Z,2025-07-26,40,R3,11.1066
2026-03-09T10:00:09Z,2025-07-26,39,R3,11.5784
2026-03-09T10:00:09Z,2025-07-26,38,R3,12.496
2026-03-09T10:00:09Z,2025-07-26,25,R3,11.9985
2026-03-09T10:00:09Z,2025-07-26,36,R3,13.9043
2026-03-09T10:00:09Z,2025-07-26,35,R3,14.7077
2026-03-09T10:00:09Z,2025-07-26,34,R3,14.1932
2026-03-09T10:00:09Z,2025-07-26,33,R3,14.1528
2026-03-09T10:00:09Z,2025-07-26,32,R3,14.5999
2026-03-09T10:00:09Z,2025-07-26,31,R3,14.6409
2026-03-09T10:00:09Z,2025-07-26,30,R3,14.3206
2026-03-09T10:00:09Z,2025-07-26,29,R3,14.1576
2026-03-09T10:00:09Z,2025-07-26,28,R3,13.338
2026-03-09T10:00:09Z,2025-07-26,27,R3,13.157
2026-03-09T10:00:09Z,2025-07-26,37,R3,13.1971
2026-03-09T10:00:09Z,2025-07-27,15,R3,0.2567
2026-03-09T10:00:09Z,2025-07-27,16,R3,0.2602
2026-03-09T10:00:09Z,2025-07-27,17,R3,0.2348
2026-03-09T10:00:09Z,2025-07-27,22,R3,0.1992
2026-03-09T10:00:09Z,2025-07-27,19,R3,0.2295
2026-03-09T10:00:09Z,2025-07-27,20,R3,0.2037
2026-03-09T10:00:09Z,2025-07-27,21,R3,0.2109
2026-03-09T10:00:09Z,2025-07-27,14,R3,0.263
2026-03-09T10:00:09Z,2025-07-27,18,R3,0.2384
2026-03-09T10:00:09Z,2025-07-27,13,R3,0.2781
2026-03-09T10:00:09Z,2025-07-27,7,R3,0.2948
2026-03-09T10:00:09Z,2025-07-27,11,R3,0.287
2026-03-09T10:00:09Z,2025-07-27,10,R3,0.2863
2026-03-09T10:00:09Z,2025-07-27,9,R3,0.2906
2026-03-09T10:00:09Z,2025-07-27,8,R3,0.2939
2026-03-09T10:00:09Z,2025-07-27,6,R3,0.2957
2026-03-09T10:00:09Z,2025-07-27,5,R3,0.2852
2026-03-09T10:00:09Z,2025-07-27,4,R3,0.2883
2026-03-09T10:00:09Z,2025-07-27,3,R3,0.2885
2026-03-09T10:00:09Z,2025-07-27,2,R3,0.2895
2026-03-09T10:00:09Z,2025-07-27,23,R3,0.1802
2026-03-09T10:00:09Z,2025-07-27,12,R3,0.2837
2026-03-09T10:00:09Z,2025-07-27,1,R3,0.287
2026-03-09T10:00:09Z,2025-07-27,24,R3,0.1758
2026-03-09T10:00:09Z,2025-07-27,26,R3,0.1839
2026-03-09T10:00:09Z,2025-07-27,25,R3,0.1806
2026-03-09T10:00:09Z,2025-07-27,48,R3,0.2716
2026-03-09T10:00:09Z,2025-07-27,47,R3,0.2757
2026-03-09T10:00:09Z,2025-07-27,46,R3,0.2778
2026-03-09T10:00:09Z,2025-07-27,45,R3,0.2733
2026-03-09T10:00:09Z,2025-07-27,44,R3,0.29
2026-03-09T10:00:09Z,2025-07-27,43,R3,0.2872
2026-03-09T10:00:09Z,2025-07-27,41,R3,0.2864
2026-03-09T10:00:09Z,2025-07-27,40,R3,0.281
2026-03-09T10:00:09Z,2025-07-27,39,R3,0.2601
2026-03-09T10:00:09Z,2025-07-27,38,R3,0.2495
2026-03-09T10:00:09Z,2025-07-27,42,R3,0.2777
2026-03-09T10:00:09Z,2025-07-27,36,R3,0.2299
2026-03-09T10:00:09Z,2025-07-27,37,R3,0.2442
2026-03-09T10:00:09Z,2025-07-27,28,R3,0.2136
2026-03-09T10:00:09Z,2025-07-27,29,R3,0.2278
2026-03-09T10:00:09Z,2025-07-27,30,R3,0.2334
2026-03-09T10:00:09Z,2025-07-27,31,R3,0.2112
2026-03-09T10:00:09Z,2025-07-27,27,R3,0.1746
2026-03-09T10:00:09Z,2025-07-27,33,R3,0.1975
2026-03-09T10:00:09Z,2025-07-27,34,R3,0.2197
2026-03-09T10:00:09Z,2025-07-27,35,R3,0.2089
2026-03-09T10:00:09Z,2025-07-27,32,R3,0.2022
2026-03-09T10:00:09Z,2025-07-28,14,R3,0.7876
2026-03-09T10:00:09Z,2025-07-28,22,R3,0.8716
2026-03-09T10:00:09Z,2025-07-28,21,R3,0.9654
2026-03-09T10:00:09Z,2025-07-28,20,R3,0.9754
2026-03-09T10:00:09Z,2025-07-28,19,R3,0.9909
2026-03-09T10:00:09Z,2025-07-28,18,R3,0.9725
2026-03-09T10:00:09Z,2025-07-28,17,R3,0.9541
2026-03-09T10:00:09Z,2025-07-28,16,R3,0.9075
2026-03-09T10:00:09Z,2025-07-28,15,R3,0.8782
2026-03-09T10:00:09Z,2025-07-28,13,R3,0.8763
2026-03-09T10:00:09Z,2025-07-28,23,R3,0.9407
2026-03-09T10:00:09Z,2025-07-28,11,R3,0.3206
2026-03-09T10:00:09Z,2025-07-28,10,R3,0.3062
2026-03-09T10:00:09Z,2025-07-28,9,R3,0.2969
2026-03-09T10:00:09Z,2025-07-28,8,R3,0.2889
2026-03-09T10:00:09Z,2025-07-28,7,R3,0.2883
2026-03-09T10:00:09Z,2025-07-28,6,R3,0.2815
2026-03-09T10:00:09Z,2025-07-28,5,R3,0.2819
2026-03-09T10:00:09Z,2025-07-28,4,R3,0.2812
2026-03-09T10:00:09Z,2025-07-28,3,R3,0.28
2026-03-09T10:00:09Z,2025-07-28,2,R3,0.2835
2026-03-09T10:00:09Z,2025-07-28,12,R3,0.4763
2026-03-09T10:00:09Z,2025-07-28,24,R3,0.9044
2026-03-09T10:00:09Z,2025-07-28,1,R3,0.2793
2026-03-09T10:00:09Z,2025-07-28,26,R3,0.8467
2026-03-09T10:00:09Z,2025-07-28,48,R3,0.284
2026-03-09T10:00:09Z,2025-07-28,47,R3,0.2799
2026-03-09T10:00:09Z,2025-07-28,46,R3,0.2916
2026-03-09T10:00:09Z,2025-07-28,45,R3,0.2866
2026-03-09T10:00:09Z,2025-07-28,44,R3,0.2924
2026-03-09T10:00:09Z,2025-07-28,43,R3,0.3081
2026-03-09T10:00:09Z,2025-07-28,42,R3,0.3649
2026-03-09T10:00:09Z,2025-07-28,41,R3,0.3948
2026-03-09T10:00:09Z,2025-07-28,40,R3,0.3933
2026-03-09T10:00:09Z,2025-07-28,39,R3,0.3805
2026-03-09T10:00:09Z,2025-07-28,38,R3,0.4552
2026-03-09T10:00:09Z,2025-07-28,25,R3,0.8325
2026-03-09T10:00:09Z,2025-07-28,36,R3,0.6479
2026-03-09T10:00:09Z,2025-07-28,37,R3,0.4688
2026-03-09T10:00:09Z,2025-07-28,28,R3,1.0004
2026-03-09T10:00:09Z,2025-07-28,29,R3,1.0064
2026-03-09T10:00:09Z,2025-07-28,30,R3,1.0397
2026-03-09T10:00:09Z,2025-07-28,27,R3,0.8993
2026-03-09T10:00:09Z,2025-07-28,32,R3,0.9122
2026-03-09T10:00:09Z,2025-07-28,33,R3,0.9471
2026-03-09T10:00:09Z,2025-07-28,34,R3,0.9254
2026-03-09T10:00:09Z,2025-07-28,35,R3,0.7442
2026-03-09T10:00:09Z,2025-07-28,31,R3,0.8874
2025-12-08T09:55:17Z,2025-07-29,13,R2,0.7034
2025-12-08T09:55:17Z,2025-07-29,21,R2,0.9139
2025-12-08T09:55:17Z,2025-07-29,20,R2,0.9784
2025-12-08T09:55:17Z,2025-07-29,19,R2,0.9187
2025-12-08T09:55:17Z,2025-07-29,17,R2,0.8734
2025-12-08T09:55:17Z,2025-07-29,16,R2,0.7924
2025-12-08T09:55:17Z,2025-07-29,15,R2,0.9038
2025-12-08T09:55:17Z,2025-07-29,14,R2,0.8079
2025-12-08T09:55:17Z,2025-07-29,12,R2,0.4116
2025-12-08T09:55:17Z,2025-07-29,7,R2,0.2886
2025-12-08T09:55:17Z,2025-07-29,10,R2,0.2875
2025-12-08T09:55:17Z,2025-07-29,9,R2,0.2835
2025-12-08T09:55:17Z,2025-07-29,8,R2,0.2795
2025-12-08T09:55:17Z,2025-07-29,22,R2,1.0317
2025-12-08T09:55:17Z,2025-07-29,6,R2,0.2876
2025-12-08T09:55:17Z,2025-07-29,5,R2,0.2783
2025-12-08T09:55:17Z,2025-07-29,4,R2,0.288
2025-12-08T09:55:17Z,2025-07-29,3,R2,0.2824
2025-12-08T09:55:17Z,2025-07-29,2,R2,0.2842
2025-12-08T09:55:17Z,2025-07-29,1,R2,0.2838
2025-12-08T09:55:17Z,2025-07-29,11,R2,0.2912
2025-12-08T09:55:17Z,2025-07-29,23,R2,1.0362
2025-12-08T09:55:17Z,2025-07-29,18,R2,0.9074
2025-12-08T09:55:17Z,2025-07-29,48,R2,0.2782
2025-12-08T09:55:17Z,2025-07-29,25,R2,0.988
2025-12-08T09:55:17Z,2025-07-29,47,R2,0.2862
2025-12-08T09:55:17Z,2025-07-29,46,R2,0.2902
2025-12-08T09:55:17Z,2025-07-29,45,R2,0.2854
2025-12-08T09:55:17Z,2025-07-29,44,R2,0.2941
2025-12-08T09:55:17Z,2025-07-29,43,R2,0.3175
2025-12-08T09:55:17Z,2025-07-29,42,R2,0.3647
2025-12-08T09:55:17Z,2025-07-29,41,R2,0.3865
2025-12-08T09:55:17Z,2025-07-29,40,R2,0.3947
2025-12-08T09:55:17Z,2025-07-29,39,R2,0.3901
2025-12-08T09:55:17Z,2025-07-29,38,R2,0.4595
2025-12-08T09:55:17Z,2025-07-29,24,R2,1.0352
2025-12-08T09:55:17Z,2025-07-29,36,R2,0.6382
2025-12-08T09:55:17Z,2025-07-29,37,R2,0.505
2025-12-08T09:55:17Z,2025-07-29,27,R2,1.0647
2025-12-08T09:55:17Z,2025-07-29,28,R2,1.0088
2025-12-08T09:55:17Z,2025-07-29,29,R2,1.0186
2025-12-08T09:55:17Z,2025-07-29,30,R2,1.0275
2025-12-08T09:55:17Z,2025-07-29,26,R2,0.9729
2025-12-08T09:55:17Z,2025-07-29,32,R2,0.9584
2025-12-08T09:55:17Z,2025-07-29,33,R2,0.9312
2025-12-08T09:55:17Z,2025-07-29,34,R2,0.8152
2025-12-08T09:55:17Z,2025-07-29,35,R2,0.7009
2025-12-08T09:55:17Z,2025-07-29,31,R2,0.9866
2025-12-08T09:55:17Z,2025-07-30,14,R2,8.0216
2025-12-08T09:55:17Z,2025-07-30,22,R2,10.0839
2025-12-08T09:55:17Z,2025-07-30,21,R2,10.6837
2025-12-08T09:55:17Z,2025-07-30,20,R2,10.5528
2025-12-08T09:55:17Z,2025-07-30,19,R2,9.8845
2025-12-08T09:55:17Z,2025-07-30,18,R2,9.5998
2025-12-08T09:55:17Z,2025-07-30,17,R2,9.3996
2025-12-08T09:55:17Z,2025-07-30,16,R2,8.8194
2025-12-08T09:55:17Z,2025-07-30,15,R2,8.1809
2025-12-08T09:55:17Z,2025-07-30,13,R2,7.9778
2025-12-08T09:55:17Z,2025-07-30,7,R2,8.16
2025-12-08T09:55:17Z,2025-07-30,11,R2,8.0474
2025-12-08T09:55:17Z,2025-07-30,10,R2,7.9399
2025-12-08T09:55:17Z,2025-07-30,9,R2,7.9959
2025-12-08T09:55:17Z,2025-07-30,8,R2,8.0055
2025-12-08T09:55:17Z,2025-07-30,6,R2,8.1102
2025-12-08T09:55:17Z,2025-07-30,5,R2,8.1364
2025-12-08T09:55:17Z,2025-07-30,4,R2,8.3045
2025-12-08T09:55:17Z,2025-07-30,3,R2,8.0995
2025-12-08T09:55:17Z,2025-07-30,2,R2,8.2759
2025-12-08T09:55:17Z,2025-07-30,1,R2,8.3041
2025-12-08T09:55:17Z,2025-07-30,12,R2,8.0652
2025-12-08T09:55:17Z,2025-07-30,23,R2,10.5427
2025-12-08T09:55:17Z,2025-07-30,24,R2,11.4422
2025-12-08T09:55:17Z,2025-07-30,26,R2,12.5777
2025-12-08T09:55:17Z,2025-07-30,48,R2,10.19
2025-12-08T09:55:17Z,2025-07-30,47,R2,10.0017
2025-12-08T09:55:17Z,2025-07-30,46,R2,10.1961
2025-12-08T09:55:17Z,2025-07-30,45,R2,10.1585
2025-12-08T09:55:17Z,2025-07-30,44,R2,10.1513
2025-12-08T09:55:17Z,2025-07-30,43,R2,10.4579
2025-12-08T09:55:17Z,2025-07-30,42,R2,10.3559
2025-12-08T09:55:17Z,2025-07-30,41,R2,10.646
2025-12-08T09:55:17Z,2025-07-30,40,R2,11.5854
2025-12-08T09:55:17Z,2025-07-30,39,R2,11.4827
2025-12-08T09:55:17Z,2025-07-30,38,R2,12.2949
2025-12-08T09:55:17Z,2025-07-30,25,R2,12.119
2025-12-08T09:55:17Z,2025-07-30,36,R2,14.08
2025-12-08T09:55:17Z,2025-07-30,35,R2,14.1092
2025-12-08T09:55:17Z,2025-07-30,34,R2,15.0344
2025-12-08T09:55:17Z,2025-07-30,33,R2,15.5509
2025-12-08T09:55:17Z,2025-07-30,32,R2,14.6866
2025-12-08T09:55:17Z,2025-07-30,31,R2,13.4571
2025-12-08T09:55:17Z,2025-07-30,30,R2,14.3115
2025-12-08T09:55:17Z,2025-07-30,29,R2,13.2784
2025-12-08T09:55:17Z,2025-07-30,28,R2,14.1294
2025-12-08T09:55:17Z,2025-07-30,27,R2,12.9065
2025-12-08T09:55:17Z,2025-07-30,37,R2,13.3317
2025-12-08T09:55:17Z,2025-07-31,15,R2,0.89
2025-12-08T09:55:17Z,2025-07-31,16,R2,0.9337
2025-12-08T09:55:17Z,2025-07-31,17,R2,0.9715
2025-12-08T09:55:17Z,2025-07-31,22,R2,1.0343
2025-12-08T09:55:17Z,2025-07-31,19,R2,1.0005
2025-12-08T09:55:17Z,2025-07-31,20,R2,1.0887
2025-12-08T09:55:17Z,2025-07-31,21,R2,1.1019
2025-12-08T09:55:17Z,2025-07-31,14,R2,0.7783
2025-12-08T09:55:17Z,2025-07-31,18,R2,0.9808
2025-12-08T09:55:17Z,2025-07-31,13,R2,0.7365
2025-12-08T09:55:17Z,2025-07-31,7,R2,0.2931
2025-12-08T09:55:17Z,2025-07-31,11,R2,0.2899
2025-12-08T09:55:17Z,2025-07-31,10,R2,0.2856
2025-12-08T09:55:17Z,2025-07-31,9,R2,0.2845
2025-12-08T09:55:17Z,2025-07-31,8,R2,0.2858
2025-12-08T09:55:17Z,2025-07-31,6,R2,0.2937
2025-12-08T09:55:17Z,2025-07-31,5,R2,0.2909
2025-12-08T09:55:17Z,2025-07-31,4,R2,0.2932
2025-12-08T09:55:17Z,2025-07-31,3,R2,0.2886
2025-12-08T09:55:17Z,2025-07-31,2,R2,0.2869
2025-12-08T09:55:17Z,2025-07-31,23,R2,1.0853
2025-12-08T09:55:17Z,2025-07-31,12,R2,0.4215
2025-12-08T09:55:17Z,2025-07-31,1,R2,0.2892
2025-12-08T09:55:17Z,2025-07-31,24,R2,1.0884
2025-12-08T09:55:17Z,2025-07-31,26,R2,0.9474
2025-12-08T09:55:17Z,2025-07-31,25,R2,1.0729
2025-12-08T09:55:17Z,2025-07-31,48,R2,0.2885
2025-12-08T09:55:17Z,2025-07-31,47,R2,0.2934
2025-12-08T09:55:17Z,2025-07-31,46,R2,0.2939
2025-12-08T09:55:17Z,2025-07-31,45,R2,0.2914
2025-12-08T09:55:17Z,2025-07-31,44,R2,0.3035
2025-12-08T09:55:17Z,2025-07-31,43,R2,0.3127
2025-12-08T09:55:17Z,2025-07-31,41,R2,0.3996
2025-12-08T09:55:17Z,2025-07-31,40,R2,0.3842
2025-12-08T09:55:17Z,2025-07-31,39,R2,0.3783
2025-12-08T09:55:17Z,2025-07-31,38,R2,0.4927
2025-12-08T09:55:17Z,2025-07-31,42,R2,0.3657
2025-12-08T09:55:17Z,2025-07-31,36,R2,0.6143
2025-12-08T09:55:17Z,2025-07-31,37,R2,0.5123
2025-12-08T09:55:17Z,2025-07-31,28,R2,1.0786
2025-12-08T09:55:17Z,2025-07-31,29,R2,0.9864
2025-12-08T09:55:17Z,2025-07-31,30,R2,0.9134
2025-12-08T09:55:17Z,2025-07-31,31,R2,0.9826
2025-12-08T09:55:17Z,2025-07-31,27,R2,1.1484
2025-12-08T09:55:17Z,2025-07-31,33,R2,0.9219
2025-12-08T09:55:17Z,2025-07-31,34,R2,0.823
2025-12-08T09:55:17Z,2025-07-31,35,R2,0.6927
2025-12-08T09:55:17Z,2025-07-31,32,R2,0.9894
2025-12-08T09:55:17Z,2025-08-01,14,R2,9.4398
2025-12-08T09:55:17Z,2025-08-01,22,R2,12.5739
2025-12-08T09:55:17Z,2025-08-01,21,R2,12.778
2025-12-08T09:55:17Z,2025-08-01,20,R2,12.1156
2025-12-08T09:55:17Z,2025-08-01,19,R2,11.6786
2025-12-08T09:55:17Z,2025-08-01,18,R2,11.5174
2025-12-08T09:55:17Z,2025-08-01,17,R2,10.2503
2025-12-08T09:55:17Z,2025-08-01,16,R2,9.2223
2025-12-08T09:55:17Z,2025-08-01,15,R2,9.4282
2025-12-08T09:55:17Z,2025-08-01,13,R2,9.5197
2025-12-08T09:55:17Z,2025-08-01,1,R2,10.4515
2025-12-08T09:55:17Z,2025-08-01,11,R2,9.9207
2025-12-08T09:55:17Z,2025-08-01,10,R2,10.1368
2025-12-08T09:55:17Z,2025-08-01,9,R2,10.0301
2025-12-08T09:55:17Z,2025-08-01,8,R2,9.9592
2025-12-08T09:55:17Z,2025-08-01,7,R2,9.6543
2025-12-08T09:55:17Z,2025-08-01,6,R2,9.547
2025-12-08T09:55:17Z,2025-08-01,5,R2,9.6767
2025-12-08T09:55:17Z,2025-08-01,4,R2,10.2372
2025-12-08T09:55:17Z,2025-08-01,3,R2,10.0006
2025-12-08T09:55:17Z,2025-08-01,2,R2,10.6126
2025-12-08T09:55:17Z,2025-08-01,12,R2,9.861
2025-12-08T09:55:17Z,2025-08-01,23,R2,12.4727
2025-12-08T09:55:17Z,2025-08-01,24,R2,12.0212
2025-12-08T09:55:17Z,2025-08-01,26,R2,12.9012
2025-12-08T09:55:17Z,2025-08-01,48,R2,9.6054
2025-12-08T09:55:17Z,2025-08-01,47,R2,9.2092
2025-12-08T09:55:17Z,2025-08-01,46,R2,8.9423
2025-12-08T09:55:17Z,2025-08-01,45,R2,8.9415
2025-12-08T09:55:17Z,2025-08-01,44,R2,9.3057
2025-12-08T09:55:17Z,2025-08-01,43,R2,9.4797
2025-12-08T09:55:17Z,2025-08-01,42,R2,10.3357
2025-12-08T09:55:17Z,2025-08-01,41,R2,11.1804
2025-12-08T09:55:17Z,2025-08-01,40,R2,11.6829
2025-12-08T09:55:17Z,2025-08-01,39,R2,12.5059
2025-12-08T09:55:17Z,2025-08-01,38,R2,13.0258
2025-12-08T09:55:17Z,2025-08-01,25,R2,12.807
2025-12-08T09:55:17Z,2025-08-01,36,R2,14.5651
2025-12-08T09:55:17Z,2025-08-01,27,R2,13.2904
2025-12-08T09:55:17Z,2025-08-01,28,R2,14.3419
2025-12-08T09:55:17Z,2025-08-01,29,R2,15.4724
2025-12-08T09:55:17Z,2025-08-01,30,R2,15.6617
2025-12-08T09:55:17Z,2025-08-01,37,R2,13.3105
2025-12-08T09:55:17Z,2025-08-01,32,R2,15.6448
2025-12-08T09:55:17Z,2025-08-01,33,R2,15.8775
2025-12-08T09:55:17Z,2025-08-01,34,R2,15.7508
2025-12-08T09:55:17Z,2025-08-01,35,R2,15.4386
2025-12-08T09:55:17Z,2025-08-01,31,R2,15.5264
2025-12-08T09:55:17Z,2025-08-02,13,R2,8.1414
2025-12-08T09:55:17Z,2025-08-02,22,R2,11.0426
2025-12-08T09:55:17Z,2025-08-02,21,R2,10.0839
2025-12-08T09:55:17Z,2025-08-02,20,R2,11.0543
2025-12-08T09:55:17Z,2025-08-02,19,R2,10.5096
2025-12-08T09:55:17Z,2025-08-02,17,R2,9.0149
2025-12-08T09:55:17Z,2025-08-02,16,R2,8.478
2025-12-08T09:55:17Z,2025-08-02,15,R2,8.1504
2025-12-08T09:55:17Z,2025-08-02,14,R2,7.972
2025-12-08T09:55:17Z,2025-08-02,12,R2,8.2477
2025-12-08T09:55:17Z,2025-08-02,6,R2,8.4741
2025-12-08T09:55:17Z,2025-08-02,10,R2,8.2808
2025-12-08T09:55:17Z,2025-08-02,9,R2,8.2252
2025-12-08T09:55:17Z,2025-08-02,8,R2,8.2576
2025-12-08T09:55:17Z,2025-08-02,7,R2,8.308
2025-12-08T09:55:17Z,2025-08-02,23,R2,11.6288
2025-12-08T09:55:17Z,2025-08-02,5,R2,8.8191
2025-12-08T09:55:17Z,2025-08-02,4,R2,8.9661
2025-12-08T09:55:17Z,2025-08-02,3,R2,9.0363
2025-12-08T09:55:17Z,2025-08-02,2,R2,8.9531
2025-12-08T09:55:17Z,2025-08-02,1,R2,9.1346
2025-12-08T09:55:17Z,2025-08-02,11,R2,8.2469
2025-12-08T09:55:17Z,2025-08-02,24,R2,11.4736
2025-12-08T09:55:17Z,2025-08-02,18,R2,9.5151
2025-12-08T09:55:17Z,2025-08-02,26,R2,12.7641
2025-12-08T09:55:17Z,2025-08-02,25,R2,12.0271
2025-12-08T09:55:17Z,2025-08-02,47,R2,9.9342
2025-12-08T09:55:17Z,2025-08-02,46,R2,10.2173
2025-12-08T09:55:17Z,2025-08-02,45,R2,10.0663
2025-12-08T09:55:17Z,2025-08-02,44,R2,10.0246
2025-12-08T09:55:17Z,2025-08-02,43,R2,9.1644
2025-12-08T09:55:17Z,2025-08-02,42,R2,9.7515
2025-12-08T09:55:17Z,2025-08-02,41,R2,10.3788
2025-12-08T09:55:17Z,2025-08-02,40,R2,10.9154
2025-12-08T09:55:17Z,2025-08-02,39,R2,11.7514
2025-12-08T09:55:17Z,2025-08-02,38,R2,12.768
2025-12-08T09:55:17Z,2025-08-02,48,R2,9.7929
2025-12-08T09:55:17Z,2025-08-02,36,R2,13.5257
2025-12-08T09:55:17Z,2025-08-02,37,R2,13.4804
2025-12-08T09:55:17Z,2025-08-02,28,R2,12.8762
2025-12-08T09:55:17Z,2025-08-02,29,R2,13.0575
2025-12-08T09:55:17Z,2025-08-02,30,R2,13.2625
2025-12-08T09:55:17Z,2025-08-02,27,R2,12.5552
2025-12-08T09:55:17Z,2025-08-02,32,R2,14.8601
2025-12-08T09:55:17Z,2025-08-02,33,R2,13.3549
2025-12-08T09:55:17Z,2025-08-02,34,R2,13.4172
2025-12-08T09:55:17Z,2025-08-02,35,R2,13.8493
2025-12-08T09:55:17Z,2025-08-02,31,R2,14.0239
2025-12-08T09:55:17Z,2025-08-03,22,R2,15.3046
2025-12-08T09:55:17Z,2025-08-03,13,R2,10.8864
2025-12-08T09:55:17Z,2025-08-03,21,R2,14.7418
2025-12-08T09:55:17Z,2025-08-03,20,R2,14.5705
2025-12-08T09:55:17Z,2025-08-03,19,R2,13.5981
2025-12-08T09:55:17Z,2025-08-03,17,R2,11.8882
2025-12-08T09:55:17Z,2025-08-03,16,R2,11.503
2025-12-08T09:55:17Z,2025-08-03,15,R2,11.1297
2025-12-08T09:55:17Z,2025-08-03,14,R2,10.6346
2025-12-08T09:55:17Z,2025-08-03,12,R2,10.4224
2025-12-08T09:55:17Z,2025-08-03,6,R2,9.4151
2025-12-08T09:55:17Z,2025-08-03,10,R2,9.8321
2025-12-08T09:55:17Z,2025-08-03,9,R2,9.685
2025-12-08T09:55:17Z,2025-08-03,8,R2,9.5843
2025-12-08T09:55:17Z,2025-08-03,7,R2,9.3083
2025-12-08T09:55:17Z,2025-08-03,5,R2,9.2817
2025-12-08T09:55:17Z,2025-08-03,4,R2,9.4393
2025-12-08T09:55:17Z,2025-08-03,3,R2,9.6594
2025-12-08T09:55:17Z,2025-08-03,2,R2,9.6706
2025-12-08T09:55:17Z,2025-08-03,1,R2,9.7561
2025-12-08T09:55:17Z,2025-08-03,23,R2,15.5605
2025-12-08T09:55:17Z,2025-08-03,11,R2,9.0461
2025-12-08T09:55:17Z,2025-08-03,24,R2,15.6005
2025-12-08T09:55:17Z,2025-08-03,18,R2,12.4849
2025-12-08T09:55:17Z,2025-08-03,26,R2,15.241
2025-12-08T09:55:17Z,2025-08-03,47,R2,8.7711
2025-12-08T09:55:17Z,2025-08-03,46,R2,8.9575
2025-12-08T09:55:17Z,2025-08-03,45,R2,9.0643
2025-12-08T09:55:17Z,2025-08-03,44,R2,9.2119
2025-12-08T09:55:17Z,2025-08-03,43,R2,9.2837
2025-12-08T09:55:17Z,2025-08-03,42,R2,9.338
2025-12-08T09:55:17Z,2025-08-03,41,R2,9.3425
2025-12-08T09:55:17Z,2025-08-03,40,R2,10.5977
2025-12-08T09:55:17Z,2025-08-03,39,R2,11.5263
2025-12-08T09:55:17Z,2025-08-03,38,R2,13.3511
2025-12-08T09:55:17Z,2025-08-03,37,R2,15.0834
2025-12-08T09:55:17Z,2025-08-03,25,R2,15.1305
2025-12-08T09:55:17Z,2025-08-03,35,R2,16.2753
2025-12-08T09:55:17Z,2025-08-03,34,R2,17.3076
2025-12-08T09:55:17Z,2025-08-03,33,R2,17.4989
2025-12-08T09:55:17Z,2025-08-03,32,R2,16.4209
2025-12-08T09:55:17Z,2025-08-03,31,R2,15.1942
2025-12-08T09:55:17Z,2025-08-03,48,R2,8.9126
2025-12-08T09:55:17Z,2025-08-03,30,R2,14.8008
2025-12-08T09:55:17Z,2025-08-03,29,R2,14.5148
2025-12-08T09:55:17Z,2025-08-03,28,R2,14.8199
2025-12-08T09:55:17Z,2025-08-03,27,R2,14.4942
2025-12-08T09:55:17Z,2025-08-03,36,R2,15.8029
2025-12-08T09:55:17Z,2025-08-04,15,R2,14.2328
2025-12-08T09:55:17Z,2025-08-04,16,R2,14.6648
2025-12-08T09:55:17Z,2025-08-04,17,R2,14.9936
2025-12-08T09:55:17Z,2025-08-04,22,R2,16.9928
2025-12-08T09:55:17Z,2025-08-04,19,R2,15.9202
2025-12-08T09:55:17Z,2025-08-04,20,R2,16.9801
2025-12-08T09:55:17Z,2025-08-04,21,R2,16.7222
2025-12-08T09:55:17Z,2025-08-04,14,R2,13.8797
2025-12-08T09:55:17Z,2025-08-04,18,R2,15.4863
2025-12-08T09:55:17Z,2025-08-04,13,R2,13.6546
2025-12-08T09:55:17Z,2025-08-04,7,R2,10.2969
2025-12-08T09:55:17Z,2025-08-04,11,R2,12.8189
2025-12-08T09:55:17Z,2025-08-04,10,R2,11.9491
2025-12-08T09:55:17Z,2025-08-04,9,R2,11.2179
2025-12-08T09:55:17Z,2025-08-04,8,R2,10.3616
2025-12-08T09:55:17Z,2025-08-04,6,R2,9.6015
2025-12-08T09:55:17Z,2025-08-04,5,R2,9.1037
2025-12-08T09:55:17Z,2025-08-04,4,R2,8.5783
2025-12-08T09:55:17Z,2025-08-04,3,R2,8.17
2025-12-08T09:55:17Z,2025-08-04,2,R2,8.2277
2025-12-08T09:55:17Z,2025-08-04,23,R2,16.9509
2025-12-08T09:55:17Z,2025-08-04,12,R2,13.6895
2025-12-08T09:55:17Z,2025-08-04,1,R2,8.4643
2025-12-08T09:55:17Z,2025-08-04,24,R2,16.6796
2025-12-08T09:55:17Z,2025-08-04,26,R2,16.5597
2025-12-08T09:55:17Z,2025-08-04,25,R2,16.7479
2025-12-08T09:55:17Z,2025-08-04,48,R2,12.9818
2025-12-08T09:55:17Z,2025-08-04,47,R2,12.78
2025-12-08T09:55:17Z,2025-08-04,46,R2,12.6759
2025-12-08T09:55:17Z,2025-08-04,45,R2,12.9077
2025-12-08T09:55:17Z,2025-08-04,44,R2,13.1645
2025-12-08T09:55:17Z,2025-08-04,43,R2,13.0467
2025-12-08T09:55:17Z,2025-08-04,41,R2,13.4205
2025-12-08T09:55:17Z,2025-08-04,40,R2,13.6776
2025-12-08T09:55:17Z,2025-08-04,39,R2,14.1053
2025-12-08T09:55:17Z,2025-08-04,38,R2,14.6582
2025-12-08T09:55:17Z,2025-08-04,42,R2,13.1116
2025-12-08T09:55:17Z,2025-08-04,36,R2,16.4878
2025-12-08T09:55:17Z,2025-08-04,37,R2,16.4767
2025-12-08T09:55:17Z,2025-08-04,28,R2,16.4085
2025-12-08T09:55:17Z,2025-08-04,29,R2,16.1431
2025-12-08T09:55:17Z,2025-08-04,30,R2,15.7874
2025-12-08T09:55:17Z,2025-08-04,31,R2,15.9551
2025-12-08T09:55:17Z,2025-08-04,27,R2,16.1285
2025-12-08T09:55:17Z,2025-08-04,33,R2,16.7441
2025-12-08T09:55:17Z,2025-08-04,34,R2,17.8107
2025-12-08T09:55:17Z,2025-08-04,35,R2,17.2221
2025-12-08T09:55:17Z,2025-08-04,32,R2,16.2849
2025-12-08T09:55:17Z,2025-08-05,13,R2,0.918
2025-12-08T09:55:17Z,2025-08-05,21,R2,1.2562
2025-12-08T09:55:17Z,2025-08-05,20,R2,1.2477
2025-12-08T09:55:17Z,2025-08-05,19,R2,1.2574
2025-12-08T09:55:17Z,2025-08-05,18,R2,1.2405
2025-12-08T09:55:17Z,2025-08-05,17,R2,1.2041
2025-12-08T09:55:17Z,2025-08-05,16,R2,1.1919
2025-12-08T09:55:17Z,2025-08-05,15,R2,1.1323
2025-12-08T09:55:17Z,2025-08-05,14,R2,0.9933
2025-12-08T09:55:17Z,2025-08-05,12,R2,0.6681
2025-12-08T09:55:17Z,2025-08-05,1,R2,0.5287
2025-12-08T09:55:17Z,2025-08-05,10,R2,0.5376
2025-12-08T09:55:17Z,2025-08-05,9,R2,0.5282
2025-12-08T09:55:17Z,2025-08-05,8,R2,0.5292
2025-12-08T09:55:17Z,2025-08-05,7,R2,0.5344
2025-12-08T09:55:17Z,2025-08-05,22,R2,1.18
2025-12-08T09:55:17Z,2025-08-05,6,R2,0.533
2025-12-08T09:55:17Z,2025-08-05,5,R2,0.5345
2025-12-08T09:55:17Z,2025-08-05,4,R2,0.5339
2025-12-08T09:55:17Z,2025-08-05,3,R2,0.5425
2025-12-08T09:55:17Z,2025-08-05,2,R2,0.5451
2025-12-08T09:55:17Z,2025-08-05,11,R2,0.5308
2025-12-08T09:55:17Z,2025-08-05,23,R2,1.207
2025-12-08T09:55:17Z,2025-08-05,42,R2,0.6294
2025-12-08T09:55:17Z,2025-08-05,25,R2,1.2254
2025-12-08T09:55:17Z,2025-08-05,24,R2,1.2436
2025-12-08T09:55:17Z,2025-08-05,47,R2,0.5536
2025-12-08T09:55:17Z,2025-08-05,46,R2,0.5565
2025-12-08T09:55:17Z,2025-08-05,45,R2,0.5611
2025-12-08T09:55:17Z,2025-08-05,44,R2,0.5768
2025-12-08T09:55:17Z,2025-08-05,43,R2,0.5741
2025-12-08T09:55:17Z,2025-08-05,41,R2,0.6433
2025-12-08T09:55:17Z,2025-08-05,40,R2,0.6429
2025-12-08T09:55:17Z,2025-08-05,39,R2,0.6486
2025-12-08T09:55:17Z,2025-08-05,38,R2,0.7084
2025-12-08T09:55:17Z,2025-08-05,37,R2,0.7225
2025-12-08T09:55:17Z,2025-08-05,48,R2,0.5541
2025-12-08T09:55:17Z,2025-08-05,35,R2,0.885
2025-12-08T09:55:17Z,2025-08-05,36,R2,0.7884
2025-12-08T09:55:17Z,2025-08-05,27,R2,1.2535
2025-12-08T09:55:17Z,2025-08-05,28,R2,1.2698
2025-12-08T09:55:17Z,2025-08-05,29,R2,1.2352
2025-12-08T09:55:17Z,2025-08-05,26,R2,1.1755
2025-12-08T09:55:17Z,2025-08-05,31,R2,1.1761
2025-12-08T09:55:17Z,2025-08-05,32,R2,1.1929
2025-12-08T09:55:17Z,2025-08-05,33,R2,1.1924
2025-12-08T09:55:17Z,2025-08-05,34,R2,1.0877
2025-12-08T09:55:17Z,2025-08-05,30,R2,1.1418
2025-12-08T09:55:17Z,2025-08-06,13,R2,0.8088
2025-12-08T09:55:17Z,2025-08-06,22,R2,0.9655
2025-12-08T09:55:17Z,2025-08-06,21,R2,1.1858
2025-12-08T09:55:17Z,2025-08-06,20,R2,1.196
2025-12-08T09:55:17Z,2025-08-06,19,R2,1.0211
2025-12-08T09:55:17Z,2025-08-06,17,R2,0.9784
2025-12-08T09:55:17Z,2025-08-06,16,R2,1.0606
2025-12-08T09:55:17Z,2025-08-06,15,R2,1.0413
2025-12-08T09:55:17Z,2025-08-06,14,R2,1.0236
2025-12-08T09:55:17Z,2025-08-06,12,R2,0.6643
2025-12-08T09:55:17Z,2025-08-06,6,R2,0.539
2025-12-08T09:55:17Z,2025-08-06,10,R2,0.5274
2025-12-08T09:55:17Z,2025-08-06,9,R2,0.5311
2025-12-08T09:55:17Z,2025-08-06,8,R2,0.5307
2025-12-08T09:55:17Z,2025-08-06,7,R2,0.5327
2025-12-08T09:55:17Z,2025-08-06,23,R2,0.8672
2025-12-08T09:55:17Z,2025-08-06,5,R2,0.5438
2025-12-08T09:55:17Z,2025-08-06,4,R2,0.5479
2025-12-08T09:55:17Z,2025-08-06,3,R2,0.5588
2025-12-08T09:55:17Z,2025-08-06,2,R2,0.5545
2025-12-08T09:55:17Z,2025-08-06,1,R2,0.5512
2025-12-08T09:55:17Z,2025-08-06,11,R2,0.533
2025-12-08T09:55:17Z,2025-08-06,24,R2,0.8293
2025-12-08T09:55:17Z,2025-08-06,18,R2,0.9915
2025-12-08T09:55:17Z,2025-08-06,26,R2,0.8134
2025-12-08T09:55:17Z,2025-08-06,25,R2,0.8274
2025-12-08T09:55:17Z,2025-08-06,47,R2,0.5466
2025-12-08T09:55:17Z,2025-08-06,46,R2,0.5558
2025-12-08T09:55:17Z,2025-08-06,45,R2,0.5417
2025-12-08T09:55:17Z,2025-08-06,44,R2,0.5434
2025-12-08T09:55:17Z,2025-08-06,43,R2,0.567
2025-12-08T09:55:17Z,2025-08-06,42,R2,0.6206
2025-12-08T09:55:17Z,2025-08-06,41,R2,0.641
2025-12-08T09:55:17Z,2025-08-06,40,R2,0.6402
2025-12-08T09:55:17Z,2025-08-06,39,R2,0.6567
2025-12-08T09:55:17Z,2025-08-06,38,R2,0.716
2025-12-08T09:55:17Z,2025-08-06,48,R2,0.5542
2025-12-08T09:55:17Z,2025-08-06,36,R2,0.8719
2025-12-08T09:55:17Z,2025-08-06,37,R2,0.7654
2025-12-08T09:55:17Z,2025-08-06,28,R2,0.9128
2025-12-08T09:55:17Z,2025-08-06,29,R2,1.1501
2025-12-08T09:55:17Z,2025-08-06,30,R2,1.1623
2025-12-08T09:55:17Z,2025-08-06,27,R2,0.8515
2025-12-08T09:55:17Z,2025-08-06,32,R2,1.2151
2025-12-08T09:55:17Z,2025-08-06,33,R2,1.154
2025-12-08T09:55:17Z,2025-08-06,34,R2,1.0934
2025-12-08T09:55:17Z,2025-08-06,35,R2,0.9795
2025-12-08T09:55:17Z,2025-08-06,31,R2,1.1983
2025-12-08T09:55:17Z,2025-08-07,21,R2,1.3289
2025-12-08T09:55:17Z,2025-08-07,13,R2,0.9632
2025-12-08T09:55:17Z,2025-08-07,20,R2,1.3444
2025-12-08T09:55:17Z,2025-08-07,19,R2,1.3712
2025-12-08T09:55:17Z,2025-08-07,18,R2,1.3093
2025-12-08T09:55:17Z,2025-08-07,17,R2,1.3077
2025-12-08T09:55:17Z,2025-08-07,16,R2,1.289
2025-12-08T09:55:17Z,2025-08-07,15,R2,1.1938
2025-12-08T09:55:17Z,2025-08-07,14,R2,1.0585
2025-12-08T09:55:17Z,2025-08-07,12,R2,0.75
2025-12-08T09:55:17Z,2025-08-07,1,R2,0.6115
2025-12-08T09:55:17Z,2025-08-07,10,R2,0.5872
2025-12-08T09:55:17Z,2025-08-07,9,R2,0.6093
2025-12-08T09:55:17Z,2025-08-07,8,R2,0.6111
2025-12-08T09:55:17Z,2025-08-07,7,R2,0.6089
2025-12-08T09:55:17Z,2025-08-07,6,R2,0.617
2025-12-08T09:55:17Z,2025-08-07,5,R2,0.6016
2025-12-08T09:55:17Z,2025-08-07,4,R2,0.582
2025-12-08T09:55:17Z,2025-08-07,3,R2,0.6213
2025-12-08T09:55:17Z,2025-08-07,2,R2,0.6173
2025-12-08T09:55:17Z,2025-08-07,22,R2,1.3836
2025-12-08T09:55:17Z,2025-08-07,11,R2,0.5876
2025-12-08T09:55:17Z,2025-08-07,23,R2,1.3716
2025-12-08T09:55:17Z,2025-08-07,42,R2,0.6797
2025-12-08T09:55:17Z,2025-08-07,25,R2,1.3495
2025-12-08T09:55:17Z,2025-08-07,24,R2,1.3372
2025-12-08T09:55:17Z,2025-08-07,47,R2,0.5862
2025-12-08T09:55:17Z,2025-08-07,46,R2,0.5933
2025-12-08T09:55:17Z,2025-08-07,45,R2,0.5961
2025-12-08T09:55:17Z,2025-08-07,44,R2,0.5997
2025-12-08T09:55:17Z,2025-08-07,43,R2,0.6195
2025-12-08T09:55:17Z,2025-08-07,41,R2,0.6985
2025-12-08T09:55:17Z,2025-08-07,40,R2,0.7024
2025-12-08T09:55:17Z,2025-08-07,39,R2,0.7131
2025-12-08T09:55:17Z,2025-08-07,38,R2,0.7832
2025-12-08T09:55:17Z,2025-08-07,37,R2,0.8204
2025-12-08T09:55:17Z,2025-08-07,48,R2,0.5874
2025-12-08T09:55:17Z,2025-08-07,35,R2,1.0055
2025-12-08T09:55:17Z,2025-08-07,36,R2,0.8933
2025-12-08T09:55:17Z,2025-08-07,27,R2,1.341
2025-12-08T09:55:17Z,2025-08-07,28,R2,1.3326
2025-12-08T09:55:17Z,2025-08-07,29,R2,1.2674
2025-12-08T09:55:17Z,2025-08-07,26,R2,1.2798
2025-12-08T09:55:17Z,2025-08-07,31,R2,1.2834
2025-12-08T09:55:17Z,2025-08-07,32,R2,1.3184
2025-12-08T09:55:17Z,2025-08-07,33,R2,1.218
2025-12-08T09:55:17Z,2025-08-07,34,R2,1.1255
2025-12-08T09:55:17Z,2025-08-07,30,R2,1.2732
2026-01-09T09:55:17Z,2025-08-08,22,R2,12.0845
2026-01-09T09:55:17Z,2025-08-08,14,R2,9.6163
2026-01-09T09:55:17Z,2025-08-08,21,R2,12.0886
2026-01-09T09:55:17Z,2025-08-08,20,R2,12.1789
2026-01-09T09:55:17Z,2025-08-08,19,R2,12.2909
2026-01-09T09:55:17Z,2025-08-08,18,R2,11.7519
2026-01-09T09:55:17Z,2025-08-08,17,R2,10.7846
2026-01-09T09:55:17Z,2025-08-08,16,R2,10.1166
2026-01-09T09:55:17Z,2025-08-08,15,R2,9.7783
2026-01-09T09:55:17Z,2025-08-08,13,R2,9.6613
2026-01-09T09:55:17Z,2025-08-08,7,R2,9.1278
2026-01-09T09:55:17Z,2025-08-08,11,R2,9.3393
2026-01-09T09:55:17Z,2025-08-08,10,R2,9.8652
2026-01-09T09:55:17Z,2025-08-08,9,R2,9.6696
2026-01-09T09:55:17Z,2025-08-08,8,R2,9.1904
2026-01-09T09:55:17Z,2025-08-08,6,R2,9.7809
2026-01-09T09:55:17Z,2025-08-08,5,R2,9.7537
2026-01-09T09:55:17Z,2025-08-08,4,R2,9.3454
2026-01-09T09:55:17Z,2025-08-08,3,R2,8.7713
2026-01-09T09:55:17Z,2025-08-08,2,R2,9.1059
2026-01-09T09:55:17Z,2025-08-08,23,R2,13.0449
2026-01-09T09:55:17Z,2025-08-08,12,R2,9.3209
2026-01-09T09:55:17Z,2025-08-08,1,R2,9.1059
2026-01-09T09:55:17Z,2025-08-08,24,R2,13.6963
2026-01-09T09:55:17Z,2025-08-08,26,R2,14.6192
2026-01-09T09:55:17Z,2025-08-08,48,R2,10.2517
2026-01-09T09:55:17Z,2025-08-08,47,R2,10.0828
2026-01-09T09:55:17Z,2025-08-08,46,R2,10.2331
2026-01-09T09:55:17Z,2025-08-08,45,R2,9.8272
2026-01-09T09:55:17Z,2025-08-08,44,R2,10.0153
2026-01-09T09:55:17Z,2025-08-08,43,R2,9.7537
2026-01-09T09:55:17Z,2025-08-08,42,R2,9.7796
2026-01-09T09:55:17Z,2025-08-08,41,R2,9.8044
2026-01-09T09:55:17Z,2025-08-08,40,R2,10.185
2026-01-09T09:55:17Z,2025-08-08,39,R2,10.4533
2026-01-09T09:55:17Z,2025-08-08,38,R2,11.249
2026-01-09T09:55:17Z,2025-08-08,25,R2,13.8679
2026-01-09T09:55:17Z,2025-08-08,36,R2,13.4584
2026-01-09T09:55:17Z,2025-08-08,35,R2,13.9492
2026-01-09T09:55:17Z,2025-08-08,34,R2,14.5719
2026-01-09T09:55:17Z,2025-08-08,33,R2,15.1755
2026-01-09T09:55:17Z,2025-08-08,32,R2,16.1099
2026-01-09T09:55:17Z,2025-08-08,31,R2,15.8838
2026-01-09T09:55:17Z,2025-08-08,30,R2,15.2187
2026-01-09T09:55:17Z,2025-08-08,29,R2,15.1963
2026-01-09T09:55:17Z,2025-08-08,28,R2,15.2143
2026-01-09T09:55:17Z,2025-08-08,27,R2,15.1507
2026-01-09T09:55:17Z,2025-08-08,37,R2,12.3284
2026-01-09T09:55:17Z,2025-08-09,14,R2,0.5938
2026-01-09T09:55:17Z,2025-08-09,15,R2,0.5874
2026-01-09T09:55:17Z,2025-08-09,16,R2,0.5544
2026-01-09T09:55:17Z,2025-08-09,21,R2,0.4853
2026-01-09T09:55:17Z,2025-08-09,18,R2,0.5069
2026-01-09T09:55:17Z,2025-08-09,19,R2,0.4969
2026-01-09T09:55:17Z,2025-08-09,20,R2,0.4995
2026-01-09T09:55:17Z,2025-08-09,13,R2,0.6177
2026-01-09T09:55:17Z,2025-08-09,17,R2,0.5275
2026-01-09T09:55:17Z,2025-08-09,12,R2,0.6115
2026-01-09T09:55:17Z,2025-08-09,6,R2,0.62
2026-01-09T09:55:17Z,2025-08-09,10,R2,0.6297
2026-01-09T09:55:17Z,2025-08-09,9,R2,0.621
2026-01-09T09:55:17Z,2025-08-09,8,R2,0.6096
2026-01-09T09:55:17Z,2025-08-09,7,R2,0.6307
2026-01-09T09:55:17Z,2025-08-09,5,R2,0.6083
2026-01-09T09:55:17Z,2025-08-09,4,R2,0.6238
2026-01-09T09:55:17Z,2025-08-09,3,R2,0.639
2026-01-09T09:55:17Z,2025-08-09,2,R2,0.6249
2026-01-09T09:55:17Z,2025-08-09,1,R2,0.6239
2026-01-09T09:55:17Z,2025-08-09,22,R2,0.4963
2026-01-09T09:55:17Z,2025-08-09,11,R2,0.6104
2026-01-09T09:55:17Z,2025-08-09,23,R2,0.5106
2026-01-09T09:55:17Z,2025-08-09,24,R2,0.4878
2026-01-09T09:55:17Z,2025-08-09,25,R2,0.5977
2026-01-09T09:55:17Z,2025-08-09,47,R2,0.6404
2026-01-09T09:55:17Z,2025-08-09,46,R2,0.639
2026-01-09T09:55:17Z,2025-08-09,45,R2,0.6332
2026-01-09T09:55:17Z,2025-08-09,44,R2,0.6206
2026-01-09T09:55:17Z,2025-08-09,43,R2,0.628
2026-01-09T09:55:17Z,2025-08-09,42,R2,0.639
2026-01-09T09:55:17Z,2025-08-09,41,R2,0.6374
2026-01-09T09:55:17Z,2025-08-09,40,R2,0.6268
2026-01-09T09:55:17Z,2025-08-09,39,R2,0.6157
2026-01-09T09:55:17Z,2025-08-09,38,R2,0.5733
2026-01-09T09:55:17Z,2025-08-09,37,R2,0.581
2026-01-09T09:55:17Z,2025-08-09,48,R2,0.6411
2026-01-09T09:55:17Z,2025-08-09,35,R2,0.533
2026-01-09T09:55:17Z,2025-08-09,34,R2,0.5371
2026-01-09T09:55:17Z,2025-08-09,33,R2,0.506
2026-01-09T09:55:17Z,2025-08-09,32,R2,0.506
2026-01-09T09:55:17Z,2025-08-09,31,R2,0.5028
2026-01-09T09:55:17Z,2025-08-09,30,R2,0.4892
2026-01-09T09:55:17Z,2025-08-09,29,R2,0.5308
2026-01-09T09:55:17Z,2025-08-09,28,R2,0.5439
2026-01-09T09:55:17Z,2025-08-09,27,R2,0.4983
2026-01-09T09:55:17Z,2025-08-09,26,R2,0.515
2026-01-09T09:55:17Z,2025-08-09,36,R2,0.565
2026-01-09T09:55:17Z,2025-08-10,14,R2,0.5337
2026-01-09T09:55:17Z,2025-08-10,15,R2,0.5394
2026-01-09T09:55:17Z,2025-08-10,16,R2,0.5303
2026-01-09T09:55:17Z,2025-08-10,21,R2,0.4692
2026-01-09T09:55:17Z,2025-08-10,18,R2,0.5182
2026-01-09T09:55:17Z,2025-08-10,19,R2,0.4938
2026-01-09T09:55:17Z,2025-08-10,20,R2,0.4723
2026-01-09T09:55:17Z,2025-08-10,13,R2,0.5446
2026-01-09T09:55:17Z,2025-08-10,17,R2,0.5427
2026-01-09T09:55:17Z,2025-08-10,12,R2,0.5494
2026-01-09T09:55:17Z,2025-08-10,6,R2,0.5849
2026-01-09T09:55:17Z,2025-08-10,10,R2,0.5604
2026-01-09T09:55:17Z,2025-08-10,9,R2,0.5632
2026-01-09T09:55:17Z,2025-08-10,8,R2,0.5675
2026-01-09T09:55:17Z,2025-08-10,7,R2,0.5774
2026-01-09T09:55:17Z,2025-08-10,5,R2,0.5679
2026-01-09T09:55:17Z,2025-08-10,4,R2,0.5907
2026-01-09T09:55:17Z,2025-08-10,3,R2,0.5905
2026-01-09T09:55:17Z,2025-08-10,2,R2,0.6082
2026-01-09T09:55:17Z,2025-08-10,1,R2,0.6027
2026-01-09T09:55:17Z,2025-08-10,22,R2,0.4693
2026-01-09T09:55:17Z,2025-08-10,11,R2,0.5606
2026-01-09T09:55:17Z,2025-08-10,23,R2,0.4582
2026-01-09T09:55:17Z,2025-08-10,24,R2,0.4694
2026-01-09T09:55:17Z,2025-08-10,25,R2,0.4916
2026-01-09T09:55:17Z,2025-08-10,47,R2,0.6023
2026-01-09T09:55:17Z,2025-08-10,46,R2,0.5996
2026-01-09T09:55:17Z,2025-08-10,45,R2,0.6008
2026-01-09T09:55:17Z,2025-08-10,44,R2,0.6112
2026-01-09T09:55:17Z,2025-08-10,43,R2,0.5902
2026-01-09T09:55:17Z,2025-08-10,42,R2,0.6029
2026-01-09T09:55:17Z,2025-08-10,41,R2,0.6012
2026-01-09T09:55:17Z,2025-08-10,40,R2,0.5806
2026-01-09T09:55:17Z,2025-08-10,39,R2,0.5711
2026-01-09T09:55:17Z,2025-08-10,38,R2,0.5356
2026-01-09T09:55:17Z,2025-08-10,37,R2,0.5224
2026-01-09T09:55:17Z,2025-08-10,48,R2,0.5967
2026-01-09T09:55:17Z,2025-08-10,35,R2,0.4853
2026-01-09T09:55:17Z,2025-08-10,34,R2,0.4791
2026-01-09T09:55:17Z,2025-08-10,33,R2,0.474
2026-01-09T09:55:17Z,2025-08-10,32,R2,0.4663
2026-01-09T09:55:17Z,2025-08-10,31,R2,0.4681
2026-01-09T09:55:17Z,2025-08-10,30,R2,0.4861
2026-01-09T09:55:17Z,2025-08-10,29,R2,0.4636
2026-01-09T09:55:17Z,2025-08-10,28,R2,0.4656
2026-01-09T09:55:17Z,2025-08-10,27,R2,0.467
2026-01-09T09:55:17Z,2025-08-10,26,R2,0.4687
2026-01-09T09:55:17Z,2025-08-10,36,R2,0.4969
2026-01-09T09:55:17Z,2025-08-11,14,R2,9.9099
2026-01-09T09:55:17Z,2025-08-11,15,R2,10.059
2026-01-09T09:55:17Z,2025-08-11,16,R2,10.2918
2026-01-09T09:55:17Z,2025-08-11,21,R2,12.1768
2026-01-09T09:55:17Z,2025-08-11,18,R2,11.5373
2026-01-09T09:55:17Z,2025-08-11,19,R2,11.45
2026-01-09T09:55:17Z,2025-08-11,20,R2,12.4498
2026-01-09T09:55:17Z,2025-08-11,13,R2,10.0619
2026-01-09T09:55:17Z,2025-08-11,17,R2,10.6805
2026-01-09T09:55:17Z,2025-08-11,12,R2,9.911
2026-01-09T09:55:17Z,2025-08-11,6,R2,8.4282
2026-01-09T09:55:17Z,2025-08-11,10,R2,9.3265
2026-01-09T09:55:17Z,2025-08-11,9,R2,8.9123
2026-01-09T09:55:17Z,2025-08-11,8,R2,8.7778
2026-01-09T09:55:17Z,2025-08-11,7,R2,8.4539
2026-01-09T09:55:17Z,2025-08-11,5,R2,8.394
2026-01-09T09:55:17Z,2025-08-11,4,R2,8.4869
2026-01-09T09:55:17Z,2025-08-11,3,R2,8.2566
2026-01-09T09:55:17Z,2025-08-11,2,R2,8.3193
2026-01-09T09:55:17Z,2025-08-11,1,R2,8.2096
2026-01-09T09:55:17Z,2025-08-11,22,R2,12.657
2026-01-09T09:55:17Z,2025-08-11,11,R2,9.898
2026-01-09T09:55:17Z,2025-08-11,23,R2,13.6311
2026-01-09T09:55:17Z,2025-08-11,24,R2,13.9594
2026-01-09T09:55:17Z,2025-08-11,25,R2,12.2605
2026-01-09T09:55:17Z,2025-08-11,47,R2,9.1835
2026-01-09T09:55:17Z,2025-08-11,46,R2,8.9144
2026-01-09T09:55:17Z,2025-08-11,45,R2,9.1461
2026-01-09T09:55:17Z,2025-08-11,44,R2,8.93
2026-01-09T09:55:17Z,2025-08-11,43,R2,8.6399
2026-01-09T09:55:17Z,2025-08-11,42,R2,8.4378
2026-01-09T09:55:17Z,2025-08-11,41,R2,8.29
2026-01-09T09:55:17Z,2025-08-11,40,R2,8.335
2026-01-09T09:55:17Z,2025-08-11,39,R2,8.1453
2026-01-09T09:55:17Z,2025-08-11,38,R2,8.3128
2026-01-09T09:55:17Z,2025-08-11,37,R2,8.1115
2026-01-09T09:55:17Z,2025-08-11,48,R2,9.5179
2026-01-09T09:55:17Z,2025-08-11,35,R2,8.4727
2026-01-09T09:55:17Z,2025-08-11,34,R2,8.8657
2026-01-09T09:55:17Z,2025-08-11,33,R2,9.2852
2026-01-09T09:55:17Z,2025-08-11,32,R2,9.018
2026-01-09T09:55:17Z,2025-08-11,31,R2,9.7616
2026-01-09T09:55:17Z,2025-08-11,30,R2,9.4924
2026-01-09T09:55:17Z,2025-08-11,29,R2,10.0931
2026-01-09T09:55:17Z,2025-08-11,28,R2,9.6194
2026-01-09T09:55:17Z,2025-08-11,27,R2,10.3584
2026-01-09T09:55:17Z,2025-08-11,26,R2,11.496
2026-01-09T09:55:17Z,2025-08-11,36,R2,8.5017
2026-01-09T09:55:17Z,2025-08-12,14,R2,8.405
2026-01-09T09:55:17Z,2025-08-12,15,R2,8.3356
2026-01-09T09:55:17Z,2025-08-12,16,R2,8.6046
2026-01-09T09:55:17Z,2025-08-12,21,R2,10.5705
2026-01-09T09:55:17Z,2025-08-12,18,R2,9.0999
2026-01-09T09:55:17Z,2025-08-12,19,R2,9.3613
2026-01-09T09:55:17Z,2025-08-12,20,R2,10.766
2026-01-09T09:55:17Z,2025-08-12,13,R2,8.121
2026-01-09T09:55:17Z,2025-08-12,17,R2,9.1844
2026-01-09T09:55:17Z,2025-08-12,12,R2,8.4336
2026-01-09T09:55:17Z,2025-08-12,6,R2,8.7378
2026-01-09T09:55:17Z,2025-08-12,10,R2,8.469
2026-01-09T09:55:17Z,2025-08-12,9,R2,8.7388
2026-01-09T09:55:17Z,2025-08-12,8,R2,9.1012
2026-01-09T09:55:17Z,2025-08-12,7,R2,8.5026
2026-01-09T09:55:17Z,2025-08-12,5,R2,8.6793
2026-01-09T09:55:17Z,2025-08-12,4,R2,8.5431
2026-01-09T09:55:17Z,2025-08-12,3,R2,8.4292
2026-01-09T09:55:17Z,2025-08-12,2,R2,8.5522
2026-01-09T09:55:17Z,2025-08-12,1,R2,8.8093
2026-01-09T09:55:17Z,2025-08-12,22,R2,11.1433
2026-01-09T09:55:17Z,2025-08-12,11,R2,8.48
2026-01-09T09:55:17Z,2025-08-12,23,R2,11.4361
2026-01-09T09:55:17Z,2025-08-12,48,R2,7.0758
2026-01-09T09:55:17Z,2025-08-12,25,R2,11.733
2026-01-09T09:55:17Z,2025-08-12,47,R2,7.0384
2026-01-09T09:55:17Z,2025-08-12,46,R2,7.004
2026-01-09T09:55:17Z,2025-08-12,45,R2,7.0312
2026-01-09T09:55:17Z,2025-08-12,44,R2,7.1511
2026-01-09T09:55:17Z,2025-08-12,43,R2,7.1903
2026-01-09T09:55:17Z,2025-08-12,42,R2,7.3893
2026-01-09T09:55:17Z,2025-08-12,41,R2,7.518
2026-01-09T09:55:17Z,2025-08-12,40,R2,7.445
2026-01-09T09:55:17Z,2025-08-12,39,R2,7.5904
2026-01-09T09:55:17Z,2025-08-12,38,R2,8.134
2026-01-09T09:55:17Z,2025-08-12,37,R2,8.7976
2026-01-09T09:55:17Z,2025-08-12,24,R2,11.3434
2026-01-09T09:55:17Z,2025-08-12,35,R2,10.0913
2026-01-09T09:55:17Z,2025-08-12,34,R2,10.7172
2026-01-09T09:55:17Z,2025-08-12,33,R2,10.99
2026-01-09T09:55:17Z,2025-08-12,32,R2,11.4452
2026-01-09T09:55:17Z,2025-08-12,31,R2,11.1637
2026-01-09T09:55:17Z,2025-08-12,30,R2,11.006
2026-01-09T09:55:17Z,2025-08-12,29,R2,11.8583
2026-01-09T09:55:17Z,2025-08-12,28,R2,12.0771
2026-01-09T09:55:17Z,2025-08-12,27,R2,11.5275
2026-01-09T09:55:17Z,2025-08-12,26,R2,11.4698
2026-01-09T09:55:17Z,2025-08-12,36,R2,9.4061
2026-01-09T09:55:17Z,2025-08-13,14,R2,6.5081
2026-01-09T09:55:17Z,2025-08-13,15,R2,6.7925
2026-01-09T09:55:17Z,2025-08-13,16,R2,7.2935
2026-01-09T09:55:17Z,2025-08-13,21,R2,7.9005
2026-01-09T09:55:17Z,2025-08-13,18,R2,7.336
2026-01-09T09:55:17Z,2025-08-13,19,R2,7.2589
2026-01-09T09:55:17Z,2025-08-13,20,R2,7.6723
2026-01-09T09:55:17Z,2025-08-13,13,R2,6.4694
2026-01-09T09:55:17Z,2025-08-13,17,R2,7.4268
2026-01-09T09:55:17Z,2025-08-13,12,R2,6.6585
2026-01-09T09:55:17Z,2025-08-13,6,R2,7.1994
2026-01-09T09:55:17Z,2025-08-13,10,R2,6.9875
2026-01-09T09:55:17Z,2025-08-13,9,R2,7.0257
2026-01-09T09:55:17Z,2025-08-13,8,R2,7.2795
2026-01-09T09:55:17Z,2025-08-13,7,R2,7.1365
2026-01-09T09:55:17Z,2025-08-13,5,R2,7.24
2026-01-09T09:55:17Z,2025-08-13,4,R2,7.3279
2026-01-09T09:55:17Z,2025-08-13,3,R2,7.3688
2026-01-09T09:55:17Z,2025-08-13,2,R2,7.2124
2026-01-09T09:55:17Z,2025-08-13,1,R2,7.0935
2026-01-09T09:55:17Z,2025-08-13,22,R2,8.0488
2026-01-09T09:55:17Z,2025-08-13,11,R2,6.9341
2026-01-09T09:55:17Z,2025-08-13,23,R2,8.6009
2026-01-09T09:55:17Z,2025-08-13,24,R2,9.3556
2026-01-09T09:55:17Z,2025-08-13,25,R2,9.0919
2026-01-09T09:55:17Z,2025-08-13,47,R2,8.0279
2026-01-09T09:55:17Z,2025-08-13,46,R2,8.1125
2026-01-09T09:55:17Z,2025-08-13,45,R2,8.0092
2026-01-09T09:55:17Z,2025-08-13,44,R2,7.8115
2026-01-09T09:55:17Z,2025-08-13,43,R2,7.5853
2026-01-09T09:55:17Z,2025-08-13,42,R2,7.6291
2026-01-09T09:55:17Z,2025-08-13,41,R2,7.6494
2026-01-09T09:55:17Z,2025-08-13,40,R2,7.9431
2026-01-09T09:55:17Z,2025-08-13,39,R2,8.1377
2026-01-09T09:55:17Z,2025-08-13,38,R2,8.9826
2026-01-09T09:55:17Z,2025-08-13,37,R2,9.4352
2026-01-09T09:55:17Z,2025-08-13,48,R2,7.9025
2026-01-09T09:55:17Z,2025-08-13,35,R2,10.578
2026-01-09T09:55:17Z,2025-08-13,34,R2,10.59
2026-01-09T09:55:17Z,2025-08-13,33,R2,11.2053
2026-01-09T09:55:17Z,2025-08-13,32,R2,10.749
2026-01-09T09:55:17Z,2025-08-13,31,R2,10.4082
2026-01-09T09:55:17Z,2025-08-13,30,R2,10.5567
2026-01-09T09:55:17Z,2025-08-13,29,R2,10.7829
2026-01-09T09:55:17Z,2025-08-13,28,R2,10.2548
2026-01-09T09:55:17Z,2025-08-13,27,R2,9.3917
2026-01-09T09:55:17Z,2025-08-13,26,R2,9.2172
2026-01-09T09:55:17Z,2025-08-13,36,R2,10.0931
2026-01-09T09:55:17Z,2025-08-14,14,R2,8.4214
2026-01-09T09:55:17Z,2025-08-14,15,R2,8.7657
2026-01-09T09:55:17Z,2025-08-14,16,R2,9.2663
2026-01-09T09:55:17Z,2025-08-14,21,R2,11.2511
2026-01-09T09:55:17Z,2025-08-14,18,R2,10.0338
2026-01-09T09:55:17Z,2025-08-14,19,R2,9.5911
2026-01-09T09:55:17Z,2025-08-14,20,R2,9.8012
2026-01-09T09:55:17Z,2025-08-14,13,R2,8.0921
2026-01-09T09:55:17Z,2025-08-14,17,R2,9.3231
2026-01-09T09:55:17Z,2025-08-14,12,R2,8.0423
2026-01-09T09:55:17Z,2025-08-14,6,R2,7.8089
2026-01-09T09:55:17Z,2025-08-14,10,R2,8.0452
2026-01-09T09:55:17Z,2025-08-14,9,R2,8.1739
2026-01-09T09:55:17Z,2025-08-14,8,R2,7.9729
2026-01-09T09:55:17Z,2025-08-14,7,R2,7.5925
2026-01-09T09:55:17Z,2025-08-14,5,R2,7.6922
2026-01-09T09:55:17Z,2025-08-14,4,R2,7.6483
2026-01-09T09:55:17Z,2025-08-14,3,R2,7.7594
2026-01-09T09:55:17Z,2025-08-14,2,R2,7.932
2026-01-09T09:55:17Z,2025-08-14,1,R2,7.9386
2026-01-09T09:55:17Z,2025-08-14,22,R2,10.1574
2026-01-09T09:55:17Z,2025-08-14,11,R2,7.9588
2026-01-09T09:55:17Z,2025-08-14,23,R2,10.0069
2026-01-09T09:55:17Z,2025-08-14,48,R2,8.4738
2026-01-09T09:55:17Z,2025-08-14,25,R2,11.5393
2026-01-09T09:55:17Z,2025-08-14,24,R2,10.4005
2026-01-09T09:55:17Z,2025-08-14,47,R2,8.4431
2026-01-09T09:55:17Z,2025-08-14,46,R2,8.4851
2026-01-09T09:55:17Z,2025-08-14,45,R2,8.3886
2026-01-09T09:55:17Z,2025-08-14,44,R2,8.2091
2026-01-09T09:55:17Z,2025-08-14,43,R2,8.1503
2026-01-09T09:55:17Z,2025-08-14,42,R2,8.3241
2026-01-09T09:55:17Z,2025-08-14,40,R2,8.7345
2026-01-09T09:55:17Z,2025-08-14,39,R2,9.1318
2026-01-09T09:55:17Z,2025-08-14,38,R2,9.9494
2026-01-09T09:55:17Z,2025-08-14,37,R2,10.5893
2026-01-09T09:55:17Z,2025-08-14,41,R2,8.4858
2026-01-09T09:55:17Z,2025-08-14,35,R2,11.7082
2026-01-09T09:55:17Z,2025-08-14,36,R2,11.2466
2026-01-09T09:55:17Z,2025-08-14,27,R2,11.7548
2026-01-09T09:55:17Z,2025-08-14,28,R2,12.6822
2026-01-09T09:55:17Z,2025-08-14,29,R2,13.4406
2026-01-09T09:55:17Z,2025-08-14,30,R2,13.4733
2026-01-09T09:55:17Z,2025-08-14,26,R2,11.3872
2026-01-09T09:55:17Z,2025-08-14,32,R2,12.5031
2026-01-09T09:55:17Z,2025-08-14,33,R2,12.2497
2026-01-09T09:55:17Z,2025-08-14,34,R2,11.8269
2026-01-09T09:55:17Z,2025-08-14,31,R2,12.7339
2026-01-09T09:55:17Z,2025-08-15,22,R2,1.1191
2026-01-09T09:55:17Z,2025-08-15,21,R2,1.0938
2026-01-09T09:55:17Z,2025-08-15,20,R2,1.0574
2026-01-09T09:55:17Z,2025-08-15,19,R2,0.9967
2026-01-09T09:55:17Z,2025-08-15,18,R2,0.9934
2026-01-09T09:55:17Z,2025-08-15,17,R2,0.958
2026-01-09T09:55:17Z,2025-08-15,16,R2,0.9891
2026-01-09T09:55:17Z,2025-08-15,15,R2,0.9626
2026-01-09T09:55:17Z,2025-08-15,14,R2,0.9424
2026-01-09T09:55:17Z,2025-08-15,13,R2,0.9314
2026-01-09T09:55:17Z,2025-08-15,1,R2,0.6531
2026-01-09T09:55:17Z,2025-08-15,11,R2,0.6614
2026-01-09T09:55:17Z,2025-08-15,10,R2,0.6555
2026-01-09T09:55:17Z,2025-08-15,9,R2,0.6427
2026-01-09T09:55:17Z,2025-08-15,8,R2,0.6478
2026-01-09T09:55:17Z,2025-08-15,7,R2,0.6378
2026-01-09T09:55:17Z,2025-08-15,6,R2,0.6514
2026-01-09T09:55:17Z,2025-08-15,5,R2,0.6411
2026-01-09T09:55:17Z,2025-08-15,4,R2,0.6453
2026-01-09T09:55:17Z,2025-08-15,3,R2,0.6394
2026-01-09T09:55:17Z,2025-08-15,2,R2,0.6426
2026-01-09T09:55:17Z,2025-08-15,12,R2,0.8091
2026-01-09T09:55:17Z,2025-08-15,23,R2,1.1408
2026-01-09T09:55:17Z,2025-08-15,35,R2,1.0805
2026-01-09T09:55:17Z,2025-08-15,25,R2,1.1229
2026-01-09T09:55:17Z,2025-08-15,24,R2,1.1273
2026-01-09T09:55:17Z,2025-08-15,48,R2,0.6441
2026-01-09T09:55:17Z,2025-08-15,46,R2,0.6083
2026-01-09T09:55:17Z,2025-08-15,45,R2,0.6059
2026-01-09T09:55:17Z,2025-08-15,44,R2,0.6268
2026-01-09T09:55:17Z,2025-08-15,43,R2,0.6403
2026-01-09T09:55:17Z,2025-08-15,42,R2,0.7086
2026-01-09T09:55:17Z,2025-08-15,41,R2,0.7479
2026-01-09T09:55:17Z,2025-08-15,40,R2,0.7565
2026-01-09T09:55:17Z,2025-08-15,39,R2,0.7607
2026-01-09T09:55:17Z,2025-08-15,38,R2,0.8087
2026-01-09T09:55:17Z,2025-08-15,47,R2,0.6343
2026-01-09T09:55:17Z,2025-08-15,36,R2,0.9806
2026-01-09T09:55:17Z,2025-08-15,27,R2,1.1783
2026-01-09T09:55:17Z,2025-08-15,26,R2,1.1642
2026-01-09T09:55:17Z,2025-08-15,28,R2,1.1836
2026-01-09T09:55:17Z,2025-08-15,29,R2,1.2692
2026-01-09T09:55:17Z,2025-08-15,37,R2,0.8787
2026-01-09T09:55:17Z,2025-08-15,31,R2,1.2807
2026-01-09T09:55:17Z,2025-08-15,32,R2,1.2853
2026-01-09T09:55:17Z,2025-08-15,33,R2,1.2607
2026-01-09T09:55:17Z,2025-08-15,34,R2,1.2031
2026-01-09T09:55:17Z,2025-08-15,30,R2,1.2599
2026-01-09T09:55:17Z,2025-08-16,13,R2,0.6067
2026-01-09T09:55:17Z,2025-08-16,22,R2,0.5983
2026-01-09T09:55:17Z,2025-08-16,21,R2,0.6129
2026-01-09T09:55:17Z,2025-08-16,20,R2,0.6009
2026-01-09T09:55:17Z,2025-08-16,19,R2,0.5904
2026-01-09T09:55:17Z,2025-08-16,17,R2,0.6078
2026-01-09T09:55:17Z,2025-08-16,16,R2,0.5964
2026-01-09T09:55:17Z,2025-08-16,15,R2,0.6009
2026-01-09T09:55:17Z,2025-08-16,14,R2,0.62
2026-01-09T09:55:17Z,2025-08-16,12,R2,0.5958
2026-01-09T09:55:17Z,2025-08-16,6,R2,0.6361
2026-01-09T09:55:17Z,2025-08-16,10,R2,0.6219
2026-01-09T09:55:17Z,2025-08-16,9,R2,0.6091
2026-01-09T09:55:17Z,2025-08-16,8,R2,0.6213
2026-01-09T09:55:17Z,2025-08-16,7,R2,0.6345
2026-01-09T09:55:17Z,2025-08-16,23,R2,0.6081
2026-01-09T09:55:17Z,2025-08-16,5,R2,0.6285
2026-01-09T09:55:17Z,2025-08-16,4,R2,0.6153
2026-01-09T09:55:17Z,2025-08-16,3,R2,0.6272
2026-01-09T09:55:17Z,2025-08-16,2,R2,0.636
2026-01-09T09:55:17Z,2025-08-16,1,R2,0.6361
2026-01-09T09:55:17Z,2025-08-16,11,R2,0.6091
2026-01-09T09:55:17Z,2025-08-16,24,R2,0.61
2026-01-09T09:55:17Z,2025-08-16,18,R2,0.6075
2026-01-09T09:55:17Z,2025-08-16,26,R2,0.5249
2026-01-09T09:55:17Z,2025-08-16,25,R2,0.5437
2026-01-09T09:55:17Z,2025-08-16,47,R2,0.5863
2026-01-09T09:55:17Z,2025-08-16,46,R2,0.6104
2026-01-09T09:55:17Z,2025-08-16,45,R2,0.6191
2026-01-09T09:55:17Z,2025-08-16,44,R2,0.6083
2026-01-09T09:55:17Z,2025-08-16,43,R2,0.6374
2026-01-09T09:55:17Z,2025-08-16,42,R2,0.6274
2026-01-09T09:55:17Z,2025-08-16,41,R2,0.6174
2026-01-09T09:55:17Z,2025-08-16,40,R2,0.6163
2026-01-09T09:55:17Z,2025-08-16,39,R2,0.5873
2026-01-09T09:55:17Z,2025-08-16,38,R2,0.5831
2026-01-09T09:55:17Z,2025-08-16,48,R2,0.5803
2026-01-09T09:55:17Z,2025-08-16,36,R2,0.5781
2026-01-09T09:55:17Z,2025-08-16,37,R2,0.5871
2026-01-09T09:55:17Z,2025-08-16,28,R2,0.5376
2026-01-09T09:55:17Z,2025-08-16,29,R2,0.5405
2026-01-09T09:55:17Z,2025-08-16,30,R2,0.5533
2026-01-09T09:55:17Z,2025-08-16,27,R2,0.5313
2026-01-09T09:55:17Z,2025-08-16,32,R2,0.5354
2026-01-09T09:55:17Z,2025-08-16,33,R2,0.5623
2026-01-09T09:55:17Z,2025-08-16,34,R2,0.5719
2026-01-09T09:55:17Z,2025-08-16,35,R2,0.5623
2026-01-09T09:55:17Z,2025-08-16,31,R2,0.5561
2026-01-09T09:55:17Z,2025-08-17,22,R2,14.1666
2026-01-09T09:55:17Z,2025-08-17,13,R2,8.5568
2026-01-09T09:55:17Z,2025-08-17,21,R2,14.0502
2026-01-09T09:55:17Z,2025-08-17,20,R2,13.1216
2026-01-09T09:55:17Z,2025-08-17,19,R2,12.5561
2026-01-09T09:55:17Z,2025-08-17,17,R2,10.3265
2026-01-09T09:55:17Z,2025-08-17,16,R2,9.2488
2026-01-09T09:55:17Z,2025-08-17,15,R2,8.9149
2026-01-09T09:55:17Z,2025-08-17,14,R2,8.6451
2026-01-09T09:55:17Z,2025-08-17,12,R2,8.4101
2026-01-09T09:55:17Z,2025-08-17,6,R2,8.558
2026-01-09T09:55:17Z,2025-08-17,10,R2,8.4197
2026-01-09T09:55:17Z,2025-08-17,9,R2,8.6544
2026-01-09T09:55:17Z,2025-08-17,8,R2,8.8029
2026-01-09T09:55:17Z,2025-08-17,7,R2,8.395
2026-01-09T09:55:17Z,2025-08-17,5,R2,8.3128
2026-01-09T09:55:17Z,2025-08-17,4,R2,8.2946
2026-01-09T09:55:17Z,2025-08-17,3,R2,8.3538
2026-01-09T09:55:17Z,2025-08-17,2,R2,8.0712
2026-01-09T09:55:17Z,2025-08-17,1,R2,8.4157
2026-01-09T09:55:17Z,2025-08-17,23,R2,14.2479
2026-01-09T09:55:17Z,2025-08-17,11,R2,8.1611
2026-01-09T09:55:17Z,2025-08-17,24,R2,14.2158
2026-01-09T09:55:17Z,2025-08-17,18,R2,11.85
2026-01-09T09:55:17Z,2025-08-17,26,R2,15.6892
2026-01-09T09:55:17Z,2025-08-17,47,R2,9.1249
2026-01-09T09:55:17Z,2025-08-17,46,R2,9.5383
2026-01-09T09:55:17Z,2025-08-17,45,R2,10.0119
2026-01-09T09:55:17Z,2025-08-17,44,R2,10.3137
2026-01-09T09:55:17Z,2025-08-17,43,R2,10.2596
2026-01-09T09:55:17Z,2025-08-17,42,R2,9.6546
2026-01-09T09:55:17Z,2025-08-17,41,R2,9.45
2026-01-09T09:55:17Z,2025-08-17,40,R2,9.0821
2026-01-09T09:55:17Z,2025-08-17,39,R2,9.5167
2026-01-09T09:55:17Z,2025-08-17,38,R2,10.4605
2026-01-09T09:55:17Z,2025-08-17,37,R2,10.9912
2026-01-09T09:55:17Z,2025-08-17,25,R2,15.455
2026-01-09T09:55:17Z,2025-08-17,35,R2,12.4274
2026-01-09T09:55:17Z,2025-08-17,34,R2,12.9053
2026-01-09T09:55:17Z,2025-08-17,33,R2,12.589
2026-01-09T09:55:17Z,2025-08-17,32,R2,14.6551
2026-01-09T09:55:17Z,2025-08-17,31,R2,15.0812
2026-01-09T09:55:17Z,2025-08-17,48,R2,8.4861
2026-01-09T09:55:17Z,2025-08-17,30,R2,15.2749
2026-01-09T09:55:17Z,2025-08-17,29,R2,15.2193
2026-01-09T09:55:17Z,2025-08-17,28,R2,15.6113
2026-01-09T09:55:17Z,2025-08-17,27,R2,15.6808
2026-01-09T09:55:17Z,2025-08-17,36,R2,11.7785
2026-01-09T09:55:17Z,2025-08-18,15,R2,1.2156
2026-01-09T09:55:17Z,2025-08-18,16,R2,1.2877
2026-01-09T09:55:17Z,2025-08-18,17,R2,1.3786
2026-01-09T09:55:17Z,2025-08-18,22,R2,1.4325
2026-01-09T09:55:17Z,2025-08-18,19,R2,1.4365
2026-01-09T09:55:17Z,2025-08-18,20,R2,1.448
2026-01-09T09:55:17Z,2025-08-18,21,R2,1.4196
2026-01-09T09:55:17Z,2025-08-18,14,R2,1.2143
2026-01-09T09:55:17Z,2025-08-18,18,R2,1.4395
2026-01-09T09:55:17Z,2025-08-18,13,R2,1.202
2026-01-09T09:55:17Z,2025-08-18,7,R2,0.602
2026-01-09T09:55:17Z,2025-08-18,11,R2,0.5931
2026-01-09T09:55:17Z,2025-08-18,10,R2,0.5997
2026-01-09T09:55:17Z,2025-08-18,9,R2,0.6052
2026-01-09T09:55:17Z,2025-08-18,8,R2,0.592
2026-01-09T09:55:17Z,2025-08-18,6,R2,0.6122
2026-01-09T09:55:17Z,2025-08-18,5,R2,0.6001
2026-01-09T09:55:17Z,2025-08-18,4,R2,0.5973
2026-01-09T09:55:17Z,2025-08-18,3,R2,0.6063
2026-01-09T09:55:17Z,2025-08-18,2,R2,0.6089
2026-01-09T09:55:17Z,2025-08-18,23,R2,1.4417
2026-01-09T09:55:17Z,2025-08-18,12,R2,0.815
2026-01-09T09:55:17Z,2025-08-18,1,R2,0.5997
2026-01-09T09:55:17Z,2025-08-18,24,R2,1.4767
2026-01-09T09:55:17Z,2025-08-18,26,R2,1.424
2026-01-09T09:55:17Z,2025-08-18,25,R2,1.4349
2026-01-09T09:55:17Z,2025-08-18,48,R2,0.5904
2026-01-09T09:55:17Z,2025-08-18,47,R2,0.607
2026-01-09T09:55:17Z,2025-08-18,46,R2,0.6331
2026-01-09T09:55:17Z,2025-08-18,45,R2,0.6079
2026-01-09T09:55:17Z,2025-08-18,44,R2,0.638
2026-01-09T09:55:17Z,2025-08-18,43,R2,0.637
2026-01-09T09:55:17Z,2025-08-18,41,R2,0.7205
2026-01-09T09:55:17Z,2025-08-18,40,R2,0.718
2026-01-09T09:55:17Z,2025-08-18,39,R2,0.7411
2026-01-09T09:55:17Z,2025-08-18,38,R2,0.7494
2026-01-09T09:55:17Z,2025-08-18,42,R2,0.7061
2026-01-09T09:55:17Z,2025-08-18,36,R2,0.9445
2026-01-09T09:55:17Z,2025-08-18,37,R2,0.8506
2026-01-09T09:55:17Z,2025-08-18,28,R2,1.4034
2026-01-09T09:55:17Z,2025-08-18,29,R2,1.4213
2026-01-09T09:55:17Z,2025-08-18,30,R2,1.3498
2026-01-09T09:55:17Z,2025-08-18,31,R2,1.3208
2026-01-09T09:55:17Z,2025-08-18,27,R2,1.394
2026-01-09T09:55:17Z,2025-08-18,33,R2,1.2268
2026-01-09T09:55:17Z,2025-08-18,34,R2,1.1799
2026-01-09T09:55:17Z,2025-08-18,35,R2,1.0271
2026-01-09T09:55:17Z,2025-08-18,32,R2,1.3223
2026-01-09T09:55:17Z,2025-08-19,13,R2,8.3197
2026-01-09T09:55:17Z,2025-08-19,21,R2,9.394
2026-01-09T09:55:17Z,2025-08-19,20,R2,9.4444
2026-01-09T09:55:17Z,2025-08-19,19,R2,9.0861
2026-01-09T09:55:17Z,2025-08-19,18,R2,8.9399
2026-01-09T09:55:17Z,2025-08-19,17,R2,9.2857
2026-01-09T09:55:17Z,2025-08-19,16,R2,9.2315
2026-01-09T09:55:17Z,2025-08-19,15,R2,8.9926
2026-01-09T09:55:17Z,2025-08-19,14,R2,8.8908
2026-01-09T09:55:17Z,2025-08-19,12,R2,8.3492
2026-01-09T09:55:17Z,2025-08-19,22,R2,10.1501
2026-01-09T09:55:17Z,2025-08-19,10,R2,7.8107
2026-01-09T09:55:17Z,2025-08-19,9,R2,7.6636
2026-01-09T09:55:17Z,2025-08-19,8,R2,7.6116
2026-01-09T09:55:17Z,2025-08-19,7,R2,7.5163
2026-01-09T09:55:17Z,2025-08-19,6,R2,7.4587
2026-01-09T09:55:17Z,2025-08-19,5,R2,7.3206
2026-01-09T09:55:17Z,2025-08-19,4,R2,7.5245
2026-01-09T09:55:17Z,2025-08-19,3,R2,7.5485
2026-01-09T09:55:17Z,2025-08-19,2,R2,7.4352
2026-01-09T09:55:17Z,2025-08-19,1,R2,7.2853
2026-01-09T09:55:17Z,2025-08-19,11,R2,7.986
2026-01-09T09:55:17Z,2025-08-19,23,R2,10.2333
2026-01-09T09:55:17Z,2025-08-19,42,R2,9.1607
2026-01-09T09:55:17Z,2025-08-19,25,R2,10.645
2026-01-09T09:55:17Z,2025-08-19,47,R2,9.2534
2026-01-09T09:55:17Z,2025-08-19,46,R2,9.6334
2026-01-09T09:55:17Z,2025-08-19,45,R2,9.8548
2026-01-09T09:55:17Z,2025-08-19,44,R2,9.9685
2026-01-09T09:55:17Z,2025-08-19,43,R2,9.3744
2026-01-09T09:55:17Z,2025-08-19,48,R2,9.0892
2026-01-09T09:55:17Z,2025-08-19,41,R2,9.0059
2026-01-09T09:55:17Z,2025-08-19,40,R2,9.1584
2026-01-09T09:55:17Z,2025-08-19,39,R2,9.3642
2026-01-09T09:55:17Z,2025-08-19,38,R2,9.6877
2026-01-09T09:55:17Z,2025-08-19,37,R2,9.7569
2026-01-09T09:55:17Z,2025-08-19,24,R2,10.4022
2026-01-09T09:55:17Z,2025-08-19,35,R2,10.1264
2026-01-09T09:55:17Z,2025-08-19,34,R2,10.0868
2026-01-09T09:55:17Z,2025-08-19,33,R2,10.2942
2026-01-09T09:55:17Z,2025-08-19,32,R2,10.5956
2026-01-09T09:55:17Z,2025-08-19,31,R2,10.655
2026-01-09T09:55:17Z,2025-08-19,30,R2,10.7529
2026-01-09T09:55:17Z,2025-08-19,29,R2,10.6301
2026-01-09T09:55:17Z,2025-08-19,28,R2,10.9231
2026-01-09T09:55:17Z,2025-08-19,27,R2,10.7492
2026-01-09T09:55:17Z,2025-08-19,26,R2,11.0899
2026-01-09T09:55:17Z,2025-08-19,36,R2,10.0952
2026-01-09T09:55:17Z,2025-08-20,14,R2,1.0758
2026-01-09T09:55:17Z,2025-08-20,15,R2,1.2039
2026-01-09T09:55:17Z,2025-08-20,16,R2,1.2518
2026-01-09T09:55:17Z,2025-08-20,21,R2,1.3772
2026-01-09T09:55:17Z,2025-08-20,18,R2,1.3423
2026-01-09T09:55:17Z,2025-08-20,19,R2,1.3357
2026-01-09T09:55:17Z,2025-08-20,20,R2,1.3804
2026-01-09T09:55:17Z,2025-08-20,13,R2,1.0673
2026-01-09T09:55:17Z,2025-08-20,17,R2,1.2996
2026-01-09T09:55:17Z,2025-08-20,12,R2,0.7403
2026-01-09T09:55:17Z,2025-08-20,6,R2,0.5828
2026-01-09T09:55:17Z,2025-08-20,10,R2,0.58
2026-01-09T09:55:17Z,2025-08-20,9,R2,0.5764
2026-01-09T09:55:17Z,2025-08-20,8,R2,0.5779
2026-01-09T09:55:17Z,2025-08-20,7,R2,0.5748
2026-01-09T09:55:17Z,2025-08-20,5,R2,0.5734
2026-01-09T09:55:17Z,2025-08-20,4,R2,0.5764
2026-01-09T09:55:17Z,2025-08-20,3,R2,0.5862
2026-01-09T09:55:17Z,2025-08-20,2,R2,0.5959
2026-01-09T09:55:17Z,2025-08-20,1,R2,0.5721
2026-01-09T09:55:17Z,2025-08-20,22,R2,1.36
2026-01-09T09:55:17Z,2025-08-20,11,R2,0.599
2026-01-09T09:55:17Z,2025-08-20,23,R2,1.3241
2026-01-09T09:55:17Z,2025-08-20,24,R2,1.2646
2026-01-09T09:55:17Z,2025-08-20,25,R2,1.316
2026-01-09T09:55:17Z,2025-08-20,47,R2,0.5611
2026-01-09T09:55:17Z,2025-08-20,46,R2,0.5742
2026-01-09T09:55:17Z,2025-08-20,45,R2,0.5686
2026-01-09T09:55:17Z,2025-08-20,44,R2,0.5846
2026-01-09T09:55:17Z,2025-08-20,43,R2,0.6031
2026-01-09T09:55:17Z,2025-08-20,42,R2,0.6611
2026-01-09T09:55:17Z,2025-08-20,41,R2,0.6882
2026-01-09T09:55:17Z,2025-08-20,40,R2,0.6872
2026-01-09T09:55:17Z,2025-08-20,39,R2,0.7099
2026-01-09T09:55:17Z,2025-08-20,38,R2,0.7807
2026-01-09T09:55:17Z,2025-08-20,37,R2,0.795
2026-01-09T09:55:17Z,2025-08-20,48,R2,0.5702
2026-01-09T09:55:17Z,2025-08-20,35,R2,0.9334
2026-01-09T09:55:17Z,2025-08-20,34,R2,1.0822
2026-01-09T09:55:17Z,2025-08-20,33,R2,1.1751
2026-01-09T09:55:17Z,2025-08-20,32,R2,1.1861
2026-01-09T09:55:17Z,2025-08-20,31,R2,1.2391
2026-01-09T09:55:17Z,2025-08-20,30,R2,1.2275
2026-01-09T09:55:17Z,2025-08-20,29,R2,1.1943
2026-01-09T09:55:17Z,2025-08-20,28,R2,1.2167
2026-01-09T09:55:17Z,2025-08-20,27,R2,1.2225
2026-01-09T09:55:17Z,2025-08-20,26,R2,1.3216
2026-01-09T09:55:17Z,2025-08-20,36,R2,0.8809
2026-01-09T09:55:17Z,2025-08-21,14,R2,0.7966
2026-01-09T09:55:17Z,2025-08-21,15,R2,0.8078
2026-01-09T09:55:17Z,2025-08-21,16,R2,0.8323
2026-01-09T09:55:17Z,2025-08-21,21,R2,1.0318
2026-01-09T09:55:17Z,2025-08-21,18,R2,0.9617
2026-01-09T09:55:17Z,2025-08-21,19,R2,0.9685
2026-01-09T09:55:17Z,2025-08-21,20,R2,1.016
2026-01-09T09:55:17Z,2025-08-21,13,R2,0.807
2026-01-09T09:55:17Z,2025-08-21,17,R2,0.8682
2026-01-09T09:55:17Z,2025-08-21,12,R2,0.7543
2026-01-09T09:55:17Z,2025-08-21,6,R2,0.5852
2026-01-09T09:55:17Z,2025-08-21,10,R2,0.5864
2026-01-09T09:55:17Z,2025-08-21,9,R2,0.5822
2026-01-09T09:55:17Z,2025-08-21,8,R2,0.5698
2026-01-09T09:55:17Z,2025-08-21,7,R2,0.5764
2026-01-09T09:55:17Z,2025-08-21,5,R2,0.5805
2026-01-09T09:55:17Z,2025-08-21,4,R2,0.5708
2026-01-09T09:55:17Z,2025-08-21,3,R2,0.5713
2026-01-09T09:55:17Z,2025-08-21,2,R2,0.5801
2026-01-09T09:55:17Z,2025-08-21,1,R2,0.5733
2026-01-09T09:55:17Z,2025-08-21,22,R2,0.9767
2026-01-09T09:55:17Z,2025-08-21,11,R2,0.5909
2026-01-09T09:55:17Z,2025-08-21,23,R2,0.9292
2026-01-09T09:55:17Z,2025-08-21,48,R2,0.5839
2026-01-09T09:55:17Z,2025-08-21,25,R2,0.9594
2026-01-09T09:55:17Z,2025-08-21,24,R2,0.984
2026-01-09T09:55:17Z,2025-08-21,47,R2,0.5947
2026-01-09T09:55:17Z,2025-08-21,46,R2,0.5832
2026-01-09T09:55:17Z,2025-08-21,45,R2,0.5888
2026-01-09T09:55:17Z,2025-08-21,44,R2,0.6
2026-01-09T09:55:17Z,2025-08-21,43,R2,0.5953
2026-01-09T09:55:17Z,2025-08-21,42,R2,0.6465
2026-01-09T09:55:17Z,2025-08-21,40,R2,0.7098
2026-01-09T09:55:17Z,2025-08-21,39,R2,0.7334
2026-01-09T09:55:17Z,2025-08-21,38,R2,0.797
2026-01-09T09:55:17Z,2025-08-21,37,R2,0.8107
2026-01-09T09:55:17Z,2025-08-21,41,R2,0.6842
2026-01-09T09:55:17Z,2025-08-21,35,R2,0.9147
2026-01-09T09:55:17Z,2025-08-21,36,R2,0.8388
2026-01-09T09:55:17Z,2025-08-21,27,R2,0.9961
2026-01-09T09:55:17Z,2025-08-21,28,R2,1.0785
2026-01-09T09:55:17Z,2025-08-21,29,R2,1.0411
2026-01-09T09:55:17Z,2025-08-21,30,R2,0.9898
2026-01-09T09:55:17Z,2025-08-21,26,R2,0.9222
2026-01-09T09:55:17Z,2025-08-21,32,R2,1.2628
2026-01-09T09:55:17Z,2025-08-21,33,R2,1.1834
2026-01-09T09:55:17Z,2025-08-21,34,R2,1.0777
2026-01-09T09:55:17Z,2025-08-21,31,R2,1.0578
2026-01-09T09:55:17Z,2025-08-22,13,R2,0.9001
2026-01-09T09:55:17Z,2025-08-22,22,R2,1.2219
2026-01-09T09:55:17Z,2025-08-22,21,R2,1.1792
2026-01-09T09:55:17Z,2025-08-22,20,R2,1.1621
2026-01-09T09:55:17Z,2025-08-22,19,R2,1.0642
2026-01-09T09:55:17Z,2025-08-22,17,R2,0.971
2026-01-09T09:55:17Z,2025-08-22,16,R2,0.9465
2026-01-09T09:55:17Z,2025-08-22,15,R2,0.9146
2026-01-09T09:55:17Z,2025-08-22,14,R2,0.9051
2026-01-09T09:55:17Z,2025-08-22,12,R2,0.7635
2026-01-09T09:55:17Z,2025-08-22,23,R2,1.2694
2026-01-09T09:55:17Z,2025-08-22,10,R2,0.6291
2026-01-09T09:55:17Z,2025-08-22,9,R2,0.6218
2026-01-09T09:55:17Z,2025-08-22,8,R2,0.6088
2026-01-09T09:55:17Z,2025-08-22,7,R2,0.6095
2026-01-09T09:55:17Z,2025-08-22,6,R2,0.6119
2026-01-09T09:55:17Z,2025-08-22,5,R2,0.61
2026-01-09T09:55:17Z,2025-08-22,4,R2,0.6097
2026-01-09T09:55:17Z,2025-08-22,3,R2,0.6026
2026-01-09T09:55:17Z,2025-08-22,2,R2,0.6078
2026-01-09T09:55:17Z,2025-08-22,1,R2,0.6165
2026-01-09T09:55:17Z,2025-08-22,11,R2,0.6228
2026-01-09T09:55:17Z,2025-08-22,24,R2,1.238
2026-01-09T09:55:17Z,2025-08-22,18,R2,1.0169
2026-01-09T09:55:17Z,2025-08-22,26,R2,0.7713
2026-01-09T09:55:17Z,2025-08-22,47,R2,0.6241
2026-01-09T09:55:17Z,2025-08-22,46,R2,0.6291
2026-01-09T09:55:17Z,2025-08-22,45,R2,0.6276
2026-01-09T09:55:17Z,2025-08-22,44,R2,0.6414
2026-01-09T09:55:17Z,2025-08-22,43,R2,0.6687
2026-01-09T09:55:17Z,2025-08-22,42,R2,0.7341
2026-01-09T09:55:17Z,2025-08-22,41,R2,0.7457
2026-01-09T09:55:17Z,2025-08-22,40,R2,0.7514
2026-01-09T09:55:17Z,2025-08-22,39,R2,0.7699
2026-01-09T09:55:17Z,2025-08-22,38,R2,0.7605
2026-01-09T09:55:17Z,2025-08-22,37,R2,0.821
2026-01-09T09:55:17Z,2025-08-22,25,R2,0.9856
2026-01-09T09:55:17Z,2025-08-22,35,R2,0.9509
2026-01-09T09:55:17Z,2025-08-22,34,R2,1.0567
2026-01-09T09:55:17Z,2025-08-22,33,R2,1.1485
2026-01-09T09:55:17Z,2025-08-22,32,R2,1.1523
2026-01-09T09:55:17Z,2025-08-22,31,R2,1.1961
2026-01-09T09:55:17Z,2025-08-22,48,R2,0.5956
2026-01-09T09:55:17Z,2025-08-22,30,R2,1.17
2026-01-09T09:55:17Z,2025-08-22,29,R2,1.1942
2026-01-09T09:55:17Z,2025-08-22,28,R2,1.0132
2026-01-09T09:55:17Z,2025-08-22,27,R2,0.8922
2026-01-09T09:55:17Z,2025-08-22,36,R2,0.8897
2026-01-09T09:55:17Z,2025-08-23,14,R2,0.5925
2026-01-09T09:55:17Z,2025-08-23,15,R2,0.5901
2026-01-09T09:55:17Z,2025-08-23,16,R2,0.564
2026-01-09T09:55:17Z,2025-08-23,21,R2,0.5615
2026-01-09T09:55:17Z,2025-08-23,18,R2,0.6347
2026-01-09T09:55:17Z,2025-08-23,19,R2,0.5703
2026-01-09T09:55:17Z,2025-08-23,20,R2,0.5662
2026-01-09T09:55:17Z,2025-08-23,13,R2,0.5933
2026-01-09T09:55:17Z,2025-08-23,17,R2,0.5812
2026-01-09T09:55:17Z,2025-08-23,12,R2,0.6155
2026-01-09T09:55:17Z,2025-08-23,6,R2,0.615
2026-01-09T09:55:17Z,2025-08-23,10,R2,0.6053
2026-01-09T09:55:17Z,2025-08-23,9,R2,0.6097
2026-01-09T09:55:17Z,2025-08-23,8,R2,0.6166
2026-01-09T09:55:17Z,2025-08-23,7,R2,0.5967
2026-01-09T09:55:17Z,2025-08-23,5,R2,0.6189
2026-01-09T09:55:17Z,2025-08-23,4,R2,0.6
2026-01-09T09:55:17Z,2025-08-23,3,R2,0.6093
2026-01-09T09:55:17Z,2025-08-23,2,R2,0.6128
2026-01-09T09:55:17Z,2025-08-23,1,R2,0.6104
2026-01-09T09:55:17Z,2025-08-23,22,R2,0.5623
2026-01-09T09:55:17Z,2025-08-23,11,R2,0.6056
2026-01-09T09:55:17Z,2025-08-23,23,R2,0.5589
2026-01-09T09:55:17Z,2025-08-23,24,R2,0.5596
2026-01-09T09:55:17Z,2025-08-23,25,R2,0.5522
2026-01-09T09:55:17Z,2025-08-23,47,R2,0.6577
2026-01-09T09:55:17Z,2025-08-23,46,R2,0.6509
2026-01-09T09:55:17Z,2025-08-23,45,R2,0.6644
2026-01-09T09:55:17Z,2025-08-23,44,R2,0.6753
2026-01-09T09:55:17Z,2025-08-23,43,R2,0.6588
2026-01-09T09:55:17Z,2025-08-23,42,R2,0.6599
2026-01-09T09:55:17Z,2025-08-23,41,R2,0.6722
2026-01-09T09:55:17Z,2025-08-23,40,R2,0.648
2026-01-09T09:55:17Z,2025-08-23,39,R2,0.6467
2026-01-09T09:55:17Z,2025-08-23,38,R2,0.6501
2026-01-09T09:55:17Z,2025-08-23,37,R2,0.6296
2026-01-09T09:55:17Z,2025-08-23,48,R2,0.6477
2026-01-09T09:55:17Z,2025-08-23,35,R2,0.6293
2026-01-09T09:55:17Z,2025-08-23,34,R2,0.6316
2026-01-09T09:55:17Z,2025-08-23,33,R2,0.6188
2026-01-09T09:55:17Z,2025-08-23,32,R2,0.6097
2026-01-09T09:55:17Z,2025-08-23,31,R2,0.5923
2026-01-09T09:55:17Z,2025-08-23,30,R2,0.5857
2026-01-09T09:55:17Z,2025-08-23,29,R2,0.5696
2026-01-09T09:55:17Z,2025-08-23,28,R2,0.5243
2026-01-09T09:55:17Z,2025-08-23,27,R2,0.6069
2026-01-09T09:55:17Z,2025-08-23,26,R2,0.5591
2026-01-09T09:55:17Z,2025-08-23,36,R2,0.6458
2026-01-09T09:55:17Z,2025-08-24,14,R2,7.4767
2026-01-09T09:55:17Z,2025-08-24,15,R2,7.4987
2026-01-09T09:55:17Z,2025-08-24,16,R2,7.7541
2026-01-09T09:55:17Z,2025-08-24,21,R2,9.7137
2026-01-09T09:55:17Z,2025-08-24,18,R2,7.7024
2026-01-09T09:55:17Z,2025-08-24,19,R2,8.3531
2026-01-09T09:55:17Z,2025-08-24,20,R2,8.9877
2026-01-09T09:55:17Z,2025-08-24,13,R2,7.5542
2026-01-09T09:55:17Z,2025-08-24,17,R2,7.6342
2026-01-09T09:55:17Z,2025-08-24,12,R2,7.7165
2026-01-09T09:55:17Z,2025-08-24,6,R2,7.5193
2026-01-09T09:55:17Z,2025-08-24,10,R2,7.6695
2026-01-09T09:55:17Z,2025-08-24,9,R2,7.5188
2026-01-09T09:55:17Z,2025-08-24,8,R2,7.6142
2026-01-09T09:55:17Z,2025-08-24,7,R2,7.6367
2026-01-09T09:55:17Z,2025-08-24,5,R2,7.1708
2026-01-09T09:55:17Z,2025-08-24,4,R2,7.128
2026-01-09T09:55:17Z,2025-08-24,3,R2,6.697
2026-01-09T09:55:17Z,2025-08-24,2,R2,6.9002
2026-01-09T09:55:17Z,2025-08-24,1,R2,7.0945
2026-01-09T09:55:17Z,2025-08-24,22,R2,10.4715
2026-01-09T09:55:17Z,2025-08-24,11,R2,7.7362
2026-01-09T09:55:17Z,2025-08-24,23,R2,11.0237
2026-01-09T09:55:17Z,2025-08-24,24,R2,11.4345
2026-01-09T09:55:17Z,2025-08-24,25,R2,11.8772
2026-01-09T09:55:17Z,2025-08-24,47,R2,8.6951
2026-01-09T09:55:17Z,2025-08-24,46,R2,8.8448
2026-01-09T09:55:17Z,2025-08-24,45,R2,8.4618
2026-01-09T09:55:17Z,2025-08-24,44,R2,8.0918
2026-01-09T09:55:17Z,2025-08-24,43,R2,7.6247
2026-01-09T09:55:17Z,2025-08-24,42,R2,7.6907
2026-01-09T09:55:17Z,2025-08-24,41,R2,7.5288
2026-01-09T09:55:17Z,2025-08-24,40,R2,7.2175
2026-01-09T09:55:17Z,2025-08-24,39,R2,7.7472
2026-01-09T09:55:17Z,2025-08-24,38,R2,8.5325
2026-01-09T09:55:17Z,2025-08-24,37,R2,8.5064
2026-01-09T09:55:17Z,2025-08-24,48,R2,8.7908
2026-01-09T09:55:17Z,2025-08-24,35,R2,9.2242
2026-01-09T09:55:17Z,2025-08-24,34,R2,10.3113
2026-01-09T09:55:17Z,2025-08-24,33,R2,11.0448
2026-01-09T09:55:17Z,2025-08-24,32,R2,11.9127
2026-01-09T09:55:17Z,2025-08-24,31,R2,11.4184
2026-01-09T09:55:17Z,2025-08-24,30,R2,12.2124
2026-01-09T09:55:17Z,2025-08-24,29,R2,11.9667
2026-01-09T09:55:17Z,2025-08-24,28,R2,12.1325
2026-01-09T09:55:17Z,2025-08-24,27,R2,12.7399
2026-01-09T09:55:17Z,2025-08-24,26,R2,12.0642
2026-01-09T09:55:17Z,2025-08-24,36,R2,8.9813
2026-01-09T09:55:17Z,2025-08-25,14,R2,9.2484
2026-01-09T09:55:17Z,2025-08-25,15,R2,9.0549
2026-01-09T09:55:17Z,2025-08-25,16,R2,9.5026
2026-01-09T09:55:17Z,2025-08-25,21,R2,14.4147
2026-01-09T09:55:17Z,2025-08-25,18,R2,11.2986
2026-01-09T09:55:17Z,2025-08-25,19,R2,12.0732
2026-01-09T09:55:17Z,2025-08-25,20,R2,13.1503
2026-01-09T09:55:17Z,2025-08-25,13,R2,8.8584
2026-01-09T09:55:17Z,2025-08-25,17,R2,10.2883
2026-01-09T09:55:17Z,2025-08-25,12,R2,9.1708
2026-01-09T09:55:17Z,2025-08-25,6,R2,9.0784
2026-01-09T09:55:17Z,2025-08-25,10,R2,9.4494
2026-01-09T09:55:17Z,2025-08-25,9,R2,9.0701
2026-01-09T09:55:17Z,2025-08-25,8,R2,9.1523
2026-01-09T09:55:17Z,2025-08-25,7,R2,9.1941
2026-01-09T09:55:17Z,2025-08-25,5,R2,9.0221
2026-01-09T09:55:17Z,2025-08-25,4,R2,9.0517
2026-01-09T09:55:17Z,2025-08-25,3,R2,8.8113
2026-01-09T09:55:17Z,2025-08-25,2,R2,8.8467
2026-01-09T09:55:17Z,2025-08-25,1,R2,8.8015
2026-01-09T09:55:17Z,2025-08-25,22,R2,15.3327
2026-01-09T09:55:17Z,2025-08-25,11,R2,9.3732
2026-01-09T09:55:17Z,2025-08-25,23,R2,16.0971
2026-01-09T09:55:17Z,2025-08-25,24,R2,16.7204
2026-01-09T09:55:17Z,2025-08-25,25,R2,17.2088
2026-01-09T09:55:17Z,2025-08-25,47,R2,10.1794
2026-01-09T09:55:17Z,2025-08-25,46,R2,10.746
2026-01-09T09:55:17Z,2025-08-25,45,R2,11.1328
2026-01-09T09:55:17Z,2025-08-25,44,R2,10.5348
2026-01-09T09:55:17Z,2025-08-25,43,R2,10.6914
2026-01-09T09:55:17Z,2025-08-25,42,R2,10.6052
2026-01-09T09:55:17Z,2025-08-25,41,R2,11.1072
2026-01-09T09:55:17Z,2025-08-25,40,R2,11.5793
2026-01-09T09:55:17Z,2025-08-25,39,R2,12.1813
2026-01-09T09:55:17Z,2025-08-25,38,R2,13.2691
2026-01-09T09:55:17Z,2025-08-25,37,R2,14.1034
2026-01-09T09:55:17Z,2025-08-25,48,R2,10.1407
2026-01-09T09:55:17Z,2025-08-25,35,R2,15.8245
2026-01-09T09:55:17Z,2025-08-25,34,R2,16.6582
2026-01-09T09:55:17Z,2025-08-25,33,R2,17.1086
2026-01-09T09:55:17Z,2025-08-25,32,R2,17.4125
2026-01-09T09:55:17Z,2025-08-25,31,R2,17.5373
2026-01-09T09:55:17Z,2025-08-25,30,R2,18.0091
2026-01-09T09:55:17Z,2025-08-25,29,R2,17.7365
2026-01-09T09:55:17Z,2025-08-25,28,R2,17.3529
2026-01-09T09:55:17Z,2025-08-25,27,R2,17.8333
2026-01-09T09:55:17Z,2025-08-25,26,R2,17.7166
2026-01-09T09:55:17Z,2025-08-25,36,R2,14.8558
2026-01-09T09:55:17Z,2025-08-26,14,R2,8.9892
2026-01-09T09:55:17Z,2025-08-26,15,R2,8.8441
2026-01-09T09:55:17Z,2025-08-26,16,R2,9.7232
2026-01-09T09:55:17Z,2025-08-26,21,R2,13.1321
2026-01-09T09:55:17Z,2025-08-26,18,R2,11.2517
2026-01-09T09:55:17Z,2025-08-26,19,R2,12.463
2026-01-09T09:55:17Z,2025-08-26,20,R2,12.9297
2026-01-09T09:55:17Z,2025-08-26,13,R2,8.9014
2026-01-09T09:55:17Z,2025-08-26,17,R2,10.298
2026-01-09T09:55:17Z,2025-08-26,12,R2,8.8072
2026-01-09T09:55:17Z,2025-08-26,6,R2,10.9417
2026-01-09T09:55:17Z,2025-08-26,10,R2,9.8791
2026-01-09T09:55:17Z,2025-08-26,9,R2,10.4929
2026-01-09T09:55:17Z,2025-08-26,8,R2,10.7536
2026-01-09T09:55:17Z,2025-08-26,7,R2,11.1181
2026-01-09T09:55:17Z,2025-08-26,5,R2,11.2253
2026-01-09T09:55:17Z,2025-08-26,4,R2,11.5408
2026-01-09T09:55:17Z,2025-08-26,3,R2,10.8606
2026-01-09T09:55:17Z,2025-08-26,2,R2,10.5118
2026-01-09T09:55:17Z,2025-08-26,1,R2,10.0358
2026-01-09T09:55:17Z,2025-08-26,22,R2,12.7293
2026-01-09T09:55:17Z,2025-08-26,11,R2,8.999
2026-01-09T09:55:17Z,2025-08-26,23,R2,13.8868
2026-01-09T09:55:17Z,2025-08-26,48,R2,9.4227
2026-01-09T09:55:17Z,2025-08-26,25,R2,14.5031
2026-01-09T09:55:17Z,2025-08-26,47,R2,9.6815
2026-01-09T09:55:17Z,2025-08-26,46,R2,9.529
2026-01-09T09:55:17Z,2025-08-26,45,R2,9.6096
2026-01-09T09:55:17Z,2025-08-26,44,R2,9.624
2026-01-09T09:55:17Z,2025-08-26,43,R2,9.485
2026-01-09T09:55:17Z,2025-08-26,42,R2,9.4943
2026-01-09T09:55:17Z,2025-08-26,41,R2,9.8287
2026-01-09T09:55:17Z,2025-08-26,40,R2,10.241
2026-01-09T09:55:17Z,2025-08-26,39,R2,10.9664
2026-01-09T09:55:17Z,2025-08-26,38,R2,11.3945
2026-01-09T09:55:17Z,2025-08-26,37,R2,12.4789
2026-01-09T09:55:17Z,2025-08-26,24,R2,14.3527
2026-01-09T09:55:17Z,2025-08-26,35,R2,13.519
2026-01-09T09:55:17Z,2025-08-26,34,R2,14.1964
2026-01-09T09:55:17Z,2025-08-26,33,R2,13.7275
2026-01-09T09:55:17Z,2025-08-26,32,R2,13.7536
2026-01-09T09:55:17Z,2025-08-26,31,R2,14.4998
2026-01-09T09:55:17Z,2025-08-26,30,R2,15.224
2026-01-09T09:55:17Z,2025-08-26,29,R2,15.4737
2026-01-09T09:55:17Z,2025-08-26,28,R2,15.4988
2026-01-09T09:55:17Z,2025-08-26,27,R2,15.8159
2026-01-09T09:55:17Z,2025-08-26,26,R2,13.9236
2026-01-09T09:55:17Z,2025-08-26,36,R2,14.0578
2026-01-09T09:55:17Z,2025-08-27,14,R2,10.5325
2026-01-09T09:55:17Z,2025-08-27,15,R2,10.7998
2026-01-09T09:55:17Z,2025-08-27,16,R2,11.7644
2026-01-09T09:55:17Z,2025-08-27,21,R2,12.3161
2026-01-09T09:55:17Z,2025-08-27,18,R2,12.0099
2026-01-09T09:55:17Z,2025-08-27,19,R2,12.143
2026-01-09T09:55:17Z,2025-08-27,20,R2,11.6519
2026-01-09T09:55:17Z,2025-08-27,13,R2,10.5151
2026-01-09T09:55:17Z,2025-08-27,17,R2,11.3274
2026-01-09T09:55:17Z,2025-08-27,12,R2,10.5101
2026-01-09T09:55:17Z,2025-08-27,6,R2,9.583
2026-01-09T09:55:17Z,2025-08-27,10,R2,10.1508
2026-01-09T09:55:17Z,2025-08-27,9,R2,9.9912
2026-01-09T09:55:17Z,2025-08-27,8,R2,10.0911
2026-01-09T09:55:17Z,2025-08-27,7,R2,9.681
2026-01-09T09:55:17Z,2025-08-27,5,R2,9.1442
2026-01-09T09:55:17Z,2025-08-27,4,R2,8.9822
2026-01-09T09:55:17Z,2025-08-27,3,R2,8.6887
2026-01-09T09:55:17Z,2025-08-27,2,R2,9.1418
2026-01-09T09:55:17Z,2025-08-27,1,R2,8.9946
2026-01-09T09:55:17Z,2025-08-27,22,R2,13.2264
2026-01-09T09:55:17Z,2025-08-27,11,R2,9.8566
2026-01-09T09:55:17Z,2025-08-27,23,R2,14.1736
2026-01-09T09:55:17Z,2025-08-27,24,R2,15.7254
2026-01-09T09:55:17Z,2025-08-27,25,R2,16.4863
2026-01-09T09:55:17Z,2025-08-27,47,R2,9.6113
2026-01-09T09:55:17Z,2025-08-27,46,R2,9.6802
2026-01-09T09:55:17Z,2025-08-27,45,R2,9.772
2026-01-09T09:55:17Z,2025-08-27,44,R2,9.5474
2026-01-09T09:55:17Z,2025-08-27,43,R2,9.1486
2026-01-09T09:55:17Z,2025-08-27,42,R2,9.2559
2026-01-09T09:55:17Z,2025-08-27,41,R2,9.5464
2026-01-09T09:55:17Z,2025-08-27,40,R2,9.72
2026-01-09T09:55:17Z,2025-08-27,39,R2,10.6848
2026-01-09T09:55:17Z,2025-08-27,38,R2,11.658
2026-01-09T09:55:17Z,2025-08-27,37,R2,12.7983
2026-01-09T09:55:17Z,2025-08-27,48,R2,9.4091
2026-01-09T09:55:17Z,2025-08-27,35,R2,13.8683
2026-01-09T09:55:17Z,2025-08-27,34,R2,15.2714
2026-01-09T09:55:17Z,2025-08-27,33,R2,15.7798
2026-01-09T09:55:17Z,2025-08-27,32,R2,15.8489
2026-01-09T09:55:17Z,2025-08-27,31,R2,15.6094
2026-01-09T09:55:17Z,2025-08-27,30,R2,15.4033
2026-01-09T09:55:17Z,2025-08-27,29,R2,16.2404
2026-01-09T09:55:17Z,2025-08-27,28,R2,14.1925
2026-01-09T09:55:17Z,2025-08-27,27,R2,15.8155
2026-01-09T09:55:17Z,2025-08-27,26,R2,16.926
2026-01-09T09:55:17Z,2025-08-27,36,R2,13.3001
2026-01-09T09:55:17Z,2025-08-28,14,R2,1.5997
2026-01-09T09:55:17Z,2025-08-28,15,R2,1.6255
2026-01-09T09:55:17Z,2025-08-28,16,R2,1.6028
2026-01-09T09:55:17Z,2025-08-28,21,R2,1.8601
2026-01-09T09:55:17Z,2025-08-28,18,R2,1.7847
2026-01-09T09:55:17Z,2025-08-28,19,R2,1.7932
2026-01-09T09:55:17Z,2025-08-28,20,R2,1.768
2026-01-09T09:55:17Z,2025-08-28,13,R2,1.6247
2026-01-09T09:55:17Z,2025-08-28,17,R2,1.6874
2026-01-09T09:55:17Z,2025-08-28,12,R2,1.4711
2026-01-09T09:55:17Z,2025-08-28,6,R2,1.1349
2026-01-09T09:55:17Z,2025-08-28,10,R2,1.199
2026-01-09T09:55:17Z,2025-08-28,9,R2,1.2284
2026-01-09T09:55:17Z,2025-08-28,8,R2,1.1996
2026-01-09T09:55:17Z,2025-08-28,7,R2,1.1542
2026-01-09T09:55:17Z,2025-08-28,5,R2,1.103
2026-01-09T09:55:17Z,2025-08-28,4,R2,1.0869
2026-01-09T09:55:17Z,2025-08-28,3,R2,1.1194
2026-01-09T09:55:17Z,2025-08-28,2,R2,1.136
2026-01-09T09:55:17Z,2025-08-28,1,R2,1.156
2026-01-09T09:55:17Z,2025-08-28,22,R2,1.8215
2026-01-09T09:55:17Z,2025-08-28,11,R2,1.2307
2026-01-09T09:55:17Z,2025-08-28,23,R2,1.8448
2026-01-09T09:55:17Z,2025-08-28,48,R2,1.1764
2026-01-09T09:55:17Z,2025-08-28,25,R2,2.0512
2026-01-09T09:55:17Z,2025-08-28,24,R2,1.9119
2026-01-09T09:55:17Z,2025-08-28,47,R2,1.1721
2026-01-09T09:55:17Z,2025-08-28,46,R2,1.1788
2026-01-09T09:55:17Z,2025-08-28,45,R2,1.2196
2026-01-09T09:55:17Z,2025-08-28,44,R2,1.2298
2026-01-09T09:55:17Z,2025-08-28,43,R2,1.2744
2026-01-09T09:55:17Z,2025-08-28,42,R2,1.339
2026-01-09T09:55:17Z,2025-08-28,40,R2,1.4283
2026-01-09T09:55:17Z,2025-08-28,39,R2,1.5053
2026-01-09T09:55:17Z,2025-08-28,38,R2,1.6013
2026-01-09T09:55:17Z,2025-08-28,37,R2,1.7218
2026-01-09T09:55:17Z,2025-08-28,41,R2,1.4153
2026-01-09T09:55:17Z,2025-08-28,35,R2,2.1679
2026-01-09T09:55:17Z,2025-08-28,36,R2,2.0416
2026-01-09T09:55:17Z,2025-08-28,27,R2,2.1842
2026-01-09T09:55:17Z,2025-08-28,28,R2,2.2209
2026-01-09T09:55:17Z,2025-08-28,29,R2,2.0671
2026-01-09T09:55:17Z,2025-08-28,30,R2,1.931
2026-01-09T09:55:17Z,2025-08-28,26,R2,2.0493
2026-01-09T09:55:17Z,2025-08-28,32,R2,2.2666
2026-01-09T09:55:17Z,2025-08-28,33,R2,2.1528
2026-01-09T09:55:17Z,2025-08-28,34,R2,2.2371
2026-01-09T09:55:17Z,2025-08-28,31,R2,2.0717
2026-01-09T09:55:17Z,2025-08-29,13,R2,10.0657
2026-01-09T09:55:17Z,2025-08-29,22,R2,12.4959
2026-01-09T09:55:17Z,2025-08-29,21,R2,12.4072
2026-01-09T09:55:17Z,2025-08-29,20,R2,12.2552
2026-01-09T09:55:17Z,2025-08-29,19,R2,11.2623
2026-01-09T09:55:17Z,2025-08-29,17,R2,9.9742
2026-01-09T09:55:17Z,2025-08-29,16,R2,9.5748
2026-01-09T09:55:17Z,2025-08-29,15,R2,8.9952
2026-01-09T09:55:17Z,2025-08-29,14,R2,9.5132
2026-01-09T09:55:17Z,2025-08-29,12,R2,9.9879
2026-01-09T09:55:17Z,2025-08-29,23,R2,13.0716
2026-01-09T09:55:17Z,2025-08-29,10,R2,9.8244
2026-01-09T09:55:17Z,2025-08-29,9,R2,9.7671
2026-01-09T09:55:17Z,2025-08-29,8,R2,9.7444
2026-01-09T09:55:17Z,2025-08-29,7,R2,9.3133
2026-01-09T09:55:17Z,2025-08-29,6,R2,9.2203
2026-01-09T09:55:17Z,2025-08-29,5,R2,8.7315
2026-01-09T09:55:17Z,2025-08-29,4,R2,9.0522
2026-01-09T09:55:17Z,2025-08-29,3,R2,8.7444
2026-01-09T09:55:17Z,2025-08-29,2,R2,8.9365
2026-01-09T09:55:17Z,2025-08-29,1,R2,9.9231
2026-01-09T09:55:17Z,2025-08-29,11,R2,9.5814
2026-01-09T09:55:17Z,2025-08-29,24,R2,13.1671
2026-01-09T09:55:17Z,2025-08-29,18,R2,11.2389
2026-01-09T09:55:17Z,2025-08-29,26,R2,14.6529
2026-01-09T09:55:17Z,2025-08-29,47,R2,9.5706
2026-01-09T09:55:17Z,2025-08-29,46,R2,9.9381
2026-01-09T09:55:17Z,2025-08-29,45,R2,10.557
2026-01-09T09:55:17Z,2025-08-29,44,R2,10.7863
2026-01-09T09:55:17Z,2025-08-29,43,R2,10.7147
2026-01-09T09:55:17Z,2025-08-29,42,R2,10.6371
2026-01-09T09:55:17Z,2025-08-29,41,R2,11.1891
2026-01-09T09:55:17Z,2025-08-29,40,R2,10.9404
2026-01-09T09:55:17Z,2025-08-29,39,R2,11.6999
2026-01-09T09:55:17Z,2025-08-29,38,R2,12.6518
2026-01-09T09:55:17Z,2025-08-29,37,R2,12.5492
2026-01-09T09:55:17Z,2025-08-29,25,R2,13.3065
2026-01-09T09:55:17Z,2025-08-29,35,R2,14.3695
2026-01-09T09:55:17Z,2025-08-29,27,R2,14.1132
2026-01-09T09:55:17Z,2025-08-29,28,R2,14.1699
2026-01-09T09:55:17Z,2025-08-29,29,R2,15.5955
2026-01-09T09:55:17Z,2025-08-29,30,R2,15.5095
2026-01-09T09:55:17Z,2025-08-29,36,R2,13.6419
2026-01-09T09:55:17Z,2025-08-29,31,R2,15.2918
2026-01-09T09:55:17Z,2025-08-29,32,R2,15.3775
2026-01-09T09:55:17Z,2025-08-29,33,R2,15.2438
2026-01-09T09:55:17Z,2025-08-29,34,R2,14.2509
2026-01-09T09:55:17Z,2025-08-29,48,R2,9.4335
2026-01-09T09:55:17Z,2025-08-30,13,R2,8.9309
2026-01-09T09:55:17Z,2025-08-30,22,R2,16.0843
2026-01-09T09:55:17Z,2025-08-30,21,R2,15.6596
2026-01-09T09:55:17Z,2025-08-30,20,R2,14.1455
2026-01-09T09:55:17Z,2025-08-30,19,R2,11.9635
2026-01-09T09:55:17Z,2025-08-30,17,R2,10.2817
2026-01-09T09:55:17Z,2025-08-30,16,R2,10.2113
2026-01-09T09:55:17Z,2025-08-30,15,R2,9.5922
2026-01-09T09:55:17Z,2025-08-30,14,R2,8.9733
2026-01-09T09:55:17Z,2025-08-30,12,R2,8.8904
2026-01-09T09:55:17Z,2025-08-30,6,R2,9.916
2026-01-09T09:55:17Z,2025-08-30,10,R2,9.3945
2026-01-09T09:55:17Z,2025-08-30,9,R2,9.2775
2026-01-09T09:55:17Z,2025-08-30,8,R2,9.4759
2026-01-09T09:55:17Z,2025-08-30,7,R2,9.6967
2026-01-09T09:55:17Z,2025-08-30,23,R2,16.0281
2026-01-09T09:55:17Z,2025-08-30,5,R2,10.7215
2026-01-09T09:55:17Z,2025-08-30,4,R2,10.6491
2026-01-09T09:55:17Z,2025-08-30,3,R2,10.2734
2026-01-09T09:55:17Z,2025-08-30,2,R2,10.4323
2026-01-09T09:55:17Z,2025-08-30,1,R2,9.5598
2026-01-09T09:55:17Z,2025-08-30,11,R2,9.1118
2026-01-09T09:55:17Z,2025-08-30,24,R2,16.7117
2026-01-09T09:55:17Z,2025-08-30,18,R2,10.8762
2026-01-09T09:55:17Z,2025-08-30,26,R2,15.8037
2026-01-09T09:55:17Z,2025-08-30,25,R2,16.0528
2026-01-09T09:55:17Z,2025-08-30,47,R2,13.2088
2026-01-09T09:55:17Z,2025-08-30,46,R2,13.7109
2026-01-09T09:55:17Z,2025-08-30,45,R2,14.0215
2026-01-09T09:55:17Z,2025-08-30,44,R2,14.3154
2026-01-09T09:55:17Z,2025-08-30,43,R2,14.485
2026-01-09T09:55:17Z,2025-08-30,42,R2,15.0037
2026-01-09T09:55:17Z,2025-08-30,41,R2,15.378
2026-01-09T09:55:17Z,2025-08-30,40,R2,15.522
2026-01-09T09:55:17Z,2025-08-30,39,R2,16.301
2026-01-09T09:55:17Z,2025-08-30,38,R2,16.8595
2026-01-09T09:55:17Z,2025-08-30,48,R2,12.733
2026-01-09T09:55:17Z,2025-08-30,36,R2,17.5265
2026-01-09T09:55:17Z,2025-08-30,37,R2,16.7306
2026-01-09T09:55:17Z,2025-08-30,28,R2,16.2088
2026-01-09T09:55:17Z,2025-08-30,29,R2,17.081
2026-01-09T09:55:17Z,2025-08-30,30,R2,16.9248
2026-01-09T09:55:17Z,2025-08-30,27,R2,16.7486
2026-01-09T09:55:17Z,2025-08-30,32,R2,17.7115
2026-01-09T09:55:17Z,2025-08-30,33,R2,17.6443
2026-01-09T09:55:17Z,2025-08-30,34,R2,17.7391
2026-01-09T09:55:17Z,2025-08-30,35,R2,17.7634
2026-01-09T09:55:17Z,2025-08-30,31,R2,17.3459
2026-01-09T09:55:17Z,2025-08-31,22,R2,1.1185
2026-01-09T09:55:17Z,2025-08-31,13,R2,1.0944
2026-01-09T09:55:17Z,2025-08-31,21,R2,1.1019
2026-01-09T09:55:17Z,2025-08-31,20,R2,1.0987
2026-01-09T09:55:17Z,2025-08-31,19,R2,1.0985
2026-01-09T09:55:17Z,2025-08-31,17,R2,1.1635
2026-01-09T09:55:17Z,2025-08-31,16,R2,1.0798
2026-01-09T09:55:17Z,2025-08-31,15,R2,1.0671
2026-01-09T09:55:17Z,2025-08-31,14,R2,1.0667
2026-01-09T09:55:17Z,2025-08-31,12,R2,1.0908
2026-01-09T09:55:17Z,2025-08-31,6,R2,1.1217
2026-01-09T09:55:17Z,2025-08-31,10,R2,1.099
2026-01-09T09:55:17Z,2025-08-31,9,R2,1.0989
2026-01-09T09:55:17Z,2025-08-31,8,R2,1.1119
2026-01-09T09:55:17Z,2025-08-31,7,R2,1.1278
2026-01-09T09:55:17Z,2025-08-31,5,R2,1.0991
2026-01-09T09:55:17Z,2025-08-31,4,R2,1.1185
2026-01-09T09:55:17Z,2025-08-31,3,R2,1.1326
2026-01-09T09:55:17Z,2025-08-31,2,R2,1.1281
2026-01-09T09:55:17Z,2025-08-31,1,R2,1.1588
2026-01-09T09:55:17Z,2025-08-31,23,R2,1.0891
2026-01-09T09:55:17Z,2025-08-31,11,R2,1.0886
2026-01-09T09:55:17Z,2025-08-31,24,R2,1.0936
2026-01-09T09:55:17Z,2025-08-31,18,R2,1.1016
2026-01-09T09:55:17Z,2025-08-31,26,R2,1.0842
2026-01-09T09:55:17Z,2025-08-31,47,R2,1.1437
2026-01-09T09:55:17Z,2025-08-31,46,R2,1.1613
2026-01-09T09:55:17Z,2025-08-31,45,R2,1.1584
2026-01-09T09:55:17Z,2025-08-31,44,R2,1.1488
2026-01-09T09:55:17Z,2025-08-31,43,R2,1.1617
2026-01-09T09:55:17Z,2025-08-31,42,R2,1.1658
2026-01-09T09:55:17Z,2025-08-31,41,R2,1.1548
2026-01-09T09:55:17Z,2025-08-31,40,R2,1.1587
2026-01-09T09:55:17Z,2025-08-31,39,R2,1.1592
2026-01-09T09:55:17Z,2025-08-31,38,R2,1.0944
2026-01-09T09:55:17Z,2025-08-31,37,R2,1.1058
2026-01-09T09:55:17Z,2025-08-31,25,R2,1.0697
2026-01-09T09:55:17Z,2025-08-31,35,R2,1.0532
2026-01-09T09:55:17Z,2025-08-31,34,R2,1.0562
2026-01-09T09:55:17Z,2025-08-31,33,R2,1.0418
2026-01-09T09:55:17Z,2025-08-31,32,R2,1.0515
2026-01-09T09:55:17Z,2025-08-31,31,R2,1.0931
2026-01-09T09:55:17Z,2025-08-31,48,R2,1.1089
2026-01-09T09:55:17Z,2025-08-31,30,R2,1.1085
2026-01-09T09:55:17Z,2025-08-31,29,R2,1.097
2026-01-09T09:55:17Z,2025-08-31,28,R2,1.1015
2026-01-09T09:55:17Z,2025-08-31,27,R2,1.1031
2026-01-09T09:55:17Z,2025-08-31,36,R2,1.0856
2026-01-09T09:55:17Z,2025-09-01,15,R2,2.3084
2026-01-09T09:55:17Z,2025-09-01,16,R2,2.3043
2026-01-09T09:55:17Z,2025-09-01,17,R2,2.1164
2026-01-09T09:55:17Z,2025-09-01,22,R2,1.6373
2026-01-09T09:55:17Z,2025-09-01,19,R2,1.9596
2026-01-09T09:55:17Z,2025-09-01,20,R2,1.9299
2026-01-09T09:55:17Z,2025-09-01,21,R2,1.5967
2026-01-09T09:55:17Z,2025-09-01,14,R2,2.2314
2026-01-09T09:55:17Z,2025-09-01,18,R2,2.1633
2026-01-09T09:55:17Z,2025-09-01,13,R2,2.2392
2026-01-09T09:55:17Z,2025-09-01,7,R2,1.1455
2026-01-09T09:55:17Z,2025-09-01,11,R2,1.3233
2026-01-09T09:55:17Z,2025-09-01,10,R2,1.2154
2026-01-09T09:55:17Z,2025-09-01,9,R2,1.205
2026-01-09T09:55:17Z,2025-09-01,8,R2,1.1927
2026-01-09T09:55:17Z,2025-09-01,6,R2,1.1132
2026-01-09T09:55:17Z,2025-09-01,5,R2,1.1103
2026-01-09T09:55:17Z,2025-09-01,4,R2,1.1098
2026-01-09T09:55:17Z,2025-09-01,3,R2,1.1085
2026-01-09T09:55:17Z,2025-09-01,2,R2,1.1614
2026-01-09T09:55:17Z,2025-09-01,23,R2,2.2446
2026-01-09T09:55:17Z,2025-09-01,12,R2,1.8109
2026-01-09T09:55:17Z,2025-09-01,1,R2,1.1849
2026-01-09T09:55:17Z,2025-09-01,24,R2,2.357
2026-01-09T09:55:17Z,2025-09-01,26,R2,2.4952
2026-01-09T09:55:17Z,2025-09-01,25,R2,2.5425
2026-01-09T09:55:17Z,2025-09-01,48,R2,1.2342
2026-01-09T09:55:17Z,2025-09-01,47,R2,1.2595
2026-01-09T09:55:17Z,2025-09-01,46,R2,1.3205
2026-01-09T09:55:17Z,2025-09-01,45,R2,1.2984
2026-01-09T09:55:17Z,2025-09-01,44,R2,1.3155
2026-01-09T09:55:17Z,2025-09-01,43,R2,1.3665
2026-01-09T09:55:17Z,2025-09-01,41,R2,1.4695
2026-01-09T09:55:17Z,2025-09-01,40,R2,1.5014
2026-01-09T09:55:17Z,2025-09-01,39,R2,1.5659
2026-01-09T09:55:17Z,2025-09-01,38,R2,1.7041
2026-01-09T09:55:17Z,2025-09-01,42,R2,1.4475
2026-01-09T09:55:17Z,2025-09-01,36,R2,2.2154
2026-01-09T09:55:17Z,2025-09-01,37,R2,1.7616
2026-01-09T09:55:17Z,2025-09-01,28,R2,2.4461
2026-01-09T09:55:17Z,2025-09-01,29,R2,2.5868
2026-01-09T09:55:17Z,2025-09-01,30,R2,2.6122
2026-01-09T09:55:17Z,2025-09-01,31,R2,2.5116
2026-01-09T09:55:17Z,2025-09-01,27,R2,2.4508
2026-01-09T09:55:17Z,2025-09-01,33,R2,2.4066
2026-01-09T09:55:17Z,2025-09-01,34,R2,2.5715
2026-01-09T09:55:17Z,2025-09-01,35,R2,2.5414
2026-01-09T09:55:17Z,2025-09-01,32,R2,2.611
2026-01-09T09:55:17Z,2025-09-02,13,R2,1.3491
2026-01-09T09:55:17Z,2025-09-02,21,R2,0.9985
2026-01-09T09:55:17Z,2025-09-02,20,R2,0.9968
2026-01-09T09:55:17Z,2025-09-02,19,R2,1.2204
2026-01-09T09:55:17Z,2025-09-02,18,R2,1.202
2026-01-09T09:55:17Z,2025-09-02,17,R2,1.2717
2026-01-09T09:55:17Z,2025-09-02,16,R2,1.3427
2026-01-09T09:55:17Z,2025-09-02,15,R2,1.3238
2026-01-09T09:55:17Z,2025-09-02,14,R2,1.404
2026-01-09T09:55:17Z,2025-09-02,12,R2,1.3666
2026-01-09T09:55:17Z,2025-09-02,1,R2,1.2369
2026-01-09T09:55:17Z,2025-09-02,10,R2,1.2261
2026-01-09T09:55:17Z,2025-09-02,9,R2,1.2576
2026-01-09T09:55:17Z,2025-09-02,8,R2,1.267
2026-01-09T09:55:17Z,2025-09-02,7,R2,1.2405
2026-01-09T09:55:17Z,2025-09-02,22,R2,1.0583
2026-01-09T09:55:17Z,2025-09-02,6,R2,1.1807
2026-01-09T09:55:17Z,2025-09-02,5,R2,1.1978
2026-01-09T09:55:17Z,2025-09-02,4,R2,1.2032
2026-01-09T09:55:17Z,2025-09-02,3,R2,1.1925
2026-01-09T09:55:17Z,2025-09-02,2,R2,1.2144
2026-01-09T09:55:17Z,2025-09-02,11,R2,1.2084
2026-01-09T09:55:17Z,2025-09-02,23,R2,1.1976
2026-01-09T09:55:17Z,2025-09-02,42,R2,1.1161
2026-01-09T09:55:17Z,2025-09-02,25,R2,1.2317
2026-01-09T09:55:17Z,2025-09-02,24,R2,1.2322
2026-01-09T09:55:17Z,2025-09-02,47,R2,1.1925
2026-01-09T09:55:17Z,2025-09-02,46,R2,1.1623
2026-01-09T09:55:17Z,2025-09-02,45,R2,1.0905
2026-01-09T09:55:17Z,2025-09-02,44,R2,1.0757
2026-01-09T09:55:17Z,2025-09-02,43,R2,1.1074
2026-01-09T09:55:17Z,2025-09-02,41,R2,1.0501
2026-01-09T09:55:17Z,2025-09-02,40,R2,1.0813
2026-01-09T09:55:17Z,2025-09-02,39,R2,1.0561
2026-01-09T09:55:17Z,2025-09-02,38,R2,1.1136
2026-01-09T09:55:17Z,2025-09-02,37,R2,1.164
2026-01-09T09:55:17Z,2025-09-02,48,R2,1.1672
2026-01-09T09:55:17Z,2025-09-02,35,R2,1.315
2026-01-09T09:55:17Z,2025-09-02,36,R2,1.201
2026-01-09T09:55:17Z,2025-09-02,27,R2,1.2214
2026-01-09T09:55:17Z,2025-09-02,28,R2,1.3394
2026-01-09T09:55:17Z,2025-09-02,29,R2,1.2051
2026-01-09T09:55:17Z,2025-09-02,26,R2,1.2659
2026-01-09T09:55:17Z,2025-09-02,31,R2,1.4148
2026-01-09T09:55:17Z,2025-09-02,32,R2,1.5685
2026-01-09T09:55:17Z,2025-09-02,33,R2,1.4681
2026-01-09T09:55:17Z,2025-09-02,34,R2,1.3546
2026-01-09T09:55:17Z,2025-09-02,30,R2,1.1592
2026-01-09T09:55:17Z,2025-09-03,13,R2,1.3443
2026-01-09T09:55:17Z,2025-09-03,22,R2,2.0215
2026-01-09T09:55:17Z,2025-09-03,21,R2,1.9393
2026-01-09T09:55:17Z,2025-09-03,20,R2,1.6706
2026-01-09T09:55:17Z,2025-09-03,19,R2,1.5402
2026-01-09T09:55:17Z,2025-09-03,17,R2,1.3589
2026-01-09T09:55:17Z,2025-09-03,16,R2,1.4279
2026-01-09T09:55:17Z,2025-09-03,15,R2,1.489
2026-01-09T09:55:17Z,2025-09-03,14,R2,1.4178
2026-01-09T09:55:17Z,2025-09-03,12,R2,1.286
2026-01-09T09:55:17Z,2025-09-03,6,R2,1.1617
2026-01-09T09:55:17Z,2025-09-03,10,R2,1.1893
2026-01-09T09:55:17Z,2025-09-03,9,R2,1.2039
2026-01-09T09:55:17Z,2025-09-03,8,R2,1.2144
2026-01-09T09:55:17Z,2025-09-03,7,R2,1.1621
2026-01-09T09:55:17Z,2025-09-03,23,R2,2.1423
2026-01-09T09:55:17Z,2025-09-03,5,R2,1.1539
2026-01-09T09:55:17Z,2025-09-03,4,R2,1.1358
2026-01-09T09:55:17Z,2025-09-03,3,R2,1.1537
2026-01-09T09:55:17Z,2025-09-03,2,R2,1.1718
2026-01-09T09:55:17Z,2025-09-03,1,R2,1.146
2026-01-09T09:55:17Z,2025-09-03,11,R2,1.2095
2026-01-09T09:55:17Z,2025-09-03,24,R2,2.0093
2026-01-09T09:55:17Z,2025-09-03,18,R2,1.6272
2026-01-09T09:55:17Z,2025-09-03,26,R2,2.2474
2026-01-09T09:55:17Z,2025-09-03,25,R2,2.0667
2026-01-09T09:55:17Z,2025-09-03,47,R2,1.2108
2026-01-09T09:55:17Z,2025-09-03,46,R2,1.2179
2026-01-09T09:55:17Z,2025-09-03,45,R2,1.2532
2026-01-09T09:55:17Z,2025-09-03,44,R2,1.291
2026-01-09T09:55:17Z,2025-09-03,43,R2,1.3037
2026-01-09T09:55:17Z,2025-09-03,42,R2,1.3935
2026-01-09T09:55:17Z,2025-09-03,41,R2,1.4563
2026-01-09T09:55:17Z,2025-09-03,40,R2,1.5016
2026-01-09T09:55:17Z,2025-09-03,39,R2,1.5272
2026-01-09T09:55:17Z,2025-09-03,38,R2,1.7119
2026-01-09T09:55:17Z,2025-09-03,48,R2,1.2009
2026-01-09T09:55:17Z,2025-09-03,36,R2,2.2348
2026-01-09T09:55:17Z,2025-09-03,37,R2,1.7945
2026-01-09T09:55:17Z,2025-09-03,28,R2,2.5242
2026-01-09T09:55:17Z,2025-09-03,29,R2,2.4118
2026-01-09T09:55:17Z,2025-09-03,30,R2,2.4036
2026-01-09T09:55:17Z,2025-09-03,27,R2,2.3946
2026-01-09T09:55:17Z,2025-09-03,32,R2,2.4561
2026-01-09T09:55:17Z,2025-09-03,33,R2,2.5826
2026-01-09T09:55:17Z,2025-09-03,34,R2,2.4986
2026-01-09T09:55:17Z,2025-09-03,35,R2,2.4048
2026-01-09T09:55:17Z,2025-09-03,31,R2,2.4891
2026-01-09T09:55:17Z,2025-09-04,21,R2,10.4116
2026-01-09T09:55:17Z,2025-09-04,13,R2,10.5688
2026-01-09T09:55:17Z,2025-09-04,20,R2,9.3487
2026-01-09T09:55:17Z,2025-09-04,19,R2,9.1785
2026-01-09T09:55:17Z,2025-09-04,18,R2,9.036
2026-01-09T09:55:17Z,2025-09-04,17,R2,9.6811
2026-01-09T09:55:17Z,2025-09-04,16,R2,10.3176
2026-01-09T09:55:17Z,2025-09-04,15,R2,10.3977
2026-01-09T09:55:17Z,2025-09-04,14,R2,10.7181
2026-01-09T09:55:17Z,2025-09-04,12,R2,9.8007
2026-01-09T09:55:17Z,2025-09-04,1,R2,9.8867
2026-01-09T09:55:17Z,2025-09-04,10,R2,9.0418
2026-01-09T09:55:17Z,2025-09-04,9,R2,9.2807
2026-01-09T09:55:17Z,2025-09-04,8,R2,9.9038
2026-01-09T09:55:17Z,2025-09-04,7,R2,10.5481
2026-01-09T09:55:17Z,2025-09-04,6,R2,9.0028
2026-01-09T09:55:17Z,2025-09-04,5,R2,8.7453
2026-01-09T09:55:17Z,2025-09-04,4,R2,9.5306
2026-01-09T09:55:17Z,2025-09-04,3,R2,8.8878
2026-01-09T09:55:17Z,2025-09-04,2,R2,9.8305
2026-01-09T09:55:17Z,2025-09-04,22,R2,11.9736
2026-01-09T09:55:17Z,2025-09-04,11,R2,9.0187
2026-01-09T09:55:17Z,2025-09-04,23,R2,11.7429
2026-01-09T09:55:17Z,2025-09-04,42,R2,9.5261
2026-01-09T09:55:17Z,2025-09-04,25,R2,11.7995
2026-01-09T09:55:17Z,2025-09-04,24,R2,12.2367
2026-01-09T09:55:17Z,2025-09-04,47,R2,9.1197
2026-01-09T09:55:17Z,2025-09-04,46,R2,9.32
2026-01-09T09:55:17Z,2025-09-04,45,R2,9.0791
2026-01-09T09:55:17Z,2025-09-04,44,R2,9.1326
2026-01-09T09:55:17Z,2025-09-04,43,R2,9.4351
2026-01-09T09:55:17Z,2025-09-04,41,R2,9.3446
2026-01-09T09:55:17Z,2025-09-04,40,R2,9.164
2026-01-09T09:55:17Z,2025-09-04,39,R2,9.5051
2026-01-09T09:55:17Z,2025-09-04,38,R2,10.1986
2026-01-09T09:55:17Z,2025-09-04,37,R2,10.5033
2026-01-09T09:55:17Z,2025-09-04,48,R2,8.8625
2026-01-09T09:55:17Z,2025-09-04,35,R2,11.6282
2026-01-09T09:55:17Z,2025-09-04,36,R2,11.0342
2026-01-09T09:55:17Z,2025-09-04,27,R2,12.4575
2026-01-09T09:55:17Z,2025-09-04,28,R2,12.3972
2026-01-09T09:55:17Z,2025-09-04,29,R2,12.5831
2026-01-09T09:55:17Z,2025-09-04,26,R2,11.664
2026-01-09T09:55:17Z,2025-09-04,31,R2,12.4857
2026-01-09T09:55:17Z,2025-09-04,32,R2,12.7169
2026-01-09T09:55:17Z,2025-09-04,33,R2,12.5101
2026-01-09T09:55:17Z,2025-09-04,34,R2,11.9425
2026-01-09T09:55:17Z,2025-09-04,30,R2,13.0328
2026-01-09T09:55:17Z,2025-09-05,22,R2,1.6856
2026-01-09T09:55:17Z,2025-09-05,14,R2,1.4277
2026-01-09T09:55:17Z,2025-09-05,21,R2,1.7244
2026-01-09T09:55:17Z,2025-09-05,20,R2,1.7742
2026-01-09T09:55:17Z,2025-09-05,19,R2,1.6821
2026-01-09T09:55:17Z,2025-09-05,18,R2,1.6384
2026-01-09T09:55:17Z,2025-09-05,17,R2,1.5163
2026-01-09T09:55:17Z,2025-09-05,16,R2,1.5153
2026-01-09T09:55:17Z,2025-09-05,15,R2,1.3661
2026-01-09T09:55:17Z,2025-09-05,13,R2,1.508
2026-01-09T09:55:17Z,2025-09-05,7,R2,1.1647
2026-01-09T09:55:17Z,2025-09-05,11,R2,1.1948
2026-01-09T09:55:17Z,2025-09-05,10,R2,1.187
2026-01-09T09:55:17Z,2025-09-05,9,R2,1.171
2026-01-09T09:55:17Z,2025-09-05,8,R2,1.1638
2026-01-09T09:55:17Z,2025-09-05,6,R2,1.1333
2026-01-09T09:55:17Z,2025-09-05,5,R2,1.1205
2026-01-09T09:55:17Z,2025-09-05,4,R2,1.1148
2026-01-09T09:55:17Z,2025-09-05,3,R2,1.1362
2026-01-09T09:55:17Z,2025-09-05,2,R2,1.1281
2026-01-09T09:55:17Z,2025-09-05,23,R2,1.6388
2026-01-09T09:55:17Z,2025-09-05,12,R2,1.4424
2026-01-09T09:55:17Z,2025-09-05,1,R2,1.1366
2026-01-09T09:55:17Z,2025-09-05,25,R2,1.8385
2026-01-09T09:55:17Z,2025-09-05,26,R2,1.7261
2026-01-09T09:55:17Z,2025-09-05,48,R2,1.0955
2026-01-09T09:55:17Z,2025-09-05,47,R2,1.1056
2026-01-09T09:55:17Z,2025-09-05,46,R2,1.1121
2026-01-09T09:55:17Z,2025-09-05,45,R2,1.0882
2026-01-09T09:55:17Z,2025-09-05,44,R2,1.1114
2026-01-09T09:55:17Z,2025-09-05,43,R2,1.1325
2026-01-09T09:55:17Z,2025-09-05,42,R2,1.0833
2026-01-09T09:55:17Z,2025-09-05,41,R2,1.0872
2026-01-09T09:55:17Z,2025-09-05,40,R2,1.1141
2026-01-09T09:55:17Z,2025-09-05,39,R2,1.1569
2026-01-09T09:55:17Z,2025-09-05,38,R2,1.1982
2026-01-09T09:55:17Z,2025-09-05,24,R2,1.696
2026-01-09T09:55:17Z,2025-09-05,36,R2,1.4069
2026-01-09T09:55:17Z,2025-09-05,35,R2,1.5052
2026-01-09T09:55:17Z,2025-09-05,34,R2,1.651
2026-01-09T09:55:17Z,2025-09-05,33,R2,1.8404
2026-01-09T09:55:17Z,2025-09-05,32,R2,1.8059
2026-01-09T09:55:17Z,2025-09-05,31,R2,1.8062
2026-01-09T09:55:17Z,2025-09-05,30,R2,1.7067
2026-01-09T09:55:17Z,2025-09-05,29,R2,1.6874
2026-01-09T09:55:17Z,2025-09-05,28,R2,1.6838
2026-01-09T09:55:17Z,2025-09-05,27,R2,1.6678
2026-01-09T09:55:17Z,2025-09-05,37,R2,1.4277
2026-01-09T09:55:17Z,2025-09-06,14,R2,1.0753
2026-01-09T09:55:17Z,2025-09-06,15,R2,1.0767
2026-01-09T09:55:17Z,2025-09-06,16,R2,1.0702
2026-01-09T09:55:17Z,2025-09-06,21,R2,1.1301
2026-01-09T09:55:17Z,2025-09-06,18,R2,1.0771
2026-01-09T09:55:17Z,2025-09-06,19,R2,1.0942
2026-01-09T09:55:17Z,2025-09-06,20,R2,1.0892
2026-01-09T09:55:17Z,2025-09-06,13,R2,1.0721
2026-01-09T09:55:17Z,2025-09-06,17,R2,1.0632
2026-01-09T09:55:17Z,2025-09-06,12,R2,1.0732
2026-01-09T09:55:17Z,2025-09-06,6,R2,1.0725
2026-01-09T09:55:17Z,2025-09-06,10,R2,1.0758
2026-01-09T09:55:17Z,2025-09-06,9,R2,1.0623
2026-01-09T09:55:17Z,2025-09-06,8,R2,1.0775
2026-01-09T09:55:17Z,2025-09-06,7,R2,1.0849
2026-01-09T09:55:17Z,2025-09-06,5,R2,1.0612
2026-01-09T09:55:17Z,2025-09-06,4,R2,1.0735
2026-01-09T09:55:17Z,2025-09-06,3,R2,1.0704
2026-01-09T09:55:17Z,2025-09-06,2,R2,1.0791
2026-01-09T09:55:17Z,2025-09-06,1,R2,1.0732
2026-01-09T09:55:17Z,2025-09-06,22,R2,1.1659
2026-01-09T09:55:17Z,2025-09-06,11,R2,1.0603
2026-01-09T09:55:17Z,2025-09-06,23,R2,1.1341
2026-01-09T09:55:17Z,2025-09-06,24,R2,1.1521
2026-01-09T09:55:17Z,2025-09-06,25,R2,1.1234
2026-01-09T09:55:17Z,2025-09-06,47,R2,1.1766
2026-01-09T09:55:17Z,2025-09-06,46,R2,1.1862
2026-01-09T09:55:17Z,2025-09-06,45,R2,1.1831
2026-01-09T09:55:17Z,2025-09-06,44,R2,1.2109
2026-01-09T09:55:17Z,2025-09-06,43,R2,1.2018
2026-01-09T09:55:17Z,2025-09-06,42,R2,1.2032
2026-01-09T09:55:17Z,2025-09-06,41,R2,1.2071
2026-01-09T09:55:17Z,2025-09-06,40,R2,1.2141
2026-01-09T09:55:17Z,2025-09-06,39,R2,1.1945
2026-01-09T09:55:17Z,2025-09-06,38,R2,1.1765
2026-01-09T09:55:17Z,2025-09-06,37,R2,1.1723
2026-01-09T09:55:17Z,2025-09-06,48,R2,1.1614
2026-01-09T09:55:17Z,2025-09-06,35,R2,1.103
2026-01-09T09:55:17Z,2025-09-06,34,R2,1.1231
2026-01-09T09:55:17Z,2025-09-06,33,R2,1.1079
2026-01-09T09:55:17Z,2025-09-06,32,R2,1.0826
2026-01-09T09:55:17Z,2025-09-06,31,R2,1.0839
2026-01-09T09:55:17Z,2025-09-06,30,R2,1.084
2026-01-09T09:55:17Z,2025-09-06,29,R2,1.0837
2026-01-09T09:55:17Z,2025-09-06,28,R2,1.0783
2026-01-09T09:55:17Z,2025-09-06,27,R2,1.0843
2026-01-09T09:55:17Z,2025-09-06,26,R2,1.1426
2026-01-09T09:55:17Z,2025-09-06,36,R2,1.1409
2026-01-09T09:55:17Z,2025-09-07,14,R2,1.1387
2026-01-09T09:55:17Z,2025-09-07,15,R2,1.1434
2026-01-09T09:55:17Z,2025-09-07,16,R2,1.1503
2026-01-09T09:55:17Z,2025-09-07,21,R2,1.0919
2026-01-09T09:55:17Z,2025-09-07,18,R2,1.1578
2026-01-09T09:55:17Z,2025-09-07,19,R2,1.1365
2026-01-09T09:55:17Z,2025-09-07,20,R2,1.1096
2026-01-09T09:55:17Z,2025-09-07,13,R2,1.1544
2026-01-09T09:55:17Z,2025-09-07,17,R2,1.1296
2026-01-09T09:55:17Z,2025-09-07,12,R2,1.157
2026-01-09T09:55:17Z,2025-09-07,6,R2,1.1635
2026-01-09T09:55:17Z,2025-09-07,10,R2,1.1505
2026-01-09T09:55:17Z,2025-09-07,9,R2,1.1687
2026-01-09T09:55:17Z,2025-09-07,8,R2,1.1622
2026-01-09T09:55:17Z,2025-09-07,7,R2,1.1406
2026-01-09T09:55:17Z,2025-09-07,5,R2,1.1504
2026-01-09T09:55:17Z,2025-09-07,4,R2,1.1686
2026-01-09T09:55:17Z,2025-09-07,3,R2,1.1584
2026-01-09T09:55:17Z,2025-09-07,2,R2,1.16
2026-01-09T09:55:17Z,2025-09-07,1,R2,1.1747
2026-01-09T09:55:17Z,2025-09-07,22,R2,1.117
2026-01-09T09:55:17Z,2025-09-07,11,R2,1.1601
2026-01-09T09:55:17Z,2025-09-07,23,R2,1.1406
2026-01-09T09:55:17Z,2025-09-07,48,R2,1.1536
2026-01-09T09:55:17Z,2025-09-07,25,R2,1.1205
2026-01-09T09:55:17Z,2025-09-07,24,R2,1.1284
2026-01-09T09:55:17Z,2025-09-07,47,R2,1.1577
2026-01-09T09:55:17Z,2025-09-07,46,R2,1.1589
2026-01-09T09:55:17Z,2025-09-07,45,R2,1.1657
2026-01-09T09:55:17Z,2025-09-07,44,R2,1.1641
2026-01-09T09:55:17Z,2025-09-07,43,R2,1.171
2026-01-09T09:55:17Z,2025-09-07,42,R2,1.1675
2026-01-09T09:55:17Z,2025-09-07,40,R2,1.1846
2026-01-09T09:55:17Z,2025-09-07,39,R2,1.1743
2026-01-09T09:55:17Z,2025-09-07,38,R2,1.1466
2026-01-09T09:55:17Z,2025-09-07,37,R2,1.1557
2026-01-09T09:55:17Z,2025-09-07,41,R2,1.1774
2026-01-09T09:55:17Z,2025-09-07,35,R2,1.1726
2026-01-09T09:55:17Z,2025-09-07,36,R2,1.1896
2026-01-09T09:55:17Z,2025-09-07,27,R2,1.1242
2026-01-09T09:55:17Z,2025-09-07,28,R2,1.0969
2026-01-09T09:55:17Z,2025-09-07,29,R2,1.112
2026-01-09T09:55:17Z,2025-09-07,30,R2,1.0788
2026-01-09T09:55:17Z,2025-09-07,26,R2,1.1606
2026-01-09T09:55:17Z,2025-09-07,32,R2,1.1086
2026-01-09T09:55:17Z,2025-09-07,33,R2,1.1051
2026-01-09T09:55:17Z,2025-09-07,34,R2,1.146
2026-01-09T09:55:17Z,2025-09-07,31,R2,1.0969
2026-01-09T09:55:17Z,2025-09-08,14,R2,1.4019
2026-01-09T09:55:17Z,2025-09-08,22,R2,1.5306
2026-01-09T09:55:17Z,2025-09-08,21,R2,1.3666
2026-01-09T09:55:17Z,2025-09-08,20,R2,1.3688
2026-01-09T09:55:17Z,2025-09-08,19,R2,1.3154
2026-01-09T09:55:17Z,2025-09-08,18,R2,1.1675
2026-01-09T09:55:17Z,2025-09-08,17,R2,1.2405
2026-01-09T09:55:17Z,2025-09-08,16,R2,1.2987
2026-01-09T09:55:17Z,2025-09-08,15,R2,1.3267
2026-01-09T09:55:17Z,2025-09-08,13,R2,1.4784
2026-01-09T09:55:17Z,2025-09-08,23,R2,1.7242
2026-01-09T09:55:17Z,2025-09-08,11,R2,1.2774
2026-01-09T09:55:17Z,2025-09-08,10,R2,1.1942
2026-01-09T09:55:17Z,2025-09-08,9,R2,1.187
2026-01-09T09:55:17Z,2025-09-08,8,R2,1.1745
2026-01-09T09:55:17Z,2025-09-08,7,R2,1.1587
2026-01-09T09:55:17Z,2025-09-08,6,R2,1.113
2026-01-09T09:55:17Z,2025-09-08,5,R2,1.1098
2026-01-09T09:55:17Z,2025-09-08,4,R2,1.1381
2026-01-09T09:55:17Z,2025-09-08,3,R2,1.1441
2026-01-09T09:55:17Z,2025-09-08,2,R2,1.1942
2026-01-09T09:55:17Z,2025-09-08,12,R2,1.3388
2026-01-09T09:55:17Z,2025-09-08,24,R2,1.9456
2026-01-09T09:55:17Z,2025-09-08,1,R2,1.2109
2026-01-09T09:55:17Z,2025-09-08,26,R2,1.7744
2026-01-09T09:55:17Z,2025-09-08,48,R2,1.092
2026-01-09T09:55:17Z,2025-09-08,47,R2,1.0929
2026-01-09T09:55:17Z,2025-09-08,46,R2,1.1099
2026-01-09T09:55:17Z,2025-09-08,45,R2,1.1207
2026-01-09T09:55:17Z,2025-09-08,44,R2,1.1612
2026-01-09T09:55:17Z,2025-09-08,43,R2,1.1914
2026-01-09T09:55:17Z,2025-09-08,42,R2,1.1335
2026-01-09T09:55:17Z,2025-09-08,41,R2,1.3322
2026-01-09T09:55:17Z,2025-09-08,40,R2,1.3565
2026-01-09T09:55:17Z,2025-09-08,39,R2,1.4147
2026-01-09T09:55:17Z,2025-09-08,38,R2,1.4097
2026-01-09T09:55:17Z,2025-09-08,25,R2,1.7952
2026-01-09T09:55:17Z,2025-09-08,36,R2,1.6481
2026-01-09T09:55:17Z,2025-09-08,37,R2,1.4259
2026-01-09T09:55:17Z,2025-09-08,28,R2,1.9253
2026-01-09T09:55:17Z,2025-09-08,29,R2,2.21
2026-01-09T09:55:17Z,2025-09-08,30,R2,1.5937
2026-01-09T09:55:17Z,2025-09-08,27,R2,1.9129
2026-01-09T09:55:17Z,2025-09-08,32,R2,1.7757
2026-01-09T09:55:17Z,2025-09-08,33,R2,1.9103
2026-01-09T09:55:17Z,2025-09-08,34,R2,1.9968
2026-01-09T09:55:17Z,2025-09-08,35,R2,1.9819
2026-01-09T09:55:17Z,2025-09-08,31,R2,1.6805
2026-02-09T09:55:07Z,2025-09-09,13,R2,2.144
2026-02-09T09:55:07Z,2025-09-09,21,R2,2.4077
2026-02-09T09:55:07Z,2025-09-09,20,R2,2.3774
2026-02-09T09:55:07Z,2025-09-09,19,R2,2.4155
2026-02-09T09:55:07Z,2025-09-09,17,R2,2.1438
2026-02-09T09:55:07Z,2025-09-09,16,R2,1.93
2026-02-09T09:55:07Z,2025-09-09,15,R2,2.2449
2026-02-09T09:55:07Z,2025-09-09,14,R2,2.2682
2026-02-09T09:55:07Z,2025-09-09,12,R2,1.4889
2026-02-09T09:55:07Z,2025-09-09,7,R2,1.1121
2026-02-09T09:55:07Z,2025-09-09,10,R2,1.1813
2026-02-09T09:55:07Z,2025-09-09,9,R2,1.1839
2026-02-09T09:55:07Z,2025-09-09,8,R2,1.1743
2026-02-09T09:55:07Z,2025-09-09,22,R2,2.4738
2026-02-09T09:55:07Z,2025-09-09,6,R2,1.0867
2026-02-09T09:55:07Z,2025-09-09,5,R2,1.0848
2026-02-09T09:55:07Z,2025-09-09,4,R2,1.0763
2026-02-09T09:55:07Z,2025-09-09,3,R2,1.0887
2026-02-09T09:55:07Z,2025-09-09,2,R2,1.0804
2026-02-09T09:55:07Z,2025-09-09,1,R2,1.0768
2026-02-09T09:55:07Z,2025-09-09,11,R2,1.2154
2026-02-09T09:55:07Z,2025-09-09,23,R2,2.5968
2026-02-09T09:55:07Z,2025-09-09,18,R2,2.3052
2026-02-09T09:55:07Z,2025-09-09,48,R2,1.0928
2026-02-09T09:55:07Z,2025-09-09,25,R2,2.4412
2026-02-09T09:55:07Z,2025-09-09,47,R2,1.1157
2026-02-09T09:55:07Z,2025-09-09,46,R2,1.1358
2026-02-09T09:55:07Z,2025-09-09,45,R2,1.1261
2026-02-09T09:55:07Z,2025-09-09,44,R2,1.1837
2026-02-09T09:55:07Z,2025-09-09,43,R2,1.2434
2026-02-09T09:55:07Z,2025-09-09,42,R2,1.352
2026-02-09T09:55:07Z,2025-09-09,41,R2,1.3931
2026-02-09T09:55:07Z,2025-09-09,40,R2,1.4514
2026-02-09T09:55:07Z,2025-09-09,39,R2,1.4962
2026-02-09T09:55:07Z,2025-09-09,38,R2,1.669
2026-02-09T09:55:07Z,2025-09-09,24,R2,2.4898
2026-02-09T09:55:07Z,2025-09-09,36,R2,2.1133
2026-02-09T09:55:07Z,2025-09-09,37,R2,1.7797
2026-02-09T09:55:07Z,2025-09-09,27,R2,2.263
2026-02-09T09:55:07Z,2025-09-09,28,R2,2.384
2026-02-09T09:55:07Z,2025-09-09,29,R2,2.3792
2026-02-09T09:55:07Z,2025-09-09,30,R2,2.2749
2026-02-09T09:55:07Z,2025-09-09,26,R2,2.4363
2026-02-09T09:55:07Z,2025-09-09,32,R2,2.693
2026-02-09T09:55:07Z,2025-09-09,33,R2,2.7057
2026-02-09T09:55:07Z,2025-09-09,34,R2,2.5757
2026-02-09T09:55:07Z,2025-09-09,35,R2,2.4152
2026-02-09T09:55:07Z,2025-09-09,31,R2,2.6389
2026-02-09T09:55:07Z,2025-09-10,14,R2,2.2911
2026-02-09T09:55:07Z,2025-09-10,22,R2,2.4552
2026-02-09T09:55:07Z,2025-09-10,21,R2,2.755
2026-02-09T09:55:07Z,2025-09-10,20,R2,2.7168
2026-02-09T09:55:07Z,2025-09-10,19,R2,2.5919
2026-02-09T09:55:07Z,2025-09-10,18,R2,2.4219
2026-02-09T09:55:07Z,2025-09-10,17,R2,2.2461
2026-02-09T09:55:07Z,2025-09-10,16,R2,2.4282
2026-02-09T09:55:07Z,2025-09-10,15,R2,2.517
2026-02-09T09:55:07Z,2025-09-10,13,R2,2.063
2026-02-09T09:55:07Z,2025-09-10,7,R2,1.1199
2026-02-09T09:55:07Z,2025-09-10,11,R2,1.2253
2026-02-09T09:55:07Z,2025-09-10,10,R2,1.2015
2026-02-09T09:55:07Z,2025-09-10,9,R2,1.1915
2026-02-09T09:55:07Z,2025-09-10,8,R2,1.1839
2026-02-09T09:55:07Z,2025-09-10,6,R2,1.1055
2026-02-09T09:55:07Z,2025-09-10,5,R2,1.1314
2026-02-09T09:55:07Z,2025-09-10,4,R2,1.0791
2026-02-09T09:55:07Z,2025-09-10,3,R2,1.0868
2026-02-09T09:55:07Z,2025-09-10,2,R2,1.0998
2026-02-09T09:55:07Z,2025-09-10,1,R2,1.0977
2026-02-09T09:55:07Z,2025-09-10,12,R2,1.5045
2026-02-09T09:55:07Z,2025-09-10,23,R2,2.6519
2026-02-09T09:55:07Z,2025-09-10,25,R2,2.5175
2026-02-09T09:55:07Z,2025-09-10,26,R2,2.2985
2026-02-09T09:55:07Z,2025-09-10,48,R2,1.2152
2026-02-09T09:55:07Z,2025-09-10,47,R2,1.2595
2026-02-09T09:55:07Z,2025-09-10,46,R2,1.2498
2026-02-09T09:55:07Z,2025-09-10,45,R2,1.2489
2026-02-09T09:55:07Z,2025-09-10,44,R2,1.3478
2026-02-09T09:55:07Z,2025-09-10,43,R2,1.3952
2026-02-09T09:55:07Z,2025-09-10,42,R2,1.4945
2026-02-09T09:55:07Z,2025-09-10,41,R2,1.5749
2026-02-09T09:55:07Z,2025-09-10,40,R2,1.5979
2026-02-09T09:55:07Z,2025-09-10,39,R2,1.7037
2026-02-09T09:55:07Z,2025-09-10,38,R2,1.775
2026-02-09T09:55:07Z,2025-09-10,24,R2,2.6192
2026-02-09T09:55:07Z,2025-09-10,36,R2,2.2715
2026-02-09T09:55:07Z,2025-09-10,35,R2,2.5587
2026-02-09T09:55:07Z,2025-09-10,34,R2,2.5785
2026-02-09T09:55:07Z,2025-09-10,33,R2,2.6674
2026-02-09T09:55:07Z,2025-09-10,32,R2,2.9555
2026-02-09T09:55:07Z,2025-09-10,31,R2,2.9433
2026-02-09T09:55:07Z,2025-09-10,30,R2,2.6762
2026-02-09T09:55:07Z,2025-09-10,29,R2,2.3047
2026-02-09T09:55:07Z,2025-09-10,28,R2,2.3527
2026-02-09T09:55:07Z,2025-09-10,27,R2,2.3232
2026-02-09T09:55:07Z,2025-09-10,37,R2,1.9103
2026-02-09T09:55:07Z,2025-09-11,15,R2,5.1265
2026-02-09T09:55:07Z,2025-09-11,16,R2,5.7093
2026-02-09T09:55:07Z,2025-09-11,17,R2,5.9752
2026-02-09T09:55:07Z,2025-09-11,22,R2,6.9234
2026-02-09T09:55:07Z,2025-09-11,19,R2,6.436
2026-02-09T09:55:07Z,2025-09-11,20,R2,6.724
2026-02-09T09:55:07Z,2025-09-11,21,R2,6.8681
2026-02-09T09:55:07Z,2025-09-11,14,R2,4.7965
2026-02-09T09:55:07Z,2025-09-11,18,R2,6.2484
2026-02-09T09:55:07Z,2025-09-11,13,R2,4.2996
2026-02-09T09:55:07Z,2025-09-11,7,R2,2.626
2026-02-09T09:55:07Z,2025-09-11,11,R2,3.0511
2026-02-09T09:55:07Z,2025-09-11,10,R2,2.8603
2026-02-09T09:55:07Z,2025-09-11,9,R2,2.8151
2026-02-09T09:55:07Z,2025-09-11,8,R2,2.6922
2026-02-09T09:55:07Z,2025-09-11,6,R2,2.5986
2026-02-09T09:55:07Z,2025-09-11,5,R2,2.6481
2026-02-09T09:55:07Z,2025-09-11,4,R2,2.5685
2026-02-09T09:55:07Z,2025-09-11,3,R2,2.6126
2026-02-09T09:55:07Z,2025-09-11,2,R2,2.793
2026-02-09T09:55:07Z,2025-09-11,23,R2,7.1044
2026-02-09T09:55:07Z,2025-09-11,12,R2,3.3992
2026-02-09T09:55:07Z,2025-09-11,1,R2,3.1344
2026-02-09T09:55:07Z,2025-09-11,25,R2,7.3582
2026-02-09T09:55:07Z,2025-09-11,26,R2,7.0476
2026-02-09T09:55:07Z,2025-09-11,24,R2,7.0935
2026-02-09T09:55:07Z,2025-09-11,47,R2,4.1756
2026-02-09T09:55:07Z,2025-09-11,46,R2,4.0748
2026-02-09T09:55:07Z,2025-09-11,45,R2,4.2569
2026-02-09T09:55:07Z,2025-09-11,44,R2,4.3057
2026-02-09T09:55:07Z,2025-09-11,43,R2,4.3452
2026-02-09T09:55:07Z,2025-09-11,42,R2,3.6819
2026-02-09T09:55:07Z,2025-09-11,41,R2,4.0488
2026-02-09T09:55:07Z,2025-09-11,40,R2,3.9864
2026-02-09T09:55:07Z,2025-09-11,39,R2,4.1867
2026-02-09T09:55:07Z,2025-09-11,38,R2,4.5792
2026-02-09T09:55:07Z,2025-09-11,48,R2,4.1641
2026-02-09T09:55:07Z,2025-09-11,36,R2,5.3996
2026-02-09T09:55:07Z,2025-09-11,35,R2,5.4748
2026-02-09T09:55:07Z,2025-09-11,34,R2,6.0816
2026-02-09T09:55:07Z,2025-09-11,33,R2,6.5333
2026-02-09T09:55:07Z,2025-09-11,32,R2,6.5906
2026-02-09T09:55:07Z,2025-09-11,31,R2,6.8177
2026-02-09T09:55:07Z,2025-09-11,30,R2,6.7772
2026-02-09T09:55:07Z,2025-09-11,29,R2,6.8246
2026-02-09T09:55:07Z,2025-09-11,28,R2,6.9058
2026-02-09T09:55:07Z,2025-09-11,27,R2,7.1072
2026-02-09T09:55:07Z,2025-09-11,37,R2,4.7847
2026-02-09T09:55:07Z,2025-09-12,15,R2,16.5135
2026-02-09T09:55:07Z,2025-09-12,16,R2,16.6739
2026-02-09T09:55:07Z,2025-09-12,17,R2,16.9271
2026-02-09T09:55:07Z,2025-09-12,22,R2,21.0341
2026-02-09T09:55:07Z,2025-09-12,19,R2,18.25
2026-02-09T09:55:07Z,2025-09-12,20,R2,18.6406
2026-02-09T09:55:07Z,2025-09-12,21,R2,20.0241
2026-02-09T09:55:07Z,2025-09-12,14,R2,16.6465
2026-02-09T09:55:07Z,2025-09-12,18,R2,17.4605
2026-02-09T09:55:07Z,2025-09-12,13,R2,15.9769
2026-02-09T09:55:07Z,2025-09-12,8,R2,16.9378
2026-02-09T09:55:07Z,2025-09-12,1,R2,16.2623
2026-02-09T09:55:07Z,2025-09-12,10,R2,16.8436
2026-02-09T09:55:07Z,2025-09-12,9,R2,16.9624
2026-02-09T09:55:07Z,2025-09-12,7,R2,16.1299
2026-02-09T09:55:07Z,2025-09-12,6,R2,15.806
2026-02-09T09:55:07Z,2025-09-12,23,R2,20.0535
2026-02-09T09:55:07Z,2025-09-12,4,R2,15.1044
2026-02-09T09:55:07Z,2025-09-12,3,R2,15.8491
2026-02-09T09:55:07Z,2025-09-12,2,R2,16.064
2026-02-09T09:55:07Z,2025-09-12,12,R2,15.8777
2026-02-09T09:55:07Z,2025-09-12,24,R2,21.727
2026-02-09T09:55:07Z,2025-09-12,5,R2,15.225
2026-02-09T09:55:07Z,2025-09-12,26,R2,21.8587
2026-02-09T09:55:07Z,2025-09-12,25,R2,22.6999
2026-02-09T09:55:07Z,2025-09-12,48,R2,16.2085
2026-02-09T09:55:07Z,2025-09-12,47,R2,15.9625
2026-02-09T09:55:07Z,2025-09-12,46,R2,16.1537
2026-02-09T09:55:07Z,2025-09-12,45,R2,15.8311
2026-02-09T09:55:07Z,2025-09-12,44,R2,16.0018
2026-02-09T09:55:07Z,2025-09-12,43,R2,16.0334
2026-02-09T09:55:07Z,2025-09-12,42,R2,15.0931
2026-02-09T09:55:07Z,2025-09-12,41,R2,14.4068
2026-02-09T09:55:07Z,2025-09-12,40,R2,14.5491
2026-02-09T09:55:07Z,2025-09-12,39,R2,14.5197
2026-02-09T09:55:07Z,2025-09-12,11,R2,16.6169
2026-02-09T09:55:07Z,2025-09-12,37,R2,15.9156
2026-02-09T09:55:07Z,2025-09-12,38,R2,15.6005
2026-02-09T09:55:07Z,2025-09-12,28,R2,22.1823
2026-02-09T09:55:07Z,2025-09-12,29,R2,20.7911
2026-02-09T09:55:07Z,2025-09-12,30,R2,22.1862
2026-02-09T09:55:07Z,2025-09-12,31,R2,22.8071
2026-02-09T09:55:07Z,2025-09-12,27,R2,22.7267
2026-02-09T09:55:07Z,2025-09-12,33,R2,20.6874
2026-02-09T09:55:07Z,2025-09-12,34,R2,18.0351
2026-02-09T09:55:07Z,2025-09-12,35,R2,18.0974
2026-02-09T09:55:07Z,2025-09-12,36,R2,16.7414
2026-02-09T09:55:07Z,2025-09-12,32,R2,21.5867
2026-02-09T09:55:07Z,2025-09-13,13,R2,12.0879
2026-02-09T09:55:07Z,2025-09-13,22,R2,20.2941
2026-02-09T09:55:07Z,2025-09-13,21,R2,20.1912
2026-02-09T09:55:07Z,2025-09-13,20,R2,16.7481
2026-02-09T09:55:07Z,2025-09-13,19,R2,15.3603
2026-02-09T09:55:07Z,2025-09-13,17,R2,13.9859
2026-02-09T09:55:07Z,2025-09-13,16,R2,11.9548
2026-02-09T09:55:07Z,2025-09-13,15,R2,11.526
2026-02-09T09:55:07Z,2025-09-13,14,R2,11.9362
2026-02-09T09:55:07Z,2025-09-13,12,R2,12.184
2026-02-09T09:55:07Z,2025-09-13,6,R2,17.0222
2026-02-09T09:55:07Z,2025-09-13,10,R2,12.9248
2026-02-09T09:55:07Z,2025-09-13,9,R2,12.8642
2026-02-09T09:55:07Z,2025-09-13,8,R2,13.1983
2026-02-09T09:55:07Z,2025-09-13,7,R2,14.2221
2026-02-09T09:55:07Z,2025-09-13,23,R2,21.435
2026-02-09T09:55:07Z,2025-09-13,5,R2,17.0199
2026-02-09T09:55:07Z,2025-09-13,4,R2,17.0506
2026-02-09T09:55:07Z,2025-09-13,3,R2,16.3408
2026-02-09T09:55:07Z,2025-09-13,2,R2,15.9051
2026-02-09T09:55:07Z,2025-09-13,1,R2,16.0911
2026-02-09T09:55:07Z,2025-09-13,11,R2,12.9693
2026-02-09T09:55:07Z,2025-09-13,24,R2,19.852
2026-02-09T09:55:07Z,2025-09-13,18,R2,14.2984
2026-02-09T09:55:07Z,2025-09-13,26,R2,21.1937
2026-02-09T09:55:07Z,2025-09-13,25,R2,20.4106
2026-02-09T09:55:07Z,2025-09-13,47,R2,11.4067
2026-02-09T09:55:07Z,2025-09-13,46,R2,10.8351
2026-02-09T09:55:07Z,2025-09-13,45,R2,10.8633
2026-02-09T09:55:07Z,2025-09-13,44,R2,11.1772
2026-02-09T09:55:07Z,2025-09-13,43,R2,10.9676
2026-02-09T09:55:07Z,2025-09-13,42,R2,11.0687
2026-02-09T09:55:07Z,2025-09-13,41,R2,11.4802
2026-02-09T09:55:07Z,2025-09-13,40,R2,12.4412
2026-02-09T09:55:07Z,2025-09-13,39,R2,12.7581
2026-02-09T09:55:07Z,2025-09-13,38,R2,13.0122
2026-02-09T09:55:07Z,2025-09-13,48,R2,10.9116
2026-02-09T09:55:07Z,2025-09-13,36,R2,15.7423
2026-02-09T09:55:07Z,2025-09-13,37,R2,14.6079
2026-02-09T09:55:07Z,2025-09-13,28,R2,21.4678
2026-02-09T09:55:07Z,2025-09-13,29,R2,21.4928
2026-02-09T09:55:07Z,2025-09-13,30,R2,21.0092
2026-02-09T09:55:07Z,2025-09-13,27,R2,20.8427
2026-02-09T09:55:07Z,2025-09-13,32,R2,20.5094
2026-02-09T09:55:07Z,2025-09-13,33,R2,19.1046
2026-02-09T09:55:07Z,2025-09-13,34,R2,17.6733
2026-02-09T09:55:07Z,2025-09-13,35,R2,16.8137
2026-02-09T09:55:07Z,2025-09-13,31,R2,20.027
2026-02-09T09:55:07Z,2025-09-14,22,R2,15.1372
2026-02-09T09:55:07Z,2025-09-14,13,R2,10.0595
2026-02-09T09:55:07Z,2025-09-14,21,R2,14.0729
2026-02-09T09:55:07Z,2025-09-14,20,R2,13.9222
2026-02-09T09:55:07Z,2025-09-14,19,R2,13.1472
2026-02-09T09:55:07Z,2025-09-14,17,R2,11.8984
2026-02-09T09:55:07Z,2025-09-14,16,R2,11.2495
2026-02-09T09:55:07Z,2025-09-14,15,R2,10.5554
2026-02-09T09:55:07Z,2025-09-14,14,R2,10.688
2026-02-09T09:55:07Z,2025-09-14,12,R2,9.6793
2026-02-09T09:55:07Z,2025-09-14,6,R2,9.9657
2026-02-09T09:55:07Z,2025-09-14,10,R2,10.1508
2026-02-09T09:55:07Z,2025-09-14,9,R2,9.9626
2026-02-09T09:55:07Z,2025-09-14,8,R2,10.0532
2026-02-09T09:55:07Z,2025-09-14,7,R2,9.8772
2026-02-09T09:55:07Z,2025-09-14,5,R2,9.9605
2026-02-09T09:55:07Z,2025-09-14,4,R2,10.1133
2026-02-09T09:55:07Z,2025-09-14,3,R2,10.0584
2026-02-09T09:55:07Z,2025-09-14,2,R2,10.5769
2026-02-09T09:55:07Z,2025-09-14,1,R2,10.8336
2026-02-09T09:55:07Z,2025-09-14,23,R2,16.0269
2026-02-09T09:55:07Z,2025-09-14,11,R2,10.1665
2026-02-09T09:55:07Z,2025-09-14,24,R2,16.5786
2026-02-09T09:55:07Z,2025-09-14,18,R2,12.4941
2026-02-09T09:55:07Z,2025-09-14,26,R2,17.0237
2026-02-09T09:55:07Z,2025-09-14,47,R2,17.6734
2026-02-09T09:55:07Z,2025-09-14,46,R2,17.5117
2026-02-09T09:55:07Z,2025-09-14,45,R2,18.1771
2026-02-09T09:55:07Z,2025-09-14,44,R2,18.2424
2026-02-09T09:55:07Z,2025-09-14,43,R2,19.3379
2026-02-09T09:55:07Z,2025-09-14,42,R2,18.6944
2026-02-09T09:55:07Z,2025-09-14,41,R2,18.3786
2026-02-09T09:55:07Z,2025-09-14,40,R2,18.3792
2026-02-09T09:55:07Z,2025-09-14,39,R2,19.0666
2026-02-09T09:55:07Z,2025-09-14,38,R2,19.6781
2026-02-09T09:55:07Z,2025-09-14,37,R2,19.9556
2026-02-09T09:55:07Z,2025-09-14,25,R2,16.5799
2026-02-09T09:55:07Z,2025-09-14,35,R2,19.4799
2026-02-09T09:55:07Z,2025-09-14,34,R2,19.8348
2026-02-09T09:55:07Z,2025-09-14,33,R2,19.7863
2026-02-09T09:55:07Z,2025-09-14,32,R2,19.0648
2026-02-09T09:55:07Z,2025-09-14,31,R2,18.2952
2026-02-09T09:55:07Z,2025-09-14,48,R2,17.6504
2026-02-09T09:55:07Z,2025-09-14,30,R2,17.3842
2026-02-09T09:55:07Z,2025-09-14,29,R2,17.552
2026-02-09T09:55:07Z,2025-09-14,28,R2,17.602
2026-02-09T09:55:07Z,2025-09-14,27,R2,17.4541
2026-02-09T09:55:07Z,2025-09-14,36,R2,19.7614
2026-02-09T09:55:07Z,2025-09-15,15,R2,5.5584
2026-02-09T09:55:07Z,2025-09-15,16,R2,5.9237
2026-02-09T09:55:07Z,2025-09-15,17,R2,6.0005
2026-02-09T09:55:07Z,2025-09-15,22,R2,6.5615
2026-02-09T09:55:07Z,2025-09-15,19,R2,6.3473
2026-02-09T09:55:07Z,2025-09-15,20,R2,6.448
2026-02-09T09:55:07Z,2025-09-15,21,R2,6.4991
2026-02-09T09:55:07Z,2025-09-15,14,R2,5.4024
2026-02-09T09:55:07Z,2025-09-15,18,R2,6.2189
2026-02-09T09:55:07Z,2025-09-15,13,R2,4.9006
2026-02-09T09:55:07Z,2025-09-15,7,R2,3.7085
2026-02-09T09:55:07Z,2025-09-15,11,R2,3.7375
2026-02-09T09:55:07Z,2025-09-15,10,R2,3.6188
2026-02-09T09:55:07Z,2025-09-15,9,R2,3.6552
2026-02-09T09:55:07Z,2025-09-15,8,R2,3.7103
2026-02-09T09:55:07Z,2025-09-15,6,R2,3.8215
2026-02-09T09:55:07Z,2025-09-15,5,R2,3.9977
2026-02-09T09:55:07Z,2025-09-15,4,R2,4.0168
2026-02-09T09:55:07Z,2025-09-15,3,R2,4.0197
2026-02-09T09:55:07Z,2025-09-15,2,R2,4.1721
2026-02-09T09:55:07Z,2025-09-15,23,R2,6.421
2026-02-09T09:55:07Z,2025-09-15,12,R2,4.2017
2026-02-09T09:55:07Z,2025-09-15,1,R2,4.2341
2026-02-09T09:55:07Z,2025-09-15,24,R2,6.4317
2026-02-09T09:55:07Z,2025-09-15,26,R2,6.6289
2026-02-09T09:55:07Z,2025-09-15,25,R2,6.5881
2026-02-09T09:55:07Z,2025-09-15,48,R2,4.3911
2026-02-09T09:55:07Z,2025-09-15,47,R2,4.4222
2026-02-09T09:55:07Z,2025-09-15,46,R2,4.4912
2026-02-09T09:55:07Z,2025-09-15,45,R2,4.4965
2026-02-09T09:55:07Z,2025-09-15,44,R2,4.5099
2026-02-09T09:55:07Z,2025-09-15,43,R2,4.4868
2026-02-09T09:55:07Z,2025-09-15,41,R2,4.5393
2026-02-09T09:55:07Z,2025-09-15,40,R2,4.6594
2026-02-09T09:55:07Z,2025-09-15,39,R2,4.7882
2026-02-09T09:55:07Z,2025-09-15,38,R2,5.0759
2026-02-09T09:55:07Z,2025-09-15,42,R2,4.5746
2026-02-09T09:55:07Z,2025-09-15,36,R2,5.4741
2026-02-09T09:55:07Z,2025-09-15,37,R2,5.0011
2026-02-09T09:55:07Z,2025-09-15,28,R2,6.7893
2026-02-09T09:55:07Z,2025-09-15,29,R2,6.9865
2026-02-09T09:55:07Z,2025-09-15,30,R2,6.8805
2026-02-09T09:55:07Z,2025-09-15,31,R2,6.7993
2026-02-09T09:55:07Z,2025-09-15,27,R2,6.8444
2026-02-09T09:55:07Z,2025-09-15,33,R2,6.2273
2026-02-09T09:55:07Z,2025-09-15,34,R2,6.0871
2026-02-09T09:55:07Z,2025-09-15,35,R2,5.6897
2026-02-09T09:55:07Z,2025-09-15,32,R2,6.516
2026-02-09T09:55:07Z,2025-09-16,13,R2,16.8553
2026-02-09T09:55:07Z,2025-09-16,21,R2,18.9265
2026-02-09T09:55:07Z,2025-09-16,20,R2,17.9143
2026-02-09T09:55:07Z,2025-09-16,19,R2,17.8095
2026-02-09T09:55:07Z,2025-09-16,18,R2,17.3895
2026-02-09T09:55:07Z,2025-09-16,17,R2,16.8174
2026-02-09T09:55:07Z,2025-09-16,16,R2,16.4211
2026-02-09T09:55:07Z,2025-09-16,15,R2,16.4035
2026-02-09T09:55:07Z,2025-09-16,14,R2,16.694
2026-02-09T09:55:07Z,2025-09-16,12,R2,16.8721
2026-02-09T09:55:07Z,2025-09-16,22,R2,19.8512
2026-02-09T09:55:07Z,2025-09-16,10,R2,16.2764
2026-02-09T09:55:07Z,2025-09-16,9,R2,16.271
2026-02-09T09:55:07Z,2025-09-16,8,R2,16.2676
2026-02-09T09:55:07Z,2025-09-16,7,R2,16.2158
2026-02-09T09:55:07Z,2025-09-16,6,R2,16.4923
2026-02-09T09:55:07Z,2025-09-16,5,R2,16.5539
2026-02-09T09:55:07Z,2025-09-16,4,R2,16.9331
2026-02-09T09:55:07Z,2025-09-16,3,R2,16.6105
2026-02-09T09:55:07Z,2025-09-16,2,R2,16.5676
2026-02-09T09:55:07Z,2025-09-16,1,R2,16.7416
2026-02-09T09:55:07Z,2025-09-16,11,R2,16.6057
2026-02-09T09:55:07Z,2025-09-16,23,R2,20.0567
2026-02-09T09:55:07Z,2025-09-16,42,R2,10.9486
2026-02-09T09:55:07Z,2025-09-16,25,R2,19.2728
2026-02-09T09:55:07Z,2025-09-16,47,R2,11.5622
2026-02-09T09:55:07Z,2025-09-16,46,R2,11.8618
2026-02-09T09:55:07Z,2025-09-16,45,R2,11.7473
2026-02-09T09:55:07Z,2025-09-16,44,R2,11.5314
2026-02-09T09:55:07Z,2025-09-16,43,R2,11.242
2026-02-09T09:55:07Z,2025-09-16,48,R2,11.6355
2026-02-09T09:55:07Z,2025-09-16,41,R2,11.7819
2026-02-09T09:55:07Z,2025-09-16,40,R2,11.7778
2026-02-09T09:55:07Z,2025-09-16,39,R2,12.4272
2026-02-09T09:55:07Z,2025-09-16,38,R2,12.8458
2026-02-09T09:55:07Z,2025-09-16,37,R2,13.5262
2026-02-09T09:55:07Z,2025-09-16,24,R2,18.6465
2026-02-09T09:55:07Z,2025-09-16,35,R2,15.4041
2026-02-09T09:55:07Z,2025-09-16,34,R2,15.6608
2026-02-09T09:55:07Z,2025-09-16,33,R2,16.7177
2026-02-09T09:55:07Z,2025-09-16,32,R2,17.2425
2026-02-09T09:55:07Z,2025-09-16,31,R2,18.6413
2026-02-09T09:55:07Z,2025-09-16,30,R2,18.5643
2026-02-09T09:55:07Z,2025-09-16,29,R2,18.3114
2026-02-09T09:55:07Z,2025-09-16,28,R2,18.6458
2026-02-09T09:55:07Z,2025-09-16,27,R2,18.7338
2026-02-09T09:55:07Z,2025-09-16,26,R2,18.4336
2026-02-09T09:55:07Z,2025-09-16,36,R2,14.9501
2026-02-09T09:55:07Z,2025-09-17,14,R2,5.793
2026-02-09T09:55:07Z,2025-09-17,15,R2,6.7954
2026-02-09T09:55:07Z,2025-09-17,16,R2,7.7418
2026-02-09T09:55:07Z,2025-09-17,21,R2,11.8542
2026-02-09T09:55:07Z,2025-09-17,18,R2,8.7217
2026-02-09T09:55:07Z,2025-09-17,19,R2,9.813
2026-02-09T09:55:07Z,2025-09-17,20,R2,10.6371
2026-02-09T09:55:07Z,2025-09-17,13,R2,5.0051
2026-02-09T09:55:07Z,2025-09-17,17,R2,8.9033
2026-02-09T09:55:07Z,2025-09-17,12,R2,3.786
2026-02-09T09:55:07Z,2025-09-17,6,R2,4.3122
2026-02-09T09:55:07Z,2025-09-17,10,R2,4.1591
2026-02-09T09:55:07Z,2025-09-17,9,R2,4.2876
2026-02-09T09:55:07Z,2025-09-17,8,R2,4.3873
2026-02-09T09:55:07Z,2025-09-17,7,R2,4.2141
2026-02-09T09:55:07Z,2025-09-17,5,R2,3.9391
2026-02-09T09:55:07Z,2025-09-17,4,R2,3.9876
2026-02-09T09:55:07Z,2025-09-17,3,R2,4.403
2026-02-09T09:55:07Z,2025-09-17,2,R2,4.0167
2026-02-09T09:55:07Z,2025-09-17,1,R2,4.0116
2026-02-09T09:55:07Z,2025-09-17,22,R2,12.6896
2026-02-09T09:55:07Z,2025-09-17,11,R2,3.9466
2026-02-09T09:55:07Z,2025-09-17,23,R2,13.3965
2026-02-09T09:55:07Z,2025-09-17,24,R2,12.7852
2026-02-09T09:55:07Z,2025-09-17,25,R2,12.6572
2026-02-09T09:55:07Z,2025-09-17,47,R2,5.7967
2026-02-09T09:55:07Z,2025-09-17,46,R2,6.1618
2026-02-09T09:55:07Z,2025-09-17,45,R2,6.2783
2026-02-09T09:55:07Z,2025-09-17,44,R2,6.0764
2026-02-09T09:55:07Z,2025-09-17,43,R2,6.1234
2026-02-09T09:55:07Z,2025-09-17,42,R2,6.2657
2026-02-09T09:55:07Z,2025-09-17,41,R2,6.325
2026-02-09T09:55:07Z,2025-09-17,40,R2,6.8732
2026-02-09T09:55:07Z,2025-09-17,39,R2,7.2665
2026-02-09T09:55:07Z,2025-09-17,38,R2,7.8747
2026-02-09T09:55:07Z,2025-09-17,37,R2,7.7492
2026-02-09T09:55:07Z,2025-09-17,48,R2,5.8259
2026-02-09T09:55:07Z,2025-09-17,35,R2,9.5663
2026-02-09T09:55:07Z,2025-09-17,34,R2,10.7135
2026-02-09T09:55:07Z,2025-09-17,33,R2,11.3137
2026-02-09T09:55:07Z,2025-09-17,32,R2,11.6416
2026-02-09T09:55:07Z,2025-09-17,31,R2,11.5592
2026-02-09T09:55:07Z,2025-09-17,30,R2,11.2742
2026-02-09T09:55:07Z,2025-09-17,29,R2,12.085
2026-02-09T09:55:07Z,2025-09-17,28,R2,12.79
2026-02-09T09:55:07Z,2025-09-17,27,R2,12.8205
2026-02-09T09:55:07Z,2025-09-17,26,R2,12.7182
2026-02-09T09:55:07Z,2025-09-17,36,R2,8.7755
2026-02-09T09:55:07Z,2025-09-18,14,R2,8.4908
2026-02-09T09:55:07Z,2025-09-18,15,R2,9.7099
2026-02-09T09:55:07Z,2025-09-18,16,R2,10.8519
2026-02-09T09:55:07Z,2025-09-18,21,R2,11.6036
2026-02-09T09:55:07Z,2025-09-18,18,R2,10.8562
2026-02-09T09:55:07Z,2025-09-18,19,R2,10.8687
2026-02-09T09:55:07Z,2025-09-18,20,R2,10.9668
2026-02-09T09:55:07Z,2025-09-18,13,R2,7.6565
2026-02-09T09:55:07Z,2025-09-18,17,R2,10.9968
2026-02-09T09:55:07Z,2025-09-18,12,R2,6.2948
2026-02-09T09:55:07Z,2025-09-18,6,R2,4.8411
2026-02-09T09:55:07Z,2025-09-18,10,R2,5.2817
2026-02-09T09:55:07Z,2025-09-18,9,R2,5.3773
2026-02-09T09:55:07Z,2025-09-18,8,R2,5.1884
2026-02-09T09:55:07Z,2025-09-18,7,R2,4.924
2026-02-09T09:55:07Z,2025-09-18,5,R2,4.7714
2026-02-09T09:55:07Z,2025-09-18,4,R2,4.7509
2026-02-09T09:55:07Z,2025-09-18,3,R2,4.9527
2026-02-09T09:55:07Z,2025-09-18,2,R2,5.2376
2026-02-09T09:55:07Z,2025-09-18,1,R2,5.4228
2026-02-09T09:55:07Z,2025-09-18,22,R2,11.1524
2026-02-09T09:55:07Z,2025-09-18,11,R2,5.8854
2026-02-09T09:55:07Z,2025-09-18,23,R2,12.3506
2026-02-09T09:55:07Z,2025-09-18,48,R2,3.6542
2026-02-09T09:55:07Z,2025-09-18,25,R2,12.097
2026-02-09T09:55:07Z,2025-09-18,24,R2,12.1634
2026-02-09T09:55:07Z,2025-09-18,47,R2,3.3295
2026-02-09T09:55:07Z,2025-09-18,46,R2,3.0923
2026-02-09T09:55:07Z,2025-09-18,45,R2,3.5539
2026-02-09T09:55:07Z,2025-09-18,44,R2,3.6508
2026-02-09T09:55:07Z,2025-09-18,43,R2,3.8117
2026-02-09T09:55:07Z,2025-09-18,42,R2,4.6062
2026-02-09T09:55:07Z,2025-09-18,40,R2,5.3132
2026-02-09T09:55:07Z,2025-09-18,39,R2,5.3191
2026-02-09T09:55:07Z,2025-09-18,38,R2,6.6536
2026-02-09T09:55:07Z,2025-09-18,37,R2,7.1153
2026-02-09T09:55:07Z,2025-09-18,41,R2,4.9633
2026-02-09T09:55:07Z,2025-09-18,35,R2,9.7503
2026-02-09T09:55:07Z,2025-09-18,36,R2,8.5126
2026-02-09T09:55:07Z,2025-09-18,27,R2,12.3516
2026-02-09T09:55:07Z,2025-09-18,28,R2,13.077
2026-02-09T09:55:07Z,2025-09-18,29,R2,13.1079
2026-02-09T09:55:07Z,2025-09-18,30,R2,13.0762
2026-02-09T09:55:07Z,2025-09-18,26,R2,12.5511
2026-02-09T09:55:07Z,2025-09-18,32,R2,11.1505
2026-02-09T09:55:07Z,2025-09-18,33,R2,10.9562
2026-02-09T09:55:07Z,2025-09-18,34,R2,10.1892
2026-02-09T09:55:07Z,2025-09-18,31,R2,12.1032
2026-02-09T09:55:07Z,2025-09-19,13,R2,2.7411
2026-02-09T09:55:07Z,2025-09-19,22,R2,5.9987
2026-02-09T09:55:07Z,2025-09-19,21,R2,5.8374
2026-02-09T09:55:07Z,2025-09-19,20,R2,5.9962
2026-02-09T09:55:07Z,2025-09-19,18,R2,4.7327
2026-02-09T09:55:07Z,2025-09-19,17,R2,4.4893
2026-02-09T09:55:07Z,2025-09-19,16,R2,4.2824
2026-02-09T09:55:07Z,2025-09-19,15,R2,3.8732
2026-02-09T09:55:07Z,2025-09-19,14,R2,3.0585
2026-02-09T09:55:07Z,2025-09-19,12,R2,2.1711
2026-02-09T09:55:07Z,2025-09-19,23,R2,6.275
2026-02-09T09:55:07Z,2025-09-19,10,R2,1.601
2026-02-09T09:55:07Z,2025-09-19,9,R2,1.3834
2026-02-09T09:55:07Z,2025-09-19,8,R2,1.3773
2026-02-09T09:55:07Z,2025-09-19,7,R2,1.3258
2026-02-09T09:55:07Z,2025-09-19,6,R2,1.2965
2026-02-09T09:55:07Z,2025-09-19,5,R2,1.3906
2026-02-09T09:55:07Z,2025-09-19,4,R2,1.4951
2026-02-09T09:55:07Z,2025-09-19,3,R2,1.6302
2026-02-09T09:55:07Z,2025-09-19,2,R2,1.9413
2026-02-09T09:55:07Z,2025-09-19,1,R2,1.9857
2026-02-09T09:55:07Z,2025-09-19,11,R2,1.9038
2026-02-09T09:55:07Z,2025-09-19,24,R2,7.2555
2026-02-09T09:55:07Z,2025-09-19,19,R2,5.0471
2026-02-09T09:55:07Z,2025-09-19,26,R2,7.9572
2026-02-09T09:55:07Z,2025-09-19,47,R2,1.6398
2026-02-09T09:55:07Z,2025-09-19,46,R2,1.9074
2026-02-09T09:55:07Z,2025-09-19,45,R2,2.2516
2026-02-09T09:55:07Z,2025-09-19,44,R2,2.1609
2026-02-09T09:55:07Z,2025-09-19,43,R2,2.0287
2026-02-09T09:55:07Z,2025-09-19,42,R2,2.0639
2026-02-09T09:55:07Z,2025-09-19,41,R2,1.9348
2026-02-09T09:55:07Z,2025-09-19,40,R2,1.9762
2026-02-09T09:55:07Z,2025-09-19,39,R2,2.3727
2026-02-09T09:55:07Z,2025-09-19,38,R2,2.3671
2026-02-09T09:55:07Z,2025-09-19,37,R2,3.0557
2026-02-09T09:55:07Z,2025-09-19,25,R2,7.5648
2026-02-09T09:55:07Z,2025-09-19,35,R2,5.4516
2026-02-09T09:55:07Z,2025-09-19,34,R2,6.0289
2026-02-09T09:55:07Z,2025-09-19,33,R2,6.1371
2026-02-09T09:55:07Z,2025-09-19,32,R2,7.0395
2026-02-09T09:55:07Z,2025-09-19,31,R2,7.3207
2026-02-09T09:55:07Z,2025-09-19,30,R2,7.7905
2026-02-09T09:55:07Z,2025-09-19,48,R2,2.1383
2026-02-09T09:55:07Z,2025-09-19,29,R2,7.8211
2026-02-09T09:55:07Z,2025-09-19,28,R2,7.9346
2026-02-09T09:55:07Z,2025-09-19,27,R2,7.9435
2026-02-09T09:55:07Z,2025-09-19,36,R2,4.4173
2026-02-09T09:55:07Z,2025-09-20,14,R2,9.438
2026-02-09T09:55:07Z,2025-09-20,15,R2,9.8082
2026-02-09T09:55:07Z,2025-09-20,16,R2,10.0893
2026-02-09T09:55:07Z,2025-09-20,21,R2,12.7909
2026-02-09T09:55:07Z,2025-09-20,18,R2,11.2688
2026-02-09T09:55:07Z,2025-09-20,19,R2,11.575
2026-02-09T09:55:07Z,2025-09-20,20,R2,12.2328
2026-02-09T09:55:07Z,2025-09-20,13,R2,9.5622
2026-02-09T09:55:07Z,2025-09-20,17,R2,10.5494
2026-02-09T09:55:07Z,2025-09-20,12,R2,9.7634
2026-02-09T09:55:07Z,2025-09-20,6,R2,10.261
2026-02-09T09:55:07Z,2025-09-20,10,R2,10.1311
2026-02-09T09:55:07Z,2025-09-20,9,R2,9.9022
2026-02-09T09:55:07Z,2025-09-20,8,R2,9.6691
2026-02-09T09:55:07Z,2025-09-20,7,R2,9.343
2026-02-09T09:55:07Z,2025-09-20,5,R2,10.6048
2026-02-09T09:55:07Z,2025-09-20,4,R2,10.8006
2026-02-09T09:55:07Z,2025-09-20,3,R2,11.0565
2026-02-09T09:55:07Z,2025-09-20,2,R2,10.558
2026-02-09T09:55:07Z,2025-09-20,1,R2,10.3596
2026-02-09T09:55:07Z,2025-09-20,22,R2,14.1933
2026-02-09T09:55:07Z,2025-09-20,11,R2,10.2568
2026-02-09T09:55:07Z,2025-09-20,23,R2,13.7902
2026-02-09T09:55:07Z,2025-09-20,24,R2,15.3139
2026-02-09T09:55:07Z,2025-09-20,25,R2,17.1834
2026-02-09T09:55:07Z,2025-09-20,47,R2,12.3376
2026-02-09T09:55:07Z,2025-09-20,46,R2,12.9464
2026-02-09T09:55:07Z,2025-09-20,45,R2,13.6923
2026-02-09T09:55:07Z,2025-09-20,44,R2,14.716
2026-02-09T09:55:07Z,2025-09-20,43,R2,15.5086
2026-02-09T09:55:07Z,2025-09-20,42,R2,15.3166
2026-02-09T09:55:07Z,2025-09-20,41,R2,16.61
2026-02-09T09:55:07Z,2025-09-20,40,R2,16.8607
2026-02-09T09:55:07Z,2025-09-20,39,R2,16.7144
2026-02-09T09:55:07Z,2025-09-20,38,R2,17.5868
2026-02-09T09:55:07Z,2025-09-20,37,R2,17.521
2026-02-09T09:55:07Z,2025-09-20,48,R2,12.8715
2026-02-09T09:55:07Z,2025-09-20,35,R2,19.5965
2026-02-09T09:55:07Z,2025-09-20,34,R2,20.5129
2026-02-09T09:55:07Z,2025-09-20,33,R2,19.7378
2026-02-09T09:55:07Z,2025-09-20,32,R2,19.7716
2026-02-09T09:55:07Z,2025-09-20,31,R2,20.5482
2026-02-09T09:55:07Z,2025-09-20,30,R2,19.8824
2026-02-09T09:55:07Z,2025-09-20,29,R2,18.9493
2026-02-09T09:55:07Z,2025-09-20,28,R2,19.0247
2026-02-09T09:55:07Z,2025-09-20,27,R2,17.7956
2026-02-09T09:55:07Z,2025-09-20,26,R2,18.9394
2026-02-09T09:55:07Z,2025-09-20,36,R2,18.6976
2026-02-09T09:55:07Z,2025-09-21,14,R2,9.2741
2026-02-09T09:55:07Z,2025-09-21,15,R2,9.9017
2026-02-09T09:55:07Z,2025-09-21,16,R2,10.658
2026-02-09T09:55:07Z,2025-09-21,21,R2,16.2268
2026-02-09T09:55:07Z,2025-09-21,18,R2,11.7542
2026-02-09T09:55:07Z,2025-09-21,19,R2,12.5194
2026-02-09T09:55:07Z,2025-09-21,20,R2,13.7442
2026-02-09T09:55:07Z,2025-09-21,13,R2,8.9521
2026-02-09T09:55:07Z,2025-09-21,17,R2,11.4739
2026-02-09T09:55:07Z,2025-09-21,12,R2,9.2755
2026-02-09T09:55:07Z,2025-09-21,6,R2,11.0811
2026-02-09T09:55:07Z,2025-09-21,10,R2,9.7134
2026-02-09T09:55:07Z,2025-09-21,9,R2,9.7743
2026-02-09T09:55:07Z,2025-09-21,8,R2,10.1345
2026-02-09T09:55:07Z,2025-09-21,7,R2,10.5734
2026-02-09T09:55:07Z,2025-09-21,5,R2,11.225
2026-02-09T09:55:07Z,2025-09-21,4,R2,11.5486
2026-02-09T09:55:07Z,2025-09-21,3,R2,11.7785
2026-02-09T09:55:07Z,2025-09-21,2,R2,12.2585
2026-02-09T09:55:07Z,2025-09-21,1,R2,12.8119
2026-02-09T09:55:07Z,2025-09-21,22,R2,17.6715
2026-02-09T09:55:07Z,2025-09-21,11,R2,9.5365
2026-02-09T09:55:07Z,2025-09-21,23,R2,17.8588
2026-02-09T09:55:07Z,2025-09-21,48,R2,10.5903
2026-02-09T09:55:07Z,2025-09-21,25,R2,17.592
2026-02-09T09:55:07Z,2025-09-21,24,R2,18.0304
2026-02-09T09:55:07Z,2025-09-21,47,R2,11.3431
2026-02-09T09:55:07Z,2025-09-21,46,R2,11.5651
2026-02-09T09:55:07Z,2025-09-21,45,R2,11.6743
2026-02-09T09:55:07Z,2025-09-21,44,R2,11.0813
2026-02-09T09:55:07Z,2025-09-21,43,R2,10.6391
2026-02-09T09:55:07Z,2025-09-21,42,R2,9.8926
2026-02-09T09:55:07Z,2025-09-21,40,R2,9.3021
2026-02-09T09:55:07Z,2025-09-21,39,R2,9.1347
2026-02-09T09:55:07Z,2025-09-21,38,R2,10.0042
2026-02-09T09:55:07Z,2025-09-21,37,R2,11.7684
2026-02-09T09:55:07Z,2025-09-21,41,R2,9.7179
2026-02-09T09:55:07Z,2025-09-21,35,R2,14.2298
2026-02-09T09:55:07Z,2025-09-21,36,R2,13.2331
2026-02-09T09:55:07Z,2025-09-21,27,R2,18.4452
2026-02-09T09:55:07Z,2025-09-21,28,R2,16.4534
2026-02-09T09:55:07Z,2025-09-21,29,R2,15.9452
2026-02-09T09:55:07Z,2025-09-21,30,R2,16.724
2026-02-09T09:55:07Z,2025-09-21,26,R2,18.0909
2026-02-09T09:55:07Z,2025-09-21,32,R2,16.3205
2026-02-09T09:55:07Z,2025-09-21,33,R2,15.7895
2026-02-09T09:55:07Z,2025-09-21,34,R2,15.5194
2026-02-09T09:55:07Z,2025-09-21,31,R2,15.4424
2026-02-09T09:55:07Z,2025-09-22,14,R2,7.8432
2026-02-09T09:55:07Z,2025-09-22,22,R2,12.1863
2026-02-09T09:55:07Z,2025-09-22,21,R2,11.9929
2026-02-09T09:55:07Z,2025-09-22,20,R2,11.0974
2026-02-09T09:55:07Z,2025-09-22,19,R2,10.3983
2026-02-09T09:55:07Z,2025-09-22,18,R2,9.8861
2026-02-09T09:55:07Z,2025-09-22,17,R2,9.2618
2026-02-09T09:55:07Z,2025-09-22,16,R2,8.6946
2026-02-09T09:55:07Z,2025-09-22,15,R2,8.0742
2026-02-09T09:55:07Z,2025-09-22,13,R2,7.1335
2026-02-09T09:55:07Z,2025-09-22,23,R2,11.869
2026-02-09T09:55:07Z,2025-09-22,11,R2,5.8531
2026-02-09T09:55:07Z,2025-09-22,10,R2,5.8576
2026-02-09T09:55:07Z,2025-09-22,9,R2,5.6552
2026-02-09T09:55:07Z,2025-09-22,8,R2,5.8277
2026-02-09T09:55:07Z,2025-09-22,7,R2,5.9058
2026-02-09T09:55:07Z,2025-09-22,6,R2,5.5865
2026-02-09T09:55:07Z,2025-09-22,5,R2,5.304
2026-02-09T09:55:07Z,2025-09-22,4,R2,5.3333
2026-02-09T09:55:07Z,2025-09-22,3,R2,5.5058
2026-02-09T09:55:07Z,2025-09-22,2,R2,5.4884
2026-02-09T09:55:07Z,2025-09-22,12,R2,6.5296
2026-02-09T09:55:07Z,2025-09-22,24,R2,11.3527
2026-02-09T09:55:07Z,2025-09-22,1,R2,5.7596
2026-02-09T09:55:07Z,2025-09-22,26,R2,11.1943
2026-02-09T09:55:07Z,2025-09-22,48,R2,4.0899
2026-02-09T09:55:07Z,2025-09-22,47,R2,3.7929
2026-02-09T09:55:07Z,2025-09-22,46,R2,3.9807
2026-02-09T09:55:07Z,2025-09-22,45,R2,4.3847
2026-02-09T09:55:07Z,2025-09-22,44,R2,4.4261
2026-02-09T09:55:07Z,2025-09-22,43,R2,4.6748
2026-02-09T09:55:07Z,2025-09-22,42,R2,4.6734
2026-02-09T09:55:07Z,2025-09-22,41,R2,4.9129
2026-02-09T09:55:07Z,2025-09-22,40,R2,4.6069
2026-02-09T09:55:07Z,2025-09-22,39,R2,4.7184
2026-02-09T09:55:07Z,2025-09-22,38,R2,5.5382
2026-02-09T09:55:07Z,2025-09-22,25,R2,11.262
2026-02-09T09:55:07Z,2025-09-22,36,R2,7.6192
2026-02-09T09:55:07Z,2025-09-22,37,R2,6.428
2026-02-09T09:55:07Z,2025-09-22,28,R2,11.4825
2026-02-09T09:55:07Z,2025-09-22,29,R2,11.2865
2026-02-09T09:55:07Z,2025-09-22,30,R2,11.5151
2026-02-09T09:55:07Z,2025-09-22,27,R2,11.6093
2026-02-09T09:55:07Z,2025-09-22,32,R2,10.1656
2026-02-09T09:55:07Z,2025-09-22,33,R2,10.6506
2026-02-09T09:55:07Z,2025-09-22,34,R2,9.4426
2026-02-09T09:55:07Z,2025-09-22,35,R2,8.6579
2026-02-09T09:55:07Z,2025-09-22,31,R2,11.0579
2026-02-09T09:55:07Z,2025-09-23,13,R2,8.4492
2026-02-09T09:55:07Z,2025-09-23,21,R2,12.7588
2026-02-09T09:55:07Z,2025-09-23,20,R2,11.6877
2026-02-09T09:55:07Z,2025-09-23,19,R2,10.7044
2026-02-09T09:55:07Z,2025-09-23,17,R2,9.8518
2026-02-09T09:55:07Z,2025-09-23,16,R2,9.4003
2026-02-09T09:55:07Z,2025-09-23,15,R2,8.9796
2026-02-09T09:55:07Z,2025-09-23,14,R2,8.7384
2026-02-09T09:55:07Z,2025-09-23,12,R2,7.9206
2026-02-09T09:55:07Z,2025-09-23,7,R2,8.5544
2026-02-09T09:55:07Z,2025-09-23,10,R2,8.004
2026-02-09T09:55:07Z,2025-09-23,9,R2,8.1235
2026-02-09T09:55:07Z,2025-09-23,8,R2,8.4771
2026-02-09T09:55:07Z,2025-09-23,22,R2,13.7654
2026-02-09T09:55:07Z,2025-09-23,6,R2,8.7906
2026-02-09T09:55:07Z,2025-09-23,5,R2,9.009
2026-02-09T09:55:07Z,2025-09-23,4,R2,9.1598
2026-02-09T09:55:07Z,2025-09-23,3,R2,9.5312
2026-02-09T09:55:07Z,2025-09-23,2,R2,9.497
2026-02-09T09:55:07Z,2025-09-23,1,R2,9.4903
2026-02-09T09:55:07Z,2025-09-23,11,R2,7.8299
2026-02-09T09:55:07Z,2025-09-23,23,R2,13.9499
2026-02-09T09:55:07Z,2025-09-23,18,R2,10.334
2026-02-09T09:55:07Z,2025-09-23,48,R2,9.7318
2026-02-09T09:55:07Z,2025-09-23,25,R2,14.8581
2026-02-09T09:55:07Z,2025-09-23,47,R2,10.5238
2026-02-09T09:55:07Z,2025-09-23,46,R2,9.0322
2026-02-09T09:55:07Z,2025-09-23,45,R2,8.8012
2026-02-09T09:55:07Z,2025-09-23,44,R2,8.7078
2026-02-09T09:55:07Z,2025-09-23,43,R2,8.4055
2026-02-09T09:55:07Z,2025-09-23,42,R2,8.3047
2026-02-09T09:55:07Z,2025-09-23,41,R2,8.0875
2026-02-09T09:55:07Z,2025-09-23,40,R2,7.9967
2026-02-09T09:55:07Z,2025-09-23,39,R2,7.8803
2026-02-09T09:55:07Z,2025-09-23,38,R2,7.8483
2026-02-09T09:55:07Z,2025-09-23,24,R2,14.0854
2026-02-09T09:55:07Z,2025-09-23,36,R2,9.1789
2026-02-09T09:55:07Z,2025-09-23,37,R2,8.4284
2026-02-09T09:55:07Z,2025-09-23,27,R2,14.2345
2026-02-09T09:55:07Z,2025-09-23,28,R2,14.0612
2026-02-09T09:55:07Z,2025-09-23,29,R2,12.7444
2026-02-09T09:55:07Z,2025-09-23,30,R2,12.6438
2026-02-09T09:55:07Z,2025-09-23,26,R2,14.4739
2026-02-09T09:55:07Z,2025-09-23,32,R2,13.1031
2026-02-09T09:55:07Z,2025-09-23,33,R2,12.467
2026-02-09T09:55:07Z,2025-09-23,34,R2,11.2265
2026-02-09T09:55:07Z,2025-09-23,35,R2,10.5036
2026-02-09T09:55:07Z,2025-09-23,31,R2,12.8021
2026-02-09T09:55:07Z,2025-09-24,14,R2,5.7863
2026-02-09T09:55:07Z,2025-09-24,22,R2,7.6519
2026-02-09T09:55:07Z,2025-09-24,21,R2,7.8807
2026-02-09T09:55:07Z,2025-09-24,20,R2,7.8006
2026-02-09T09:55:07Z,2025-09-24,19,R2,7.0716
2026-02-09T09:55:07Z,2025-09-24,18,R2,6.5268
2026-02-09T09:55:07Z,2025-09-24,17,R2,6.1593
2026-02-09T09:55:07Z,2025-09-24,16,R2,5.9265
2026-02-09T09:55:07Z,2025-09-24,15,R2,5.7955
2026-02-09T09:55:07Z,2025-09-24,13,R2,5.4152
2026-02-09T09:55:07Z,2025-09-24,7,R2,3.9755
2026-02-09T09:55:07Z,2025-09-24,11,R2,4.1474
2026-02-09T09:55:07Z,2025-09-24,10,R2,4.2059
2026-02-09T09:55:07Z,2025-09-24,9,R2,4.0926
2026-02-09T09:55:07Z,2025-09-24,8,R2,4.0096
2026-02-09T09:55:07Z,2025-09-24,6,R2,3.9446
2026-02-09T09:55:07Z,2025-09-24,5,R2,4.0361
2026-02-09T09:55:07Z,2025-09-24,4,R2,4.0772
2026-02-09T09:55:07Z,2025-09-24,3,R2,4.3493
2026-02-09T09:55:07Z,2025-09-24,2,R2,4.621
2026-02-09T09:55:07Z,2025-09-24,1,R2,5.1242
2026-02-09T09:55:07Z,2025-09-24,12,R2,4.4715
2026-02-09T09:55:07Z,2025-09-24,23,R2,7.1706
2026-02-09T09:55:07Z,2025-09-24,25,R2,8.8289
2026-02-09T09:55:07Z,2025-09-24,26,R2,9.6793
2026-02-09T09:55:07Z,2025-09-24,48,R2,3.4136
2026-02-09T09:55:07Z,2025-09-24,47,R2,3.2369
2026-02-09T09:55:07Z,2025-09-24,46,R2,3.2034
2026-02-09T09:55:07Z,2025-09-24,45,R2,3.3544
2026-02-09T09:55:07Z,2025-09-24,44,R2,3.4753
2026-02-09T09:55:07Z,2025-09-24,43,R2,3.8265
2026-02-09T09:55:07Z,2025-09-24,42,R2,3.8184
2026-02-09T09:55:07Z,2025-09-24,41,R2,3.5076
2026-02-09T09:55:07Z,2025-09-24,40,R2,3.5639
2026-02-09T09:55:07Z,2025-09-24,39,R2,3.781
2026-02-09T09:55:07Z,2025-09-24,38,R2,4.2862
2026-02-09T09:55:07Z,2025-09-24,24,R2,8.1003
2026-02-09T09:55:07Z,2025-09-24,36,R2,6.0421
2026-02-09T09:55:07Z,2025-09-24,35,R2,7.0686
2026-02-09T09:55:07Z,2025-09-24,34,R2,7.6165
2026-02-09T09:55:07Z,2025-09-24,33,R2,8.5427
2026-02-09T09:55:07Z,2025-09-24,32,R2,8.1935
2026-02-09T09:55:07Z,2025-09-24,31,R2,8.3664
2026-02-09T09:55:07Z,2025-09-24,30,R2,9.1507
2026-02-09T09:55:07Z,2025-09-24,29,R2,9.5303
2026-02-09T09:55:07Z,2025-09-24,28,R2,8.7028
2026-02-09T09:55:07Z,2025-09-24,27,R2,8.368
2026-02-09T09:55:07Z,2025-09-24,37,R2,5.0022
2026-02-09T09:55:07Z,2025-09-25,15,R2,6.0306
2026-02-09T09:55:07Z,2025-09-25,16,R2,6.9446
2026-02-09T09:55:07Z,2025-09-25,17,R2,7.0327
2026-02-09T09:55:07Z,2025-09-25,22,R2,9.8657
2026-02-09T09:55:07Z,2025-09-25,19,R2,8.0752
2026-02-09T09:55:07Z,2025-09-25,20,R2,8.3683
2026-02-09T09:55:07Z,2025-09-25,21,R2,9.0468
2026-02-09T09:55:07Z,2025-09-25,14,R2,5.4283
2026-02-09T09:55:07Z,2025-09-25,18,R2,7.5214
2026-02-09T09:55:07Z,2025-09-25,13,R2,4.4801
2026-02-09T09:55:07Z,2025-09-25,7,R2,3.3181
2026-02-09T09:55:07Z,2025-09-25,11,R2,3.5651
2026-02-09T09:55:07Z,2025-09-25,10,R2,3.533
2026-02-09T09:55:07Z,2025-09-25,9,R2,3.386
2026-02-09T09:55:07Z,2025-09-25,8,R2,3.3985
2026-02-09T09:55:07Z,2025-09-25,6,R2,3.3319
2026-02-09T09:55:07Z,2025-09-25,5,R2,3.8278
2026-02-09T09:55:07Z,2025-09-25,4,R2,3.7434
2026-02-09T09:55:07Z,2025-09-25,3,R2,3.34
2026-02-09T09:55:07Z,2025-09-25,2,R2,3.4836
2026-02-09T09:55:07Z,2025-09-25,23,R2,10.0937
2026-02-09T09:55:07Z,2025-09-25,12,R2,3.831
2026-02-09T09:55:07Z,2025-09-25,1,R2,3.5419
2026-02-09T09:55:07Z,2025-09-25,25,R2,10.2467
2026-02-09T09:55:07Z,2025-09-25,26,R2,9.4921
2026-02-09T09:55:07Z,2025-09-25,24,R2,10.8869
2026-02-09T09:55:07Z,2025-09-25,47,R2,4.3563
2026-02-09T09:55:07Z,2025-09-25,46,R2,4.2024
2026-02-09T09:55:07Z,2025-09-25,45,R2,4.2304
2026-02-09T09:55:07Z,2025-09-25,44,R2,4.8926
2026-02-09T09:55:07Z,2025-09-25,43,R2,4.901
2026-02-09T09:55:07Z,2025-09-25,42,R2,4.6122
2026-02-09T09:55:07Z,2025-09-25,41,R2,4.2954
2026-02-09T09:55:07Z,2025-09-25,40,R2,4.0429
2026-02-09T09:55:07Z,2025-09-25,39,R2,3.8603
2026-02-09T09:55:07Z,2025-09-25,38,R2,4.2877
2026-02-09T09:55:07Z,2025-09-25,48,R2,4.0388
2026-02-09T09:55:07Z,2025-09-25,36,R2,6.5616
2026-02-09T09:55:07Z,2025-09-25,35,R2,7.3405
2026-02-09T09:55:07Z,2025-09-25,34,R2,8.4742
2026-02-09T09:55:07Z,2025-09-25,33,R2,8.8081
2026-02-09T09:55:07Z,2025-09-25,32,R2,9.4189
2026-02-09T09:55:07Z,2025-09-25,31,R2,10.1696
2026-02-09T09:55:07Z,2025-09-25,30,R2,10.1746
2026-02-09T09:55:07Z,2025-09-25,29,R2,10.5292
2026-02-09T09:55:07Z,2025-09-25,28,R2,10.232
2026-02-09T09:55:07Z,2025-09-25,27,R2,10.2472
2026-02-09T09:55:07Z,2025-09-25,37,R2,5.1712
2026-02-09T09:55:07Z,2025-09-26,15,R2,5.9183
2026-02-09T09:55:07Z,2025-09-26,16,R2,6.4661
2026-02-09T09:55:07Z,2025-09-26,17,R2,6.2421
2026-02-09T09:55:07Z,2025-09-26,22,R2,8.7083
2026-02-09T09:55:07Z,2025-09-26,19,R2,6.616
2026-02-09T09:55:07Z,2025-09-26,20,R2,8.3589
2026-02-09T09:55:07Z,2025-09-26,21,R2,8.1801
2026-02-09T09:55:07Z,2025-09-26,14,R2,5.1305
2026-02-09T09:55:07Z,2025-09-26,18,R2,6.5496
2026-02-09T09:55:07Z,2025-09-26,13,R2,4.2337
2026-02-09T09:55:07Z,2025-09-26,8,R2,3.7637
2026-02-09T09:55:07Z,2025-09-26,11,R2,4.266
2026-02-09T09:55:07Z,2025-09-26,10,R2,4.3884
2026-02-09T09:55:07Z,2025-09-26,9,R2,4.3555
2026-02-09T09:55:07Z,2025-09-26,7,R2,3.5918
2026-02-09T09:55:07Z,2025-09-26,6,R2,3.4686
2026-02-09T09:55:07Z,2025-09-26,23,R2,8.5322
2026-02-09T09:55:07Z,2025-09-26,4,R2,3.9873
2026-02-09T09:55:07Z,2025-09-26,3,R2,4.07
2026-02-09T09:55:07Z,2025-09-26,2,R2,3.9667
2026-02-09T09:55:07Z,2025-09-26,1,R2,4.2349
2026-02-09T09:55:07Z,2025-09-26,24,R2,8.1443
2026-02-09T09:55:07Z,2025-09-26,5,R2,3.9605
2026-02-09T09:55:07Z,2025-09-26,26,R2,8.4279
2026-02-09T09:55:07Z,2025-09-26,25,R2,8.1122
2026-02-09T09:55:07Z,2025-09-26,48,R2,4.9451
2026-02-09T09:55:07Z,2025-09-26,47,R2,4.8034
2026-02-09T09:55:07Z,2025-09-26,46,R2,4.7322
2026-02-09T09:55:07Z,2025-09-26,45,R2,4.7411
2026-02-09T09:55:07Z,2025-09-26,44,R2,4.7915
2026-02-09T09:55:07Z,2025-09-26,43,R2,4.9558
2026-02-09T09:55:07Z,2025-09-26,42,R2,4.8074
2026-02-09T09:55:07Z,2025-09-26,41,R2,4.9067
2026-02-09T09:55:07Z,2025-09-26,40,R2,4.949
2026-02-09T09:55:07Z,2025-09-26,39,R2,4.9533
2026-02-09T09:55:07Z,2025-09-26,12,R2,3.8883
2026-02-09T09:55:07Z,2025-09-26,37,R2,4.991
2026-02-09T09:55:07Z,2025-09-26,38,R2,4.8033
2026-02-09T09:55:07Z,2025-09-26,28,R2,7.4329
2026-02-09T09:55:07Z,2025-09-26,29,R2,7.4381
2026-02-09T09:55:07Z,2025-09-26,30,R2,7.1831
2026-02-09T09:55:07Z,2025-09-26,31,R2,7.0339
2026-02-09T09:55:07Z,2025-09-26,27,R2,7.9562
2026-02-09T09:55:07Z,2025-09-26,33,R2,7.1717
2026-02-09T09:55:07Z,2025-09-26,34,R2,7.2156
2026-02-09T09:55:07Z,2025-09-26,35,R2,6.1117
2026-02-09T09:55:07Z,2025-09-26,36,R2,5.409
2026-02-09T09:55:07Z,2025-09-26,32,R2,7.0535
2026-02-09T09:55:07Z,2025-09-27,13,R2,11.6256
2026-02-09T09:55:07Z,2025-09-27,22,R2,16.4604
2026-02-09T09:55:07Z,2025-09-27,21,R2,16.296
2026-02-09T09:55:07Z,2025-09-27,20,R2,16.94
2026-02-09T09:55:07Z,2025-09-27,19,R2,15.8463
2026-02-09T09:55:07Z,2025-09-27,17,R2,14.4435
2026-02-09T09:55:07Z,2025-09-27,16,R2,13.8126
2026-02-09T09:55:07Z,2025-09-27,15,R2,12.6208
2026-02-09T09:55:07Z,2025-09-27,14,R2,11.9772
2026-02-09T09:55:07Z,2025-09-27,12,R2,11.9041
2026-02-09T09:55:07Z,2025-09-27,6,R2,11.6175
2026-02-09T09:55:07Z,2025-09-27,10,R2,11.9499
2026-02-09T09:55:07Z,2025-09-27,9,R2,11.4289
2026-02-09T09:55:07Z,2025-09-27,8,R2,11.8631
2026-02-09T09:55:07Z,2025-09-27,7,R2,11.4481
2026-02-09T09:55:07Z,2025-09-27,23,R2,17.5576
2026-02-09T09:55:07Z,2025-09-27,5,R2,11.6016
2026-02-09T09:55:07Z,2025-09-27,4,R2,11.9244
2026-02-09T09:55:07Z,2025-09-27,3,R2,11.5713
2026-02-09T09:55:07Z,2025-09-27,2,R2,11.1454
2026-02-09T09:55:07Z,2025-09-27,1,R2,11.2842
2026-02-09T09:55:07Z,2025-09-27,11,R2,11.6751
2026-02-09T09:55:07Z,2025-09-27,24,R2,18.6104
2026-02-09T09:55:07Z,2025-09-27,18,R2,14.8522
2026-02-09T09:55:07Z,2025-09-27,26,R2,20.2073
2026-02-09T09:55:07Z,2025-09-27,25,R2,19.4441
2026-02-09T09:55:07Z,2025-09-27,47,R2,10.2649
2026-02-09T09:55:07Z,2025-09-27,46,R2,10.8661
2026-02-09T09:55:07Z,2025-09-27,45,R2,10.4026
2026-02-09T09:55:07Z,2025-09-27,44,R2,10.716
2026-02-09T09:55:07Z,2025-09-27,43,R2,11.3421
2026-02-09T09:55:07Z,2025-09-27,42,R2,12.1601
2026-02-09T09:55:07Z,2025-09-27,41,R2,13.2672
2026-02-09T09:55:07Z,2025-09-27,40,R2,14.4629
2026-02-09T09:55:07Z,2025-09-27,39,R2,15.0608
2026-02-09T09:55:07Z,2025-09-27,38,R2,15.7704
2026-02-09T09:55:07Z,2025-09-27,48,R2,9.9439
2026-02-09T09:55:07Z,2025-09-27,36,R2,16.4392
2026-02-09T09:55:07Z,2025-09-27,37,R2,16.2131
2026-02-09T09:55:07Z,2025-09-27,28,R2,20.0569
2026-02-09T09:55:07Z,2025-09-27,29,R2,21.3212
2026-02-09T09:55:07Z,2025-09-27,30,R2,19.7461
2026-02-09T09:55:07Z,2025-09-27,27,R2,20.6985
2026-02-09T09:55:07Z,2025-09-27,32,R2,18.0659
2026-02-09T09:55:07Z,2025-09-27,33,R2,17.9651
2026-02-09T09:55:07Z,2025-09-27,34,R2,17.2658
2026-02-09T09:55:07Z,2025-09-27,35,R2,16.6565
2026-02-09T09:55:07Z,2025-09-27,31,R2,18.6055
2026-02-09T09:55:07Z,2025-09-28,22,R2,13.3644
2026-02-09T09:55:07Z,2025-09-28,13,R2,8.4706
2026-02-09T09:55:07Z,2025-09-28,21,R2,12.3486
2026-02-09T09:55:07Z,2025-09-28,20,R2,11.3638
2026-02-09T09:55:07Z,2025-09-28,19,R2,10.8123
2026-02-09T09:55:07Z,2025-09-28,17,R2,10.226
2026-02-09T09:55:07Z,2025-09-28,16,R2,10.0337
2026-02-09T09:55:07Z,2025-09-28,15,R2,9.4017
2026-02-09T09:55:07Z,2025-09-28,14,R2,8.6458
2026-02-09T09:55:07Z,2025-09-28,12,R2,8.8034
2026-02-09T09:55:07Z,2025-09-28,6,R2,9.8991
2026-02-09T09:55:07Z,2025-09-28,10,R2,8.838
2026-02-09T09:55:07Z,2025-09-28,9,R2,9.1465
2026-02-09T09:55:07Z,2025-09-28,8,R2,9.1928
2026-02-09T09:55:07Z,2025-09-28,7,R2,8.8817
2026-02-09T09:55:07Z,2025-09-28,5,R2,10.1458
2026-02-09T09:55:07Z,2025-09-28,4,R2,10.2615
2026-02-09T09:55:07Z,2025-09-28,3,R2,9.5727
2026-02-09T09:55:07Z,2025-09-28,2,R2,9.2919
2026-02-09T09:55:07Z,2025-09-28,1,R2,9.6021
2026-02-09T09:55:07Z,2025-09-28,23,R2,15.2456
2026-02-09T09:55:07Z,2025-09-28,11,R2,8.5786
2026-02-09T09:55:07Z,2025-09-28,24,R2,15.3973
2026-02-09T09:55:07Z,2025-09-28,18,R2,10.3186
2026-02-09T09:55:07Z,2025-09-28,26,R2,16.3225
2026-02-09T09:55:07Z,2025-09-28,47,R2,7.6749
2026-02-09T09:55:07Z,2025-09-28,46,R2,7.6299
2026-02-09T09:55:07Z,2025-09-28,45,R2,7.734
2026-02-09T09:55:07Z,2025-09-28,44,R2,8.2887
2026-02-09T09:55:07Z,2025-09-28,43,R2,7.9504
2026-02-09T09:55:07Z,2025-09-28,42,R2,7.8337
2026-02-09T09:55:07Z,2025-09-28,41,R2,8.0744
2026-02-09T09:55:07Z,2025-09-28,40,R2,8.2653
2026-02-09T09:55:07Z,2025-09-28,39,R2,8.4142
2026-02-09T09:55:07Z,2025-09-28,38,R2,8.3349
2026-02-09T09:55:07Z,2025-09-28,37,R2,8.7173
2026-02-09T09:55:07Z,2025-09-28,25,R2,16.388
2026-02-09T09:55:07Z,2025-09-28,35,R2,10.9766
2026-02-09T09:55:07Z,2025-09-28,34,R2,12.5039
2026-02-09T09:55:07Z,2025-09-28,33,R2,12.9895
2026-02-09T09:55:07Z,2025-09-28,32,R2,14.0982
2026-02-09T09:55:07Z,2025-09-28,31,R2,15.718
2026-02-09T09:55:07Z,2025-09-28,48,R2,7.6309
2026-02-09T09:55:07Z,2025-09-28,30,R2,15.8281
2026-02-09T09:55:07Z,2025-09-28,29,R2,16.5085
2026-02-09T09:55:07Z,2025-09-28,28,R2,16.7926
2026-02-09T09:55:07Z,2025-09-28,27,R2,16.8276
2026-02-09T09:55:07Z,2025-09-28,36,R2,10.0746
2026-02-09T09:55:07Z,2025-09-29,15,R2,5.5243
2026-02-09T09:55:07Z,2025-09-29,16,R2,6.516
2026-02-09T09:55:07Z,2025-09-29,17,R2,7.0979
2026-02-09T09:55:07Z,2025-09-29,22,R2,9.763
2026-02-09T09:55:07Z,2025-09-29,19,R2,8.3022
2026-02-09T09:55:07Z,2025-09-29,20,R2,8.7619
2026-02-09T09:55:07Z,2025-09-29,21,R2,9.3418
2026-02-09T09:55:07Z,2025-09-29,14,R2,5.0618
2026-02-09T09:55:07Z,2025-09-29,18,R2,7.6654
2026-02-09T09:55:07Z,2025-09-29,13,R2,4.4121
2026-02-09T09:55:07Z,2025-09-29,7,R2,2.9687
2026-02-09T09:55:07Z,2025-09-29,11,R2,3.1998
2026-02-09T09:55:07Z,2025-09-29,10,R2,3.0309
2026-02-09T09:55:07Z,2025-09-29,9,R2,2.9727
2026-02-09T09:55:07Z,2025-09-29,8,R2,2.977
2026-02-09T09:55:07Z,2025-09-29,6,R2,2.9
2026-02-09T09:55:07Z,2025-09-29,5,R2,2.9003
2026-02-09T09:55:07Z,2025-09-29,4,R2,3.1715
2026-02-09T09:55:07Z,2025-09-29,3,R2,3.3661
2026-02-09T09:55:07Z,2025-09-29,2,R2,3.8045
2026-02-09T09:55:07Z,2025-09-29,23,R2,9.6993
2026-02-09T09:55:07Z,2025-09-29,12,R2,3.6245
2026-02-09T09:55:07Z,2025-09-29,1,R2,4.0922
2026-02-09T09:55:07Z,2025-09-29,24,R2,9.3723
2026-02-09T09:55:07Z,2025-09-29,26,R2,9.1909
2026-02-09T09:55:07Z,2025-09-29,25,R2,9.2754
2026-02-09T09:55:07Z,2025-09-29,48,R2,3.2888
2026-02-09T09:55:07Z,2025-09-29,47,R2,3.5886
2026-02-09T09:55:07Z,2025-09-29,46,R2,3.4508
2026-02-09T09:55:07Z,2025-09-29,45,R2,3.4369
2026-02-09T09:55:07Z,2025-09-29,44,R2,3.4996
2026-02-09T09:55:07Z,2025-09-29,43,R2,3.5223
2026-02-09T09:55:07Z,2025-09-29,41,R2,3.4115
2026-02-09T09:55:07Z,2025-09-29,40,R2,3.2652
2026-02-09T09:55:07Z,2025-09-29,39,R2,3.2949
2026-02-09T09:55:07Z,2025-09-29,38,R2,4.1921
2026-02-09T09:55:07Z,2025-09-29,42,R2,3.4925
2026-02-09T09:55:07Z,2025-09-29,36,R2,5.8553
2026-02-09T09:55:07Z,2025-09-29,37,R2,5.0632
2026-02-09T09:55:07Z,2025-09-29,28,R2,8.7892
2026-02-09T09:55:07Z,2025-09-29,29,R2,7.9547
2026-02-09T09:55:07Z,2025-09-29,30,R2,7.4111
2026-02-09T09:55:07Z,2025-09-29,31,R2,7.1926
2026-02-09T09:55:07Z,2025-09-29,27,R2,8.4897
2026-02-09T09:55:07Z,2025-09-29,33,R2,6.7941
2026-02-09T09:55:07Z,2025-09-29,34,R2,6.4669
2026-02-09T09:55:07Z,2025-09-29,35,R2,6.3024
2026-02-09T09:55:07Z,2025-09-29,32,R2,6.9419
2026-02-09T09:55:07Z,2025-09-30,13,R2,9.3439
2026-02-09T09:55:07Z,2025-09-30,21,R2,15.3813
2026-02-09T09:55:07Z,2025-09-30,20,R2,13.9347
2026-02-09T09:55:07Z,2025-09-30,19,R2,12.7258
2026-02-09T09:55:07Z,2025-09-30,18,R2,11.4085
2026-02-09T09:55:07Z,2025-09-30,17,R2,10.9731
2026-02-09T09:55:07Z,2025-09-30,16,R2,10.5636
2026-02-09T09:55:07Z,2025-09-30,15,R2,9.7985
2026-02-09T09:55:07Z,2025-09-30,14,R2,9.9587
2026-02-09T09:55:07Z,2025-09-30,12,R2,8.8245
2026-02-09T09:55:07Z,2025-09-30,22,R2,16.2437
2026-02-09T09:55:07Z,2025-09-30,10,R2,8.546
2026-02-09T09:55:07Z,2025-09-30,9,R2,8.4054
2026-02-09T09:55:07Z,2025-09-30,8,R2,8.3293
2026-02-09T09:55:07Z,2025-09-30,7,R2,8.5815
2026-02-09T09:55:07Z,2025-09-30,6,R2,8.8784
2026-02-09T09:55:07Z,2025-09-30,5,R2,8.9773
2026-02-09T09:55:07Z,2025-09-30,4,R2,9.0324
2026-02-09T09:55:07Z,2025-09-30,3,R2,9.0611
2026-02-09T09:55:07Z,2025-09-30,2,R2,8.8862
2026-02-09T09:55:07Z,2025-09-30,1,R2,8.9594
2026-02-09T09:55:07Z,2025-09-30,11,R2,8.5589
2026-02-09T09:55:07Z,2025-09-30,23,R2,16.9364
2026-02-09T09:55:07Z,2025-09-30,43,R2,11.582
2026-02-09T09:55:07Z,2025-09-30,25,R2,18.2073
2026-02-09T09:55:07Z,2025-09-30,47,R2,10.1387
2026-02-09T09:55:07Z,2025-09-30,46,R2,12.1935
2026-02-09T09:55:07Z,2025-09-30,45,R2,11.7024
2026-02-09T09:55:07Z,2025-09-30,44,R2,11.6136
2026-02-09T09:55:07Z,2025-09-30,48,R2,10.0553
2026-02-09T09:55:07Z,2025-09-30,42,R2,11.0128
2026-02-09T09:55:07Z,2025-09-30,41,R2,11.1247
2026-02-09T09:55:07Z,2025-09-30,40,R2,11.1739
2026-02-09T09:55:07Z,2025-09-30,39,R2,10.8605
2026-02-09T09:55:07Z,2025-09-30,38,R2,11.1313
2026-02-09T09:55:07Z,2025-09-30,37,R2,11.4967
2026-02-09T09:55:07Z,2025-09-30,24,R2,17.2488
2026-02-09T09:55:07Z,2025-09-30,35,R2,14.27
2026-02-09T09:55:07Z,2025-09-30,34,R2,14.0351
2026-02-09T09:55:07Z,2025-09-30,33,R2,15.0668
2026-02-09T09:55:07Z,2025-09-30,32,R2,14.6173
2026-02-09T09:55:07Z,2025-09-30,31,R2,15.2365
2026-02-09T09:55:07Z,2025-09-30,30,R2,16.4622
2026-02-09T09:55:07Z,2025-09-30,29,R2,16.5299
2026-02-09T09:55:07Z,2025-09-30,28,R2,16.9804
2026-02-09T09:55:07Z,2025-09-30,27,R2,17.6602
2026-02-09T09:55:07Z,2025-09-30,26,R2,17.5093
2026-02-09T09:55:07Z,2025-09-30,36,R2,13.0603
2026-02-09T09:55:07Z,2025-10-01,15,R2,9.9765
2026-02-09T09:55:07Z,2025-10-01,16,R2,10.5223
2026-02-09T09:55:07Z,2025-10-01,17,R2,10.2182
2026-02-09T09:55:07Z,2025-10-01,22,R2,11.0799
2026-02-09T09:55:07Z,2025-10-01,19,R2,10.3264
2026-02-09T09:55:07Z,2025-10-01,20,R2,10.4702
2026-02-09T09:55:07Z,2025-10-01,21,R2,10.7372
2026-02-09T09:55:07Z,2025-10-01,14,R2,9.119
2026-02-09T09:55:07Z,2025-10-01,18,R2,10.4999
2026-02-09T09:55:07Z,2025-10-01,13,R2,8.2879
2026-02-09T09:55:07Z,2025-10-01,7,R2,5.981
2026-02-09T09:55:07Z,2025-10-01,11,R2,6.2623
2026-02-09T09:55:07Z,2025-10-01,10,R2,6.2894
2026-02-09T09:55:07Z,2025-10-01,9,R2,6.2503
2026-02-09T09:55:07Z,2025-10-01,8,R2,5.9977
2026-02-09T09:55:07Z,2025-10-01,6,R2,6.0707
2026-02-09T09:55:07Z,2025-10-01,5,R2,5.9991
2026-02-09T09:55:07Z,2025-10-01,4,R2,5.9417
2026-02-09T09:55:07Z,2025-10-01,3,R2,6.1663
2026-02-09T09:55:07Z,2025-10-01,2,R2,6.1865
2026-02-09T09:55:07Z,2025-10-01,23,R2,11.6516
2026-02-09T09:55:07Z,2025-10-01,12,R2,6.7827
2026-02-09T09:55:07Z,2025-10-01,24,R2,12.6506
2026-02-09T09:55:07Z,2025-10-01,1,R2,5.955
2026-02-09T09:55:07Z,2025-10-01,26,R2,14.1701
2026-02-09T09:55:07Z,2025-10-01,48,R2,5.9258
2026-02-09T09:55:07Z,2025-10-01,47,R2,9.2354
2026-02-09T09:55:07Z,2025-10-01,46,R2,6.0326
2026-02-09T09:55:07Z,2025-10-01,45,R2,6.3867
2026-02-09T09:55:07Z,2025-10-01,44,R2,6.3135
2026-02-09T09:55:07Z,2025-10-01,43,R2,6.4846
2026-02-09T09:55:07Z,2025-10-01,42,R2,6.3239
2026-02-09T09:55:07Z,2025-10-01,41,R2,6.6795
2026-02-09T09:55:07Z,2025-10-01,40,R2,7.0415
2026-02-09T09:55:07Z,2025-10-01,39,R2,7.4317
2026-02-09T09:55:07Z,2025-10-01,38,R2,7.7769
2026-02-09T09:55:07Z,2025-10-01,25,R2,13.4946
2026-02-09T09:55:07Z,2025-10-01,36,R2,8.5822
2026-02-09T09:55:07Z,2025-10-01,35,R2,9.428
2026-02-09T09:55:07Z,2025-10-01,34,R2,10.286
2026-02-09T09:55:07Z,2025-10-01,33,R2,11.5698
2026-02-09T09:55:07Z,2025-10-01,32,R2,11.8631
2026-02-09T09:55:07Z,2025-10-01,31,R2,11.8949
2026-02-09T09:55:07Z,2025-10-01,30,R2,12.2766
2026-02-09T09:55:07Z,2025-10-01,29,R2,13.4171
2026-02-09T09:55:07Z,2025-10-01,28,R2,13.1317
2026-02-09T09:55:07Z,2025-10-01,27,R2,12.7854
2026-02-09T09:55:07Z,2025-10-01,37,R2,8.0528
2026-02-09T09:55:07Z,2025-10-02,15,R2,9.1342
2026-02-09T09:55:07Z,2025-10-02,16,R2,9.3078
2026-02-09T09:55:07Z,2025-10-02,17,R2,10.0884
2026-02-09T09:55:07Z,2025-10-02,22,R2,11.5768
2026-02-09T09:55:07Z,2025-10-02,19,R2,10.7298
2026-02-09T09:55:07Z,2025-10-02,20,R2,10.9798
2026-02-09T09:55:07Z,2025-10-02,21,R2,11.6273
2026-02-09T09:55:07Z,2025-10-02,14,R2,8.8849
2026-02-09T09:55:07Z,2025-10-02,18,R2,10.8736
2026-02-09T09:55:07Z,2025-10-02,13,R2,8.7957
2026-02-09T09:55:07Z,2025-10-02,7,R2,7.3693
2026-02-09T09:55:07Z,2025-10-02,11,R2,7.7642
2026-02-09T09:55:07Z,2025-10-02,10,R2,7.4808
2026-02-09T09:55:07Z,2025-10-02,9,R2,7.477
2026-02-09T09:55:07Z,2025-10-02,8,R2,7.339
2026-02-09T09:55:07Z,2025-10-02,6,R2,7.723
2026-02-09T09:55:07Z,2025-10-02,5,R2,7.104
2026-02-09T09:55:07Z,2025-10-02,4,R2,6.835
2026-02-09T09:55:07Z,2025-10-02,3,R2,6.7496
2026-02-09T09:55:07Z,2025-10-02,2,R2,7.1542
2026-02-09T09:55:07Z,2025-10-02,23,R2,12.127
2026-02-09T09:55:07Z,2025-10-02,12,R2,7.8774
2026-02-09T09:55:07Z,2025-10-02,1,R2,6.9218
2026-02-09T09:55:07Z,2025-10-02,25,R2,13.8012
2026-02-09T09:55:07Z,2025-10-02,26,R2,14.4182
2026-02-09T09:55:07Z,2025-10-02,24,R2,13.0303
2026-02-09T09:55:07Z,2025-10-02,47,R2,19.2629
2026-02-09T09:55:07Z,2025-10-02,46,R2,12.8792
2026-02-09T09:55:07Z,2025-10-02,45,R2,12.9765
2026-02-09T09:55:07Z,2025-10-02,44,R2,13.538
2026-02-09T09:55:07Z,2025-10-02,43,R2,13.3716
2026-02-09T09:55:07Z,2025-10-02,42,R2,13.7854
2026-02-09T09:55:07Z,2025-10-02,41,R2,14.1232
2026-02-09T09:55:07Z,2025-10-02,40,R2,13.6429
2026-02-09T09:55:07Z,2025-10-02,39,R2,13.8523
2026-02-09T09:55:07Z,2025-10-02,38,R2,13.7196
2026-02-09T09:55:07Z,2025-10-02,48,R2,13.316
2026-02-09T09:55:07Z,2025-10-02,36,R2,14.4017
2026-02-09T09:55:07Z,2025-10-02,35,R2,14.0982
2026-02-09T09:55:07Z,2025-10-02,34,R2,14.533
2026-02-09T09:55:07Z,2025-10-02,33,R2,15.0922
2026-02-09T09:55:07Z,2025-10-02,32,R2,14.8894
2026-02-09T09:55:07Z,2025-10-02,31,R2,14.9068
2026-02-09T09:55:07Z,2025-10-02,30,R2,15.5525
2026-02-09T09:55:07Z,2025-10-02,29,R2,15.1276
2026-02-09T09:55:07Z,2025-10-02,28,R2,15.7837
2026-02-09T09:55:07Z,2025-10-02,27,R2,14.9534
2026-02-09T09:55:07Z,2025-10-02,37,R2,13.9879
2026-02-09T09:55:07Z,2025-10-03,15,R2,15.0738
2026-02-09T09:55:07Z,2025-10-03,16,R2,14.0702
2026-02-09T09:55:07Z,2025-10-03,17,R2,14.1042
2026-02-09T09:55:07Z,2025-10-03,22,R2,20.3524
2026-02-09T09:55:07Z,2025-10-03,19,R2,14.4028
2026-02-09T09:55:07Z,2025-10-03,20,R2,15.6145
2026-02-09T09:55:07Z,2025-10-03,21,R2,17.9335
2026-02-09T09:55:07Z,2025-10-03,14,R2,15.7689
2026-02-09T09:55:07Z,2025-10-03,18,R2,14.1914
2026-02-09T09:55:07Z,2025-10-03,13,R2,16.0932
2026-02-09T09:55:07Z,2025-10-03,8,R2,19.2008
2026-02-09T09:55:07Z,2025-10-03,11,R2,18.0283
2026-02-09T09:55:07Z,2025-10-03,10,R2,18.4776
2026-02-09T09:55:07Z,2025-10-03,9,R2,18.8943
2026-02-09T09:55:07Z,2025-10-03,7,R2,19.3501
2026-02-09T09:55:07Z,2025-10-03,6,R2,20.4869
2026-02-09T09:55:07Z,2025-10-03,23,R2,20.0891
2026-02-09T09:55:07Z,2025-10-03,4,R2,22.0023
2026-02-09T09:55:07Z,2025-10-03,3,R2,22.1041
2026-02-09T09:55:07Z,2025-10-03,2,R2,22.5727
2026-02-09T09:55:07Z,2025-10-03,1,R2,21.9126
2026-02-09T09:55:07Z,2025-10-03,24,R2,20.6134
2026-02-09T09:55:07Z,2025-10-03,5,R2,21.3923
2026-02-09T09:55:07Z,2025-10-03,26,R2,24.9885
2026-02-09T09:55:07Z,2025-10-03,25,R2,22.4272
2026-02-09T09:55:07Z,2025-10-03,48,R2,28.4628
2026-02-09T09:55:07Z,2025-10-03,47,R2,26.1398
2026-02-09T09:55:07Z,2025-10-03,46,R2,23.197
2026-02-09T09:55:07Z,2025-10-03,45,R2,23.387
2026-02-09T09:55:07Z,2025-10-03,44,R2,23.8591
2026-02-09T09:55:07Z,2025-10-03,43,R2,23.1612
2026-02-09T09:55:07Z,2025-10-03,42,R2,23.5941
2026-02-09T09:55:07Z,2025-10-03,41,R2,22.8182
2026-02-09T09:55:07Z,2025-10-03,40,R2,23.4941
2026-02-09T09:55:07Z,2025-10-03,39,R2,24.2525
2026-02-09T09:55:07Z,2025-10-03,12,R2,16.5765
2026-02-09T09:55:07Z,2025-10-03,37,R2,24.3928
2026-02-09T09:55:07Z,2025-10-03,27,R2,25.8061
2026-02-09T09:55:07Z,2025-10-03,28,R2,24.9927
2026-02-09T09:55:07Z,2025-10-03,29,R2,25.0436
2026-02-09T09:55:07Z,2025-10-03,30,R2,25.7485
2026-02-09T09:55:07Z,2025-10-03,31,R2,26.3501
2026-02-09T09:55:07Z,2025-10-03,38,R2,24.483
2026-02-09T09:55:07Z,2025-10-03,33,R2,26.0803
2026-02-09T09:55:07Z,2025-10-03,34,R2,26.0789
2026-02-09T09:55:07Z,2025-10-03,35,R2,25.3446
2026-02-09T09:55:07Z,2025-10-03,36,R2,24.786
2026-02-09T09:55:07Z,2025-10-03,32,R2,26.4352
2026-02-09T09:55:07Z,2025-10-04,13,R2,11.7321
2026-02-09T09:55:07Z,2025-10-04,22,R2,18.5811
2026-02-09T09:55:07Z,2025-10-04,21,R2,18.9237
2026-02-09T09:55:07Z,2025-10-04,20,R2,18.2433
2026-02-09T09:55:07Z,2025-10-04,19,R2,17.665
2026-02-09T09:55:07Z,2025-10-04,17,R2,14.7621
2026-02-09T09:55:07Z,2025-10-04,16,R2,13.8277
2026-02-09T09:55:07Z,2025-10-04,15,R2,12.7587
2026-02-09T09:55:07Z,2025-10-04,14,R2,12.0609
2026-02-09T09:55:07Z,2025-10-04,12,R2,11.692
2026-02-09T09:55:07Z,2025-10-04,6,R2,12.1414
2026-02-09T09:55:07Z,2025-10-04,10,R2,11.6145
2026-02-09T09:55:07Z,2025-10-04,9,R2,12.2164
2026-02-09T09:55:07Z,2025-10-04,8,R2,12.1844
2026-02-09T09:55:07Z,2025-10-04,7,R2,12.1558
2026-02-09T09:55:07Z,2025-10-04,23,R2,15.7163
2026-02-09T09:55:07Z,2025-10-04,5,R2,12.3693
2026-02-09T09:55:07Z,2025-10-04,4,R2,11.9599
2026-02-09T09:55:07Z,2025-10-04,3,R2,12.431
2026-02-09T09:55:07Z,2025-10-04,2,R2,12.1846
2026-02-09T09:55:07Z,2025-10-04,1,R2,13.0044
2026-02-09T09:55:07Z,2025-10-04,11,R2,11.6164
2026-02-09T09:55:07Z,2025-10-04,24,R2,16.1334
2026-02-09T09:55:07Z,2025-10-04,18,R2,16.592
2026-02-09T09:55:07Z,2025-10-04,26,R2,14.6806
2026-02-09T09:55:07Z,2025-10-04,25,R2,14.9304
2026-02-09T09:55:07Z,2025-10-04,47,R2,18.3886
2026-02-09T09:55:07Z,2025-10-04,46,R2,12.7174
2026-02-09T09:55:07Z,2025-10-04,45,R2,13.393
2026-02-09T09:55:07Z,2025-10-04,44,R2,13.6419
2026-02-09T09:55:07Z,2025-10-04,43,R2,13.4956
2026-02-09T09:55:07Z,2025-10-04,42,R2,13.7423
2026-02-09T09:55:07Z,2025-10-04,41,R2,14.2962
2026-02-09T09:55:07Z,2025-10-04,40,R2,13.7358
2026-02-09T09:55:07Z,2025-10-04,39,R2,13.9148
2026-02-09T09:55:07Z,2025-10-04,38,R2,14.1672
2026-02-09T09:55:07Z,2025-10-04,48,R2,12.4227
2026-02-09T09:55:07Z,2025-10-04,36,R2,15.0096
2026-02-09T09:55:07Z,2025-10-04,37,R2,14.5913
2026-02-09T09:55:07Z,2025-10-04,28,R2,15.8417
2026-02-09T09:55:07Z,2025-10-04,29,R2,15.4144
2026-02-09T09:55:07Z,2025-10-04,30,R2,17.4104
2026-02-09T09:55:07Z,2025-10-04,27,R2,15.3653
2026-02-09T09:55:07Z,2025-10-04,32,R2,16.8559
2026-02-09T09:55:07Z,2025-10-04,33,R2,17.9941
2026-02-09T09:55:07Z,2025-10-04,34,R2,17.0117
2026-02-09T09:55:07Z,2025-10-04,35,R2,16.5055
2026-02-09T09:55:07Z,2025-10-04,31,R2,16.3901
2026-02-09T09:55:07Z,2025-10-05,22,R2,29.4
2026-02-09T09:55:07Z,2025-10-05,13,R2,20.2933
2026-02-09T09:55:07Z,2025-10-05,21,R2,28.9114
2026-02-09T09:55:07Z,2025-10-05,20,R2,27.4384
2026-02-09T09:55:07Z,2025-10-05,19,R2,26.7057
2026-02-09T09:55:07Z,2025-10-05,17,R2,23.0368
2026-02-09T09:55:07Z,2025-10-05,16,R2,22.0931
2026-02-09T09:55:07Z,2025-10-05,15,R2,21.0586
2026-02-09T09:55:07Z,2025-10-05,14,R2,20.5516
2026-02-09T09:55:07Z,2025-10-05,12,R2,20.0689
2026-02-09T09:55:07Z,2025-10-05,6,R2,20.8044
2026-02-09T09:55:07Z,2025-10-05,10,R2,20.2878
2026-02-09T09:55:07Z,2025-10-05,9,R2,20.2578
2026-02-09T09:55:07Z,2025-10-05,8,R2,21.0069
2026-02-09T09:55:07Z,2025-10-05,7,R2,20.7536
2026-02-09T09:55:07Z,2025-10-05,5,R2,21.0887
2026-02-09T09:55:07Z,2025-10-05,4,R2,21.1432
2026-02-09T09:55:07Z,2025-10-05,3,R2,21.4236
2026-02-09T09:55:07Z,2025-10-05,2,R2,20.9675
2026-02-09T09:55:07Z,2025-10-05,1,R2,20.5102
2026-02-09T09:55:07Z,2025-10-05,23,R2,27.9815
2026-02-09T09:55:07Z,2025-10-05,11,R2,19.8089
2026-02-09T09:55:07Z,2025-10-05,24,R2,28.1764
2026-02-09T09:55:07Z,2025-10-05,18,R2,24.684
2026-02-09T09:55:07Z,2025-10-05,26,R2,28.785
2026-02-09T09:55:07Z,2025-10-05,47,R2,14.1832
2026-02-09T09:55:07Z,2025-10-05,46,R2,14.1025
2026-02-09T09:55:07Z,2025-10-05,45,R2,14.5821
2026-02-09T09:55:07Z,2025-10-05,44,R2,15.0275
2026-02-09T09:55:07Z,2025-10-05,43,R2,16.3407
2026-02-09T09:55:07Z,2025-10-05,42,R2,16.5837
2026-02-09T09:55:07Z,2025-10-05,41,R2,16.9191
2026-02-09T09:55:07Z,2025-10-05,40,R2,16.7812
2026-02-09T09:55:07Z,2025-10-05,39,R2,17.2854
2026-02-09T09:55:07Z,2025-10-05,38,R2,17.2767
2026-02-09T09:55:07Z,2025-10-05,37,R2,17.9718
2026-02-09T09:55:07Z,2025-10-05,25,R2,28.2516
2026-02-09T09:55:07Z,2025-10-05,35,R2,21.7581
2026-02-09T09:55:07Z,2025-10-05,34,R2,22.5001
2026-02-09T09:55:07Z,2025-10-05,33,R2,23.3243
2026-02-09T09:55:07Z,2025-10-05,32,R2,23.4345
2026-02-09T09:55:07Z,2025-10-05,31,R2,24.1084
2026-02-09T09:55:07Z,2025-10-05,48,R2,17.068
2026-02-09T09:55:07Z,2025-10-05,30,R2,25.8263
2026-02-09T09:55:07Z,2025-10-05,29,R2,26.1055
2026-02-09T09:55:07Z,2025-10-05,28,R2,26.5643
2026-02-09T09:55:07Z,2025-10-05,27,R2,27.9666
2026-02-09T09:55:07Z,2025-10-05,36,R2,19.7258
2026-02-09T09:55:07Z,2025-10-06,15,R2,6.0641
2026-02-09T09:55:07Z,2025-10-06,16,R2,6.9577
2026-02-09T09:55:07Z,2025-10-06,17,R2,8.1034
2026-02-09T09:55:07Z,2025-10-06,22,R2,11.853
2026-02-09T09:55:07Z,2025-10-06,19,R2,9.4115
2026-02-09T09:55:07Z,2025-10-06,20,R2,9.9273
2026-02-09T09:55:07Z,2025-10-06,21,R2,11.2208
2026-02-09T09:55:07Z,2025-10-06,14,R2,5.7966
2026-02-09T09:55:07Z,2025-10-06,18,R2,9.3137
2026-02-09T09:55:07Z,2025-10-06,13,R2,5.6108
2026-02-09T09:55:07Z,2025-10-06,7,R2,4.5193
2026-02-09T09:55:07Z,2025-10-06,11,R2,4.763
2026-02-09T09:55:07Z,2025-10-06,10,R2,4.6364
2026-02-09T09:55:07Z,2025-10-06,9,R2,4.3743
2026-02-09T09:55:07Z,2025-10-06,8,R2,4.4221
2026-02-09T09:55:07Z,2025-10-06,6,R2,4.5899
2026-02-09T09:55:07Z,2025-10-06,5,R2,4.7984
2026-02-09T09:55:07Z,2025-10-06,4,R2,4.4585
2026-02-09T09:55:07Z,2025-10-06,3,R2,4.4986
2026-02-09T09:55:07Z,2025-10-06,2,R2,4.6259
2026-02-09T09:55:07Z,2025-10-06,23,R2,11.1625
2026-02-09T09:55:07Z,2025-10-06,12,R2,5.2399
2026-02-09T09:55:07Z,2025-10-06,1,R2,4.3492
2026-02-09T09:55:07Z,2025-10-06,24,R2,11.0599
2026-02-09T09:55:07Z,2025-10-06,26,R2,12.2993
2026-02-09T09:55:07Z,2025-10-06,25,R2,11.3396
2026-02-09T09:55:07Z,2025-10-06,48,R2,4.0633
2026-02-09T09:55:07Z,2025-10-06,47,R2,4.5696
2026-02-09T09:55:07Z,2025-10-06,46,R2,4.3349
2026-02-09T09:55:07Z,2025-10-06,45,R2,3.9657
2026-02-09T09:55:07Z,2025-10-06,44,R2,4.1047
2026-02-09T09:55:07Z,2025-10-06,43,R2,4.3362
2026-02-09T09:55:07Z,2025-10-06,41,R2,4.7213
2026-02-09T09:55:07Z,2025-10-06,40,R2,4.931
2026-02-09T09:55:07Z,2025-10-06,39,R2,4.8049
2026-02-09T09:55:07Z,2025-10-06,38,R2,5.9443
2026-02-09T09:55:07Z,2025-10-06,42,R2,4.4782
2026-02-09T09:55:07Z,2025-10-06,36,R2,6.8978
2026-02-09T09:55:07Z,2025-10-06,37,R2,6.1519
2026-02-09T09:55:07Z,2025-10-06,28,R2,12.7037
2026-02-09T09:55:07Z,2025-10-06,29,R2,12.2368
2026-02-09T09:55:07Z,2025-10-06,30,R2,11.8264
2026-02-09T09:55:07Z,2025-10-06,31,R2,11.0133
2026-02-09T09:55:07Z,2025-10-06,27,R2,12.6795
2026-02-09T09:55:07Z,2025-10-06,33,R2,9.0621
2026-02-09T09:55:07Z,2025-10-06,34,R2,8.2402
2026-02-09T09:55:07Z,2025-10-06,35,R2,7.8647
2026-02-09T09:55:07Z,2025-10-06,32,R2,9.4647
2026-02-09T09:55:07Z,2025-10-07,14,R2,11.34
2026-02-09T09:55:07Z,2025-10-07,21,R2,12.4087
2026-02-09T09:55:07Z,2025-10-07,20,R2,11.7124
2026-02-09T09:55:07Z,2025-10-07,1,R2,9.9499
2026-02-09T09:55:07Z,2025-10-07,19,R2,10.3827
2026-02-09T09:55:07Z,2025-10-07,18,R2,10.9635
2026-02-09T09:55:07Z,2025-10-07,17,R2,10.447
2026-02-09T09:55:07Z,2025-10-07,16,R2,10.4464
2026-02-09T09:55:07Z,2025-10-07,15,R2,10.6317
2026-02-09T09:55:07Z,2025-10-07,22,R2,12.8254
2026-02-09T09:55:07Z,2025-10-07,2,R2,10.4826
2026-02-09T09:55:07Z,2025-10-07,12,R2,10.5841
2026-02-09T09:55:07Z,2025-10-07,11,R2,9.9908
2026-02-09T09:55:07Z,2025-10-07,10,R2,9.5691
2026-02-09T09:55:07Z,2025-10-07,9,R2,9.0813
2026-02-09T09:55:07Z,2025-10-07,8,R2,8.8215
2026-02-09T09:55:07Z,2025-10-07,7,R2,8.4422
2026-02-09T09:55:07Z,2025-10-07,6,R2,9.0824
2026-02-09T09:55:07Z,2025-10-07,5,R2,9.454
2026-02-09T09:55:07Z,2025-10-07,4,R2,9.8546
2026-02-09T09:55:07Z,2025-10-07,3,R2,10.5834
2026-02-09T09:55:07Z,2025-10-07,13,R2,11.4519
2026-02-09T09:55:07Z,2025-10-07,23,R2,13.0106
2026-02-09T09:55:07Z,2025-10-07,29,R2,11.9316
2026-02-09T09:55:07Z,2025-10-07,25,R2,12.8259
2026-02-09T09:55:07Z,2025-10-07,24,R2,12.8199
2026-02-09T09:55:07Z,2025-10-07,48,R2,7.0545
2026-02-09T09:55:07Z,2025-10-07,47,R2,7.1187
2026-02-09T09:55:07Z,2025-10-07,46,R2,6.9897
2026-02-09T09:55:07Z,2025-10-07,45,R2,7.3247
2026-02-09T09:55:07Z,2025-10-07,44,R2,7.2849
2026-02-09T09:55:07Z,2025-10-07,43,R2,7.383
2026-02-09T09:55:07Z,2025-10-07,42,R2,7.1729
2026-02-09T09:55:07Z,2025-10-07,41,R2,6.4856
2026-02-09T09:55:07Z,2025-10-07,40,R2,6.5837
2026-02-09T09:55:07Z,2025-10-07,39,R2,6.8571
2026-02-09T09:55:07Z,2025-10-07,36,R2,8.008
2026-02-09T09:55:07Z,2025-10-07,37,R2,7.3064
2026-02-09T09:55:07Z,2025-10-07,38,R2,6.9923
2026-02-09T09:55:07Z,2025-10-07,27,R2,13.0243
2026-02-09T09:55:07Z,2025-10-07,28,R2,11.8669
2026-02-09T09:55:07Z,2025-10-07,30,R2,11.8656
2026-02-09T09:55:07Z,2025-10-07,26,R2,13.3012
2026-02-09T09:55:07Z,2025-10-07,32,R2,10.7033
2026-02-09T09:55:07Z,2025-10-07,33,R2,9.8393
2026-02-09T09:55:07Z,2025-10-07,34,R2,10.2544
2026-02-09T09:55:07Z,2025-10-07,35,R2,8.6855
2026-02-09T09:55:07Z,2025-10-07,31,R2,11.0143
2026-03-09T09:55:13Z,2025-10-08,13,R2,10.4594
2026-03-09T09:55:13Z,2025-10-08,22,R2,14.6876
2026-03-09T09:55:13Z,2025-10-08,21,R2,14.3436
2026-03-09T09:55:13Z,2025-10-08,20,R2,13.9889
2026-03-09T09:55:13Z,2025-10-08,19,R2,13.109
2026-03-09T09:55:13Z,2025-10-08,17,R2,12.2773
2026-03-09T09:55:13Z,2025-10-08,16,R2,12.3316
2026-03-09T09:55:13Z,2025-10-08,15,R2,11.4322
2026-03-09T09:55:13Z,2025-10-08,14,R2,11.361
2026-03-09T09:55:13Z,2025-10-08,12,R2,10.353
2026-03-09T09:55:13Z,2025-10-08,6,R2,10.7659
2026-03-09T09:55:13Z,2025-10-08,10,R2,10.4773
2026-03-09T09:55:13Z,2025-10-08,9,R2,10.1614
2026-03-09T09:55:13Z,2025-10-08,8,R2,10.3236
2026-03-09T09:55:13Z,2025-10-08,7,R2,10.7245
2026-03-09T09:55:13Z,2025-10-08,23,R2,16.145
2026-03-09T09:55:13Z,2025-10-08,5,R2,10.6328
2026-03-09T09:55:13Z,2025-10-08,4,R2,11.0733
2026-03-09T09:55:13Z,2025-10-08,3,R2,10.9657
2026-03-09T09:55:13Z,2025-10-08,2,R2,10.5726
2026-03-09T09:55:13Z,2025-10-08,1,R2,10.6412
2026-03-09T09:55:13Z,2025-10-08,11,R2,10.1535
2026-03-09T09:55:13Z,2025-10-08,24,R2,17.481
2026-03-09T09:55:13Z,2025-10-08,18,R2,12.4526
2026-03-09T09:55:13Z,2025-10-08,26,R2,17.3304
2026-03-09T09:55:13Z,2025-10-08,48,R2,14.387
2026-03-09T09:55:13Z,2025-10-08,25,R2,18.2445
2026-03-09T09:55:13Z,2025-10-08,47,R2,14.4706
2026-03-09T09:55:13Z,2025-10-08,46,R2,14.7812
2026-03-09T09:55:13Z,2025-10-08,45,R2,14.7604
2026-03-09T09:55:13Z,2025-10-08,44,R2,15.1907
2026-03-09T09:55:13Z,2025-10-08,43,R2,15.159
2026-03-09T09:55:13Z,2025-10-08,42,R2,14.6653
2026-03-09T09:55:13Z,2025-10-08,40,R2,14.3258
2026-03-09T09:55:13Z,2025-10-08,39,R2,14.6251
2026-03-09T09:55:13Z,2025-10-08,38,R2,14.5938
2026-03-09T09:55:13Z,2025-10-08,41,R2,14.4245
2026-03-09T09:55:13Z,2025-10-08,36,R2,13.9636
2026-03-09T09:55:13Z,2025-10-08,27,R2,17.6353
2026-03-09T09:55:13Z,2025-10-08,37,R2,14.1226
2026-03-09T09:55:13Z,2025-10-08,29,R2,20.336
2026-03-09T09:55:13Z,2025-10-08,30,R2,18.8212
2026-03-09T09:55:13Z,2025-10-08,31,R2,19.1475
2026-03-09T09:55:13Z,2025-10-08,28,R2,18.3819
2026-03-09T09:55:13Z,2025-10-08,33,R2,17.9285
2026-03-09T09:55:13Z,2025-10-08,34,R2,16.2379
2026-03-09T09:55:13Z,2025-10-08,35,R2,14.9247
2026-03-09T09:55:13Z,2025-10-08,32,R2,18.5482
2026-03-09T09:55:13Z,2025-10-09,21,R2,15.598
2026-03-09T09:55:13Z,2025-10-09,14,R2,11.3313
2026-03-09T09:55:13Z,2025-10-09,20,R2,14.8487
2026-03-09T09:55:13Z,2025-10-09,1,R2,10.9913
2026-03-09T09:55:13Z,2025-10-09,19,R2,13.5407
2026-03-09T09:55:13Z,2025-10-09,18,R2,12.8502
2026-03-09T09:55:13Z,2025-10-09,17,R2,12.331
2026-03-09T09:55:13Z,2025-10-09,16,R2,11.0996
2026-03-09T09:55:13Z,2025-10-09,15,R2,10.6721
2026-03-09T09:55:13Z,2025-10-09,13,R2,11.0018
2026-03-09T09:55:13Z,2025-10-09,2,R2,10.8609
2026-03-09T09:55:13Z,2025-10-09,11,R2,10.5014
2026-03-09T09:55:13Z,2025-10-09,10,R2,10.8416
2026-03-09T09:55:13Z,2025-10-09,9,R2,10.8944
2026-03-09T09:55:13Z,2025-10-09,8,R2,10.9423
2026-03-09T09:55:13Z,2025-10-09,7,R2,10.9167
2026-03-09T09:55:13Z,2025-10-09,6,R2,10.6314
2026-03-09T09:55:13Z,2025-10-09,5,R2,10.8185
2026-03-09T09:55:13Z,2025-10-09,4,R2,10.6261
2026-03-09T09:55:13Z,2025-10-09,3,R2,10.2976
2026-03-09T09:55:13Z,2025-10-09,22,R2,16.2584
2026-03-09T09:55:13Z,2025-10-09,12,R2,10.9308
2026-03-09T09:55:13Z,2025-10-09,23,R2,15.8181
2026-03-09T09:55:13Z,2025-10-09,29,R2,18.2915
2026-03-09T09:55:13Z,2025-10-09,25,R2,16.2462
2026-03-09T09:55:13Z,2025-10-09,24,R2,15.747
2026-03-09T09:55:13Z,2025-10-09,48,R2,9.9674
2026-03-09T09:55:13Z,2025-10-09,47,R2,10.0115
2026-03-09T09:55:13Z,2025-10-09,46,R2,10.0691
2026-03-09T09:55:13Z,2025-10-09,45,R2,10.1272
2026-03-09T09:55:13Z,2025-10-09,44,R2,10.3604
2026-03-09T09:55:13Z,2025-10-09,43,R2,10.487
2026-03-09T09:55:13Z,2025-10-09,42,R2,10.7586
2026-03-09T09:55:13Z,2025-10-09,41,R2,10.6588
2026-03-09T09:55:13Z,2025-10-09,40,R2,11.6512
2026-03-09T09:55:13Z,2025-10-09,39,R2,11.7493
2026-03-09T09:55:13Z,2025-10-09,35,R2,13.6526
2026-03-09T09:55:13Z,2025-10-09,37,R2,12.2858
2026-03-09T09:55:13Z,2025-10-09,36,R2,12.7764
2026-03-09T09:55:13Z,2025-10-09,34,R2,15.3895
2026-03-09T09:55:13Z,2025-10-09,33,R2,16.0107
2026-03-09T09:55:13Z,2025-10-09,32,R2,17.3544
2026-03-09T09:55:13Z,2025-10-09,31,R2,17.8477
2026-03-09T09:55:13Z,2025-10-09,30,R2,18.0585
2026-03-09T09:55:13Z,2025-10-09,28,R2,17.713
2026-03-09T09:55:13Z,2025-10-09,27,R2,17.0918
2026-03-09T09:55:13Z,2025-10-09,26,R2,16.9962
2026-03-09T09:55:13Z,2025-10-09,38,R2,11.5744
2026-03-09T09:55:13Z,2025-10-10,15,R2,7.5807
2026-03-09T09:55:13Z,2025-10-10,16,R2,7.9243
2026-03-09T09:55:13Z,2025-10-10,17,R2,8.1508
2026-03-09T09:55:13Z,2025-10-10,21,R2,11.1821
2026-03-09T09:55:13Z,2025-10-10,19,R2,10.461
2026-03-09T09:55:13Z,2025-10-10,20,R2,11.1175
2026-03-09T09:55:13Z,2025-10-10,14,R2,7.7769
2026-03-09T09:55:13Z,2025-10-10,18,R2,8.8223
2026-03-09T09:55:13Z,2025-10-10,13,R2,7.5932
2026-03-09T09:55:13Z,2025-10-10,8,R2,7.552
2026-03-09T09:55:13Z,2025-10-10,11,R2,7.5345
2026-03-09T09:55:13Z,2025-10-10,10,R2,7.4711
2026-03-09T09:55:13Z,2025-10-10,9,R2,7.1433
2026-03-09T09:55:13Z,2025-10-10,22,R2,9.9858
2026-03-09T09:55:13Z,2025-10-10,7,R2,8.1496
2026-03-09T09:55:13Z,2025-10-10,6,R2,8.1802
2026-03-09T09:55:13Z,2025-10-10,5,R2,7.9186
2026-03-09T09:55:13Z,2025-10-10,4,R2,7.8733
2026-03-09T09:55:13Z,2025-10-10,3,R2,8.1163
2026-03-09T09:55:13Z,2025-10-10,2,R2,7.9628
2026-03-09T09:55:13Z,2025-10-10,1,R2,8.1165
2026-03-09T09:55:13Z,2025-10-10,12,R2,7.6961
2026-03-09T09:55:13Z,2025-10-10,23,R2,9.7942
2026-03-09T09:55:13Z,2025-10-10,29,R2,10.8224
2026-03-09T09:55:13Z,2025-10-10,25,R2,11.0099
2026-03-09T09:55:13Z,2025-10-10,48,R2,4.0037
2026-03-09T09:55:13Z,2025-10-10,47,R2,4.0109
2026-03-09T09:55:13Z,2025-10-10,46,R2,7.3044
2026-03-09T09:55:13Z,2025-10-10,45,R2,6.9696
2026-03-09T09:55:13Z,2025-10-10,44,R2,7.1308
2026-03-09T09:55:13Z,2025-10-10,43,R2,7.7935
2026-03-09T09:55:13Z,2025-10-10,42,R2,7.9106
2026-03-09T09:55:13Z,2025-10-10,41,R2,7.609
2026-03-09T09:55:13Z,2025-10-10,40,R2,7.6732
2026-03-09T09:55:13Z,2025-10-10,24,R2,10.5975
2026-03-09T09:55:13Z,2025-10-10,39,R2,7.9528
2026-03-09T09:55:13Z,2025-10-10,37,R2,7.9208
2026-03-09T09:55:13Z,2025-10-10,36,R2,8.0823
2026-03-09T09:55:13Z,2025-10-10,34,R2,9.789
2026-03-09T09:55:13Z,2025-10-10,33,R2,10.9872
2026-03-09T09:55:13Z,2025-10-10,32,R2,11.9965
2026-03-09T09:55:13Z,2025-10-10,31,R2,11.9128
2026-03-09T09:55:13Z,2025-10-10,30,R2,10.8993
2026-03-09T09:55:13Z,2025-10-10,28,R2,11.0484
2026-03-09T09:55:13Z,2025-10-10,27,R2,10.7348
2026-03-09T09:55:13Z,2025-10-10,26,R2,10.8824
2026-03-09T09:55:13Z,2025-10-10,38,R2,7.8365
2026-03-09T09:55:13Z,2025-10-10,35,R2,8.9199
2026-03-09T09:55:13Z,2025-10-11,48,R2,6.6469
2026-03-09T09:55:13Z,2025-10-11,47,R2,6.5931
2026-03-09T09:55:13Z,2025-10-11,45,R2,6.3281
2026-03-09T09:55:13Z,2025-10-11,20,R2,9.1746
2026-03-09T09:55:13Z,2025-10-11,19,R2,8.723
2026-03-09T09:55:13Z,2025-10-11,18,R2,8.2334
2026-03-09T09:55:13Z,2025-10-11,17,R2,7.7367
2026-03-09T09:55:13Z,2025-10-11,16,R2,7.3599
2026-03-09T09:55:13Z,2025-10-11,15,R2,7.2823
2026-03-09T09:55:13Z,2025-10-11,14,R2,7.031
2026-03-09T09:55:13Z,2025-10-11,13,R2,5.5109
2026-03-09T09:55:13Z,2025-10-11,12,R2,6.0292
2026-03-09T09:55:13Z,2025-10-11,21,R2,9.1127
2026-03-09T09:55:13Z,2025-10-11,10,R2,5.9981
2026-03-09T09:55:13Z,2025-10-11,8,R2,6.1586
2026-03-09T09:55:13Z,2025-10-11,7,R2,6.1799
2026-03-09T09:55:13Z,2025-10-11,6,R2,6.1608
2026-03-09T09:55:13Z,2025-10-11,5,R2,6.1041
2026-03-09T09:55:13Z,2025-10-11,4,R2,6.3132
2026-03-09T09:55:13Z,2025-10-11,3,R2,6.9938
2026-03-09T09:55:13Z,2025-10-11,2,R2,7.1019
2026-03-09T09:55:13Z,2025-10-11,1,R2,6.7154
2026-03-09T09:55:13Z,2025-10-11,46,R2,6.3253
2026-03-09T09:55:13Z,2025-10-11,9,R2,6.2364
2026-03-09T09:55:13Z,2025-10-11,22,R2,9.0333
2026-03-09T09:55:13Z,2025-10-11,11,R2,5.9297
2026-03-09T09:55:13Z,2025-10-11,24,R2,8.7236
2026-03-09T09:55:13Z,2025-10-11,23,R2,8.7569
2026-03-09T09:55:13Z,2025-10-11,44,R2,6.669
2026-03-09T09:55:13Z,2025-10-11,43,R2,6.6518
2026-03-09T09:55:13Z,2025-10-11,42,R2,6.6487
2026-03-09T09:55:13Z,2025-10-11,41,R2,6.7273
2026-03-09T09:55:13Z,2025-10-11,40,R2,6.6892
2026-03-09T09:55:13Z,2025-10-11,39,R2,6.6971
2026-03-09T09:55:13Z,2025-10-11,37,R2,6.4614
2026-03-09T09:55:13Z,2025-10-11,36,R2,7.0646
2026-03-09T09:55:13Z,2025-10-11,35,R2,8.0463
2026-03-09T09:55:13Z,2025-10-11,38,R2,6.7193
2026-03-09T09:55:13Z,2025-10-11,26,R2,9.6268
2026-03-09T09:55:13Z,2025-10-11,33,R2,9.5698
2026-03-09T09:55:13Z,2025-10-11,32,R2,10.0441
2026-03-09T09:55:13Z,2025-10-11,31,R2,9.7418
2026-03-09T09:55:13Z,2025-10-11,30,R2,9.6528
2026-03-09T09:55:13Z,2025-10-11,29,R2,9.9643
2026-03-09T09:55:13Z,2025-10-11,28,R2,10.0876
2026-03-09T09:55:13Z,2025-10-11,27,R2,9.6891
2026-03-09T09:55:13Z,2025-10-11,34,R2,8.2882
2026-03-09T09:55:13Z,2025-10-11,25,R2,9.0408
2026-03-09T09:55:13Z,2025-10-12,15,R2,6.2893
2026-03-09T09:55:13Z,2025-10-12,16,R2,6.6106
2026-03-09T09:55:13Z,2025-10-12,17,R2,7.3666
2026-03-09T09:55:13Z,2025-10-12,18,R2,7.886
2026-03-09T09:55:13Z,2025-10-12,22,R2,7.8615
2026-03-09T09:55:13Z,2025-10-12,20,R2,7.7963
2026-03-09T09:55:13Z,2025-10-12,21,R2,7.7942
2026-03-09T09:55:13Z,2025-10-12,14,R2,6.3491
2026-03-09T09:55:13Z,2025-10-12,19,R2,7.4867
2026-03-09T09:55:13Z,2025-10-12,13,R2,5.9696
2026-03-09T09:55:13Z,2025-10-12,1,R2,6.1152
2026-03-09T09:55:13Z,2025-10-12,10,R2,5.7368
2026-03-09T09:55:13Z,2025-10-12,9,R2,5.7561
2026-03-09T09:55:13Z,2025-10-12,8,R2,5.9462
2026-03-09T09:55:13Z,2025-10-12,7,R2,5.7884
2026-03-09T09:55:13Z,2025-10-12,6,R2,6.04
2026-03-09T09:55:13Z,2025-10-12,5,R2,6.2135
2026-03-09T09:55:13Z,2025-10-12,4,R2,5.8484
2026-03-09T09:55:13Z,2025-10-12,3,R2,5.8629
2026-03-09T09:55:13Z,2025-10-12,2,R2,5.9973
2026-03-09T09:55:13Z,2025-10-12,23,R2,7.9037
2026-03-09T09:55:13Z,2025-10-12,12,R2,5.9363
2026-03-09T09:55:13Z,2025-10-12,24,R2,8.06
2026-03-09T09:55:13Z,2025-10-12,11,R2,5.8675
2026-03-09T09:55:13Z,2025-10-12,26,R2,7.5058
2026-03-09T09:55:13Z,2025-10-12,47,R2,5.8427
2026-03-09T09:55:13Z,2025-10-12,46,R2,5.7016
2026-03-09T09:55:13Z,2025-10-12,45,R2,5.552
2026-03-09T09:55:13Z,2025-10-12,44,R2,5.5157
2026-03-09T09:55:13Z,2025-10-12,43,R2,5.4778
2026-03-09T09:55:13Z,2025-10-12,42,R2,5.7546
2026-03-09T09:55:13Z,2025-10-12,41,R2,5.8833
2026-03-09T09:55:13Z,2025-10-12,40,R2,6.1109
2026-03-09T09:55:13Z,2025-10-12,39,R2,5.8905
2026-03-09T09:55:13Z,2025-10-12,38,R2,5.4093
2026-03-09T09:55:13Z,2025-10-12,48,R2,5.9014
2026-03-09T09:55:13Z,2025-10-12,25,R2,8.1289
2026-03-09T09:55:13Z,2025-10-12,36,R2,6.0999
2026-03-09T09:55:13Z,2025-10-12,35,R2,7.5356
2026-03-09T09:55:13Z,2025-10-12,34,R2,7.936
2026-03-09T09:55:13Z,2025-10-12,33,R2,7.7544
2026-03-09T09:55:13Z,2025-10-12,32,R2,7.6105
2026-03-09T09:55:13Z,2025-10-12,31,R2,7.4115
2026-03-09T09:55:13Z,2025-10-12,30,R2,7.164
2026-03-09T09:55:13Z,2025-10-12,29,R2,7.0607
2026-03-09T09:55:13Z,2025-10-12,28,R2,7.3484
2026-03-09T09:55:13Z,2025-10-12,27,R2,7.2423
2026-03-09T09:55:13Z,2025-10-12,37,R2,5.3568
2026-03-09T09:55:13Z,2025-10-13,15,R2,6.2129
2026-03-09T09:55:13Z,2025-10-13,16,R2,6.3997
2026-03-09T09:55:13Z,2025-10-13,17,R2,7.0924
2026-03-09T09:55:13Z,2025-10-13,22,R2,7.5441
2026-03-09T09:55:13Z,2025-10-13,19,R2,6.4472
2026-03-09T09:55:13Z,2025-10-13,20,R2,6.7523
2026-03-09T09:55:13Z,2025-10-13,21,R2,7.1832
2026-03-09T09:55:13Z,2025-10-13,14,R2,6.2973
2026-03-09T09:55:13Z,2025-10-13,18,R2,6.5701
2026-03-09T09:55:13Z,2025-10-13,13,R2,5.7761
2026-03-09T09:55:13Z,2025-10-13,7,R2,5.4739
2026-03-09T09:55:13Z,2025-10-13,11,R2,5.5116
2026-03-09T09:55:13Z,2025-10-13,10,R2,5.6691
2026-03-09T09:55:13Z,2025-10-13,9,R2,5.6091
2026-03-09T09:55:13Z,2025-10-13,8,R2,5.4644
2026-03-09T09:55:13Z,2025-10-13,6,R2,5.6516
2026-03-09T09:55:13Z,2025-10-13,5,R2,5.8331
2026-03-09T09:55:13Z,2025-10-13,4,R2,5.9065
2026-03-09T09:55:13Z,2025-10-13,3,R2,5.6806
2026-03-09T09:55:13Z,2025-10-13,2,R2,5.6324
2026-03-09T09:55:13Z,2025-10-13,23,R2,7.6561
2026-03-09T09:55:13Z,2025-10-13,12,R2,5.6472
2026-03-09T09:55:13Z,2025-10-13,1,R2,5.6358
2026-03-09T09:55:13Z,2025-10-13,24,R2,7.8127
2026-03-09T09:55:13Z,2025-10-13,26,R2,7.1752
2026-03-09T09:55:13Z,2025-10-13,25,R2,7.7984
2026-03-09T09:55:13Z,2025-10-13,48,R2,5.0512
2026-03-09T09:55:13Z,2025-10-13,47,R2,6.5286
2026-03-09T09:55:13Z,2025-10-13,46,R2,5.2752
2026-03-09T09:55:13Z,2025-10-13,45,R2,5.2668
2026-03-09T09:55:13Z,2025-10-13,44,R2,5.5365
2026-03-09T09:55:13Z,2025-10-13,43,R2,5.2603
2026-03-09T09:55:13Z,2025-10-13,41,R2,5.1293
2026-03-09T09:55:13Z,2025-10-13,40,R2,5.1204
2026-03-09T09:55:13Z,2025-10-13,39,R2,5.2456
2026-03-09T09:55:13Z,2025-10-13,38,R2,5.0312
2026-03-09T09:55:13Z,2025-10-13,42,R2,5.3251
2026-03-09T09:55:13Z,2025-10-13,36,R2,6.028
2026-03-09T09:55:13Z,2025-10-13,37,R2,5.0795
2026-03-09T09:55:13Z,2025-10-13,28,R2,6.68
2026-03-09T09:55:13Z,2025-10-13,29,R2,6.4935
2026-03-09T09:55:13Z,2025-10-13,30,R2,6.7361
2026-03-09T09:55:13Z,2025-10-13,31,R2,6.2686
2026-03-09T09:55:13Z,2025-10-13,27,R2,6.9782
2026-03-09T09:55:13Z,2025-10-13,33,R2,5.8058
2026-03-09T09:55:13Z,2025-10-13,34,R2,6.0548
2026-03-09T09:55:13Z,2025-10-13,35,R2,6.4604
2026-03-09T09:55:13Z,2025-10-13,32,R2,6.0491
2026-03-09T09:55:13Z,2025-10-14,14,R2,2.6863
2026-03-09T09:55:13Z,2025-10-14,22,R2,4.6881
2026-03-09T09:55:13Z,2025-10-14,21,R2,4.5189
2026-03-09T09:55:13Z,2025-10-14,20,R2,4.1367
2026-03-09T09:55:13Z,2025-10-14,19,R2,4.3421
2026-03-09T09:55:13Z,2025-10-14,18,R2,4.121
2026-03-09T09:55:13Z,2025-10-14,17,R2,3.3344
2026-03-09T09:55:13Z,2025-10-14,16,R2,2.9626
2026-03-09T09:55:13Z,2025-10-14,15,R2,2.4948
2026-03-09T09:55:13Z,2025-10-14,13,R2,2.8252
2026-03-09T09:55:13Z,2025-10-14,23,R2,4.6789
2026-03-09T09:55:13Z,2025-10-14,10,R2,2.9557
2026-03-09T09:55:13Z,2025-10-14,9,R2,3.0654
2026-03-09T09:55:13Z,2025-10-14,8,R2,3.0224
2026-03-09T09:55:13Z,2025-10-14,7,R2,2.6195
2026-03-09T09:55:13Z,2025-10-14,6,R2,2.6304
2026-03-09T09:55:13Z,2025-10-14,5,R2,2.9046
2026-03-09T09:55:13Z,2025-10-14,4,R2,2.8493
2026-03-09T09:55:13Z,2025-10-14,3,R2,2.8061
2026-03-09T09:55:13Z,2025-10-14,2,R2,2.8619
2026-03-09T09:55:13Z,2025-10-14,1,R2,2.8733
2026-03-09T09:55:13Z,2025-10-14,12,R2,2.8
2026-03-09T09:55:13Z,2025-10-14,24,R2,4.6124
2026-03-09T09:55:13Z,2025-10-14,11,R2,2.8744
2026-03-09T09:55:13Z,2025-10-14,26,R2,4.4163
2026-03-09T09:55:13Z,2025-10-14,47,R2,3.1346
2026-03-09T09:55:13Z,2025-10-14,46,R2,3.2291
2026-03-09T09:55:13Z,2025-10-14,45,R2,3.4164
2026-03-09T09:55:13Z,2025-10-14,44,R2,3.201
2026-03-09T09:55:13Z,2025-10-14,43,R2,3.19
2026-03-09T09:55:13Z,2025-10-14,42,R2,3.1539
2026-03-09T09:55:13Z,2025-10-14,41,R2,3.1217
2026-03-09T09:55:13Z,2025-10-14,40,R2,3.2165
2026-03-09T09:55:13Z,2025-10-14,39,R2,3.3418
2026-03-09T09:55:13Z,2025-10-14,38,R2,3.325
2026-03-09T09:55:13Z,2025-10-14,48,R2,3.1803
2026-03-09T09:55:13Z,2025-10-14,25,R2,4.5766
2026-03-09T09:55:13Z,2025-10-14,36,R2,3.0644
2026-03-09T09:55:13Z,2025-10-14,37,R2,2.9439
2026-03-09T09:55:13Z,2025-10-14,28,R2,4.4482
2026-03-09T09:55:13Z,2025-10-14,29,R2,4.4066
2026-03-09T09:55:13Z,2025-10-14,30,R2,4.1768
2026-03-09T09:55:13Z,2025-10-14,27,R2,4.305
2026-03-09T09:55:13Z,2025-10-14,32,R2,4.0141
2026-03-09T09:55:13Z,2025-10-14,33,R2,3.7795
2026-03-09T09:55:13Z,2025-10-14,34,R2,3.5651
2026-03-09T09:55:13Z,2025-10-14,35,R2,3.3107
2026-03-09T09:55:13Z,2025-10-14,31,R2,3.9423
2026-03-09T09:55:13Z,2025-10-15,13,R2,5.606
2026-03-09T09:55:13Z,2025-10-15,21,R2,7.0565
2026-03-09T09:55:13Z,2025-10-15,20,R2,6.8737
2026-03-09T09:55:13Z,2025-10-15,19,R2,6.3809
2026-03-09T09:55:13Z,2025-10-15,17,R2,6.0267
2026-03-09T09:55:13Z,2025-10-15,16,R2,5.9491
2026-03-09T09:55:13Z,2025-10-15,15,R2,6.1959
2026-03-09T09:55:13Z,2025-10-15,14,R2,6.2231
2026-03-09T09:55:13Z,2025-10-15,12,R2,5.3036
2026-03-09T09:55:13Z,2025-10-15,7,R2,5.6454
2026-03-09T09:55:13Z,2025-10-15,10,R2,5.3467
2026-03-09T09:55:13Z,2025-10-15,9,R2,5.2764
2026-03-09T09:55:13Z,2025-10-15,8,R2,5.5219
2026-03-09T09:55:13Z,2025-10-15,22,R2,7.1251
2026-03-09T09:55:13Z,2025-10-15,6,R2,5.3344
2026-03-09T09:55:13Z,2025-10-15,5,R2,5.3001
2026-03-09T09:55:13Z,2025-10-15,4,R2,5.3767
2026-03-09T09:55:13Z,2025-10-15,3,R2,5.3355
2026-03-09T09:55:13Z,2025-10-15,2,R2,5.368
2026-03-09T09:55:13Z,2025-10-15,1,R2,5.5943
2026-03-09T09:55:13Z,2025-10-15,11,R2,5.1555
2026-03-09T09:55:13Z,2025-10-15,23,R2,6.98
2026-03-09T09:55:13Z,2025-10-15,18,R2,6.1523
2026-03-09T09:55:13Z,2025-10-15,48,R2,5.3878
2026-03-09T09:55:13Z,2025-10-15,25,R2,6.7148
2026-03-09T09:55:13Z,2025-10-15,47,R2,5.3623
2026-03-09T09:55:13Z,2025-10-15,46,R2,5.4142
2026-03-09T09:55:13Z,2025-10-15,45,R2,5.2021
2026-03-09T09:55:13Z,2025-10-15,44,R2,5.1559
2026-03-09T09:55:13Z,2025-10-15,43,R2,5.3093
2026-03-09T09:55:13Z,2025-10-15,42,R2,5.2924
2026-03-09T09:55:13Z,2025-10-15,41,R2,5.3891
2026-03-09T09:55:13Z,2025-10-15,40,R2,5.6717
2026-03-09T09:55:13Z,2025-10-15,39,R2,5.5829
2026-03-09T09:55:13Z,2025-10-15,38,R2,5.0829
2026-03-09T09:55:13Z,2025-10-15,24,R2,7.051
2026-03-09T09:55:13Z,2025-10-15,36,R2,5.0581
2026-03-09T09:55:13Z,2025-10-15,37,R2,4.9146
2026-03-09T09:55:13Z,2025-10-15,27,R2,6.5946
2026-03-09T09:55:13Z,2025-10-15,28,R2,6.8083
2026-03-09T09:55:13Z,2025-10-15,29,R2,6.966
2026-03-09T09:55:13Z,2025-10-15,30,R2,6.791
2026-03-09T09:55:13Z,2025-10-15,26,R2,6.4922
2026-03-09T09:55:13Z,2025-10-15,32,R2,6.47
2026-03-09T09:55:13Z,2025-10-15,33,R2,6.0913
2026-03-09T09:55:13Z,2025-10-15,34,R2,5.7301
2026-03-09T09:55:13Z,2025-10-15,35,R2,5.4928
2026-03-09T09:55:13Z,2025-10-15,31,R2,6.5806
2026-03-09T09:55:13Z,2025-10-16,14,R2,5.5149
2026-03-09T09:55:13Z,2025-10-16,22,R2,7.4362
2026-03-09T09:55:13Z,2025-10-16,21,R2,7.2453
2026-03-09T09:55:13Z,2025-10-16,20,R2,6.9554
2026-03-09T09:55:13Z,2025-10-16,19,R2,6.7015
2026-03-09T09:55:13Z,2025-10-16,18,R2,6.5767
2026-03-09T09:55:13Z,2025-10-16,17,R2,6.7934
2026-03-09T09:55:13Z,2025-10-16,16,R2,6.3913
2026-03-09T09:55:13Z,2025-10-16,15,R2,6.0509
2026-03-09T09:55:13Z,2025-10-16,13,R2,5.4076
2026-03-09T09:55:13Z,2025-10-16,7,R2,5.2292
2026-03-09T09:55:13Z,2025-10-16,11,R2,5.2339
2026-03-09T09:55:13Z,2025-10-16,10,R2,5.4272
2026-03-09T09:55:13Z,2025-10-16,9,R2,5.4789
2026-03-09T09:55:13Z,2025-10-16,8,R2,5.6515
2026-03-09T09:55:13Z,2025-10-16,6,R2,5.2664
2026-03-09T09:55:13Z,2025-10-16,5,R2,5.3094
2026-03-09T09:55:13Z,2025-10-16,4,R2,5.542
2026-03-09T09:55:13Z,2025-10-16,3,R2,5.2836
2026-03-09T09:55:13Z,2025-10-16,2,R2,5.378
2026-03-09T09:55:13Z,2025-10-16,1,R2,5.3024
2026-03-09T09:55:13Z,2025-10-16,12,R2,5.2579
2026-03-09T09:55:13Z,2025-10-16,23,R2,7.3281
2026-03-09T09:55:13Z,2025-10-16,24,R2,7.3272
2026-03-09T09:55:13Z,2025-10-16,26,R2,7.9553
2026-03-09T09:55:13Z,2025-10-16,48,R2,5.572
2026-03-09T09:55:13Z,2025-10-16,47,R2,5.5579
2026-03-09T09:55:13Z,2025-10-16,46,R2,5.3301
2026-03-09T09:55:13Z,2025-10-16,45,R2,5.1511
2026-03-09T09:55:13Z,2025-10-16,44,R2,5.2058
2026-03-09T09:55:13Z,2025-10-16,43,R2,5.0915
2026-03-09T09:55:13Z,2025-10-16,42,R2,5.0184
2026-03-09T09:55:13Z,2025-10-16,41,R2,4.9738
2026-03-09T09:55:13Z,2025-10-16,40,R2,5.1681
2026-03-09T09:55:13Z,2025-10-16,39,R2,5.0958
2026-03-09T09:55:13Z,2025-10-16,38,R2,4.8602
2026-03-09T09:55:13Z,2025-10-16,25,R2,7.4245
2026-03-09T09:55:13Z,2025-10-16,36,R2,5.1858
2026-03-09T09:55:13Z,2025-10-16,35,R2,5.415
2026-03-09T09:55:13Z,2025-10-16,34,R2,5.9548
2026-03-09T09:55:13Z,2025-10-16,33,R2,7.2859
2026-03-09T09:55:13Z,2025-10-16,32,R2,7.4033
2026-03-09T09:55:13Z,2025-10-16,31,R2,7.5046
2026-03-09T09:55:13Z,2025-10-16,30,R2,7.3859
2026-03-09T09:55:13Z,2025-10-16,29,R2,7.4235
2026-03-09T09:55:13Z,2025-10-16,28,R2,7.6206
2026-03-09T09:55:13Z,2025-10-16,27,R2,7.4744
2026-03-09T09:55:13Z,2025-10-16,37,R2,4.8505
2026-03-09T09:55:13Z,2025-10-17,15,R2,10.2551
2026-03-09T09:55:13Z,2025-10-17,16,R2,9.9124
2026-03-09T09:55:13Z,2025-10-17,17,R2,10.407
2026-03-09T09:55:13Z,2025-10-17,22,R2,11.395
2026-03-09T09:55:13Z,2025-10-17,19,R2,10.2
2026-03-09T09:55:13Z,2025-10-17,20,R2,10.409
2026-03-09T09:55:13Z,2025-10-17,21,R2,10.8385
2026-03-09T09:55:13Z,2025-10-17,14,R2,10.1886
2026-03-09T09:55:13Z,2025-10-17,18,R2,9.9067
2026-03-09T09:55:13Z,2025-10-17,13,R2,9.7374
2026-03-09T09:55:13Z,2025-10-17,7,R2,9.4561
2026-03-09T09:55:13Z,2025-10-17,11,R2,9.4795
2026-03-09T09:55:13Z,2025-10-17,10,R2,9.4437
2026-03-09T09:55:13Z,2025-10-17,9,R2,9.0729
2026-03-09T09:55:13Z,2025-10-17,8,R2,8.7518
2026-03-09T09:55:13Z,2025-10-17,6,R2,9.8281
2026-03-09T09:55:13Z,2025-10-17,5,R2,9.7051
2026-03-09T09:55:13Z,2025-10-17,4,R2,9.6113
2026-03-09T09:55:13Z,2025-10-17,3,R2,9.5007
2026-03-09T09:55:13Z,2025-10-17,2,R2,9.5359
2026-03-09T09:55:13Z,2025-10-17,23,R2,11.1249
2026-03-09T09:55:13Z,2025-10-17,12,R2,9.6126
2026-03-09T09:55:13Z,2025-10-17,1,R2,9.5377
2026-03-09T09:55:13Z,2025-10-17,24,R2,11.5871
2026-03-09T09:55:13Z,2025-10-17,26,R2,12.5509
2026-03-09T09:55:13Z,2025-10-17,25,R2,12.122
2026-03-09T09:55:13Z,2025-10-17,48,R2,11.158
2026-03-09T09:55:13Z,2025-10-17,47,R2,10.5719
2026-03-09T09:55:13Z,2025-10-17,46,R2,11.2041
2026-03-09T09:55:13Z,2025-10-17,45,R2,11.3829
2026-03-09T09:55:13Z,2025-10-17,44,R2,11.5883
2026-03-09T09:55:13Z,2025-10-17,43,R2,11.2876
2026-03-09T09:55:13Z,2025-10-17,41,R2,10.9389
2026-03-09T09:55:13Z,2025-10-17,40,R2,10.8731
2026-03-09T09:55:13Z,2025-10-17,39,R2,10.7801
2026-03-09T09:55:13Z,2025-10-17,38,R2,10.7986
2026-03-09T09:55:13Z,2025-10-17,42,R2,11.1232
2026-03-09T09:55:13Z,2025-10-17,36,R2,10.0788
2026-03-09T09:55:13Z,2025-10-17,37,R2,10.3454
2026-03-09T09:55:13Z,2025-10-17,28,R2,12.1681
2026-03-09T09:55:13Z,2025-10-17,29,R2,12.3977
2026-03-09T09:55:13Z,2025-10-17,30,R2,12.5755
2026-03-09T09:55:13Z,2025-10-17,31,R2,12.4663
2026-03-09T09:55:13Z,2025-10-17,27,R2,12.557
2026-03-09T09:55:13Z,2025-10-17,33,R2,11.1298
2026-03-09T09:55:13Z,2025-10-17,34,R2,10.712
2026-03-09T09:55:13Z,2025-10-17,35,R2,10.2299
2026-03-09T09:55:13Z,2025-10-17,32,R2,11.7758
2026-03-09T09:55:13Z,2025-10-18,13,R2,12.6898
2026-03-09T09:55:13Z,2025-10-18,21,R2,17.4107
2026-03-09T09:55:13Z,2025-10-18,20,R2,16.0639
2026-03-09T09:55:13Z,2025-10-18,19,R2,15.5753
2026-03-09T09:55:13Z,2025-10-18,18,R2,14.7127
2026-03-09T09:55:13Z,2025-10-18,17,R2,13.7733
2026-03-09T09:55:13Z,2025-10-18,16,R2,13.8203
2026-03-09T09:55:13Z,2025-10-18,15,R2,13.4108
2026-03-09T09:55:13Z,2025-10-18,14,R2,13.3361
2026-03-09T09:55:13Z,2025-10-18,12,R2,12.4784
2026-03-09T09:55:13Z,2025-10-18,22,R2,18.2827
2026-03-09T09:55:13Z,2025-10-18,10,R2,11.919
2026-03-09T09:55:13Z,2025-10-18,9,R2,11.3941
2026-03-09T09:55:13Z,2025-10-18,8,R2,11.7831
2026-03-09T09:55:13Z,2025-10-18,7,R2,11.8389
2026-03-09T09:55:13Z,2025-10-18,6,R2,10.9101
2026-03-09T09:55:13Z,2025-10-18,5,R2,10.7576
2026-03-09T09:55:13Z,2025-10-18,4,R2,10.5193
2026-03-09T09:55:13Z,2025-10-18,3,R2,10.6071
2026-03-09T09:55:13Z,2025-10-18,2,R2,11.0853
2026-03-09T09:55:13Z,2025-10-18,1,R2,11.5427
2026-03-09T09:55:13Z,2025-10-18,11,R2,12.4634
2026-03-09T09:55:13Z,2025-10-18,23,R2,18.5309
2026-03-09T09:55:13Z,2025-10-18,35,R2,16.9176
2026-03-09T09:55:13Z,2025-10-18,25,R2,19.1765
2026-03-09T09:55:13Z,2025-10-18,47,R2,17.3849
2026-03-09T09:55:13Z,2025-10-18,46,R2,17.5271
2026-03-09T09:55:13Z,2025-10-18,45,R2,16.688
2026-03-09T09:55:13Z,2025-10-18,44,R2,16.7556
2026-03-09T09:55:13Z,2025-10-18,43,R2,16.8204
2026-03-09T09:55:13Z,2025-10-18,42,R2,16.5698
2026-03-09T09:55:13Z,2025-10-18,41,R2,16.8845
2026-03-09T09:55:13Z,2025-10-18,40,R2,16.6026
2026-03-09T09:55:13Z,2025-10-18,39,R2,16.6734
2026-03-09T09:55:13Z,2025-10-18,38,R2,16.453
2026-03-09T09:55:13Z,2025-10-18,37,R2,15.8629
2026-03-09T09:55:13Z,2025-10-18,24,R2,19.3603
2026-03-09T09:55:13Z,2025-10-18,48,R2,17.8831
2026-03-09T09:55:13Z,2025-10-18,34,R2,16.7585
2026-03-09T09:55:13Z,2025-10-18,33,R2,16.901
2026-03-09T09:55:13Z,2025-10-18,32,R2,17.2574
2026-03-09T09:55:13Z,2025-10-18,31,R2,18.5914
2026-03-09T09:55:13Z,2025-10-18,30,R2,19.8565
2026-03-09T09:55:13Z,2025-10-18,29,R2,20.2323
2026-03-09T09:55:13Z,2025-10-18,28,R2,20.2804
2026-03-09T09:55:13Z,2025-10-18,27,R2,19.4998
2026-03-09T09:55:13Z,2025-10-18,26,R2,19.0201
2026-03-09T09:55:13Z,2025-10-18,36,R2,15.6142
2026-03-09T09:55:13Z,2025-10-19,14,R2,10.7034
2026-03-09T09:55:13Z,2025-10-19,15,R2,11.0519
2026-03-09T09:55:13Z,2025-10-19,16,R2,11.6858
2026-03-09T09:55:13Z,2025-10-19,21,R2,15.2243
2026-03-09T09:55:13Z,2025-10-19,18,R2,12.7276
2026-03-09T09:55:13Z,2025-10-19,19,R2,13.9837
2026-03-09T09:55:13Z,2025-10-19,20,R2,14.4009
2026-03-09T09:55:13Z,2025-10-19,13,R2,10.7601
2026-03-09T09:55:13Z,2025-10-19,17,R2,11.1765
2026-03-09T09:55:13Z,2025-10-19,12,R2,9.9623
2026-03-09T09:55:13Z,2025-10-19,6,R2,8.4085
2026-03-09T09:55:13Z,2025-10-19,10,R2,9.0566
2026-03-09T09:55:13Z,2025-10-19,9,R2,8.6035
2026-03-09T09:55:13Z,2025-10-19,8,R2,8.547
2026-03-09T09:55:13Z,2025-10-19,7,R2,8.3549
2026-03-09T09:55:13Z,2025-10-19,5,R2,8.3809
2026-03-09T09:55:13Z,2025-10-19,4,R2,9.4489
2026-03-09T09:55:13Z,2025-10-19,3,R2,9.2287
2026-03-09T09:55:13Z,2025-10-19,2,R2,9.2239
2026-03-09T09:55:13Z,2025-10-19,1,R2,9.2545
2026-03-09T09:55:13Z,2025-10-19,22,R2,14.7138
2026-03-09T09:55:13Z,2025-10-19,11,R2,9.3441
2026-03-09T09:55:13Z,2025-10-19,23,R2,15.1697
2026-03-09T09:55:13Z,2025-10-19,24,R2,15.0721
2026-03-09T09:55:13Z,2025-10-19,25,R2,14.9076
2026-03-09T09:55:13Z,2025-10-19,47,R2,9.96
2026-03-09T09:55:13Z,2025-10-19,46,R2,10.1602
2026-03-09T09:55:13Z,2025-10-19,45,R2,10.9554
2026-03-09T09:55:13Z,2025-10-19,44,R2,11.22
2026-03-09T09:55:13Z,2025-10-19,43,R2,10.8841
2026-03-09T09:55:13Z,2025-10-19,42,R2,10.2532
2026-03-09T09:55:13Z,2025-10-19,41,R2,10.4364
2026-03-09T09:55:13Z,2025-10-19,40,R2,11.2879
2026-03-09T09:55:13Z,2025-10-19,39,R2,11.7307
2026-03-09T09:55:13Z,2025-10-19,38,R2,12.3224
2026-03-09T09:55:13Z,2025-10-19,37,R2,12.5822
2026-03-09T09:55:13Z,2025-10-19,48,R2,10.3963
2026-03-09T09:55:13Z,2025-10-19,35,R2,12.9048
2026-03-09T09:55:13Z,2025-10-19,34,R2,13.0592
2026-03-09T09:55:13Z,2025-10-19,33,R2,12.6169
2026-03-09T09:55:13Z,2025-10-19,32,R2,13.4813
2026-03-09T09:55:13Z,2025-10-19,31,R2,13.7995
2026-03-09T09:55:13Z,2025-10-19,30,R2,15.0042
2026-03-09T09:55:13Z,2025-10-19,29,R2,15.3114
2026-03-09T09:55:13Z,2025-10-19,28,R2,15.0783
2026-03-09T09:55:13Z,2025-10-19,27,R2,14.7891
2026-03-09T09:55:13Z,2025-10-19,26,R2,14.8304
2026-03-09T09:55:13Z,2025-10-19,36,R2,13.0004
2026-03-09T09:55:13Z,2025-10-20,14,R2,9.7855
2026-03-09T09:55:13Z,2025-10-20,15,R2,9.8422
2026-03-09T09:55:13Z,2025-10-20,16,R2,10.224
2026-03-09T09:55:13Z,2025-10-20,21,R2,10.8569
2026-03-09T09:55:13Z,2025-10-20,18,R2,10.8138
2026-03-09T09:55:13Z,2025-10-20,19,R2,11.7419
2026-03-09T09:55:13Z,2025-10-20,20,R2,11.556
2026-03-09T09:55:13Z,2025-10-20,13,R2,8.757
2026-03-09T09:55:13Z,2025-10-20,17,R2,10.5938
2026-03-09T09:55:13Z,2025-10-20,12,R2,9.0906
2026-03-09T09:55:13Z,2025-10-20,6,R2,9.3377
2026-03-09T09:55:13Z,2025-10-20,10,R2,9.1825
2026-03-09T09:55:13Z,2025-10-20,9,R2,9.3583
2026-03-09T09:55:13Z,2025-10-20,8,R2,9.2437
2026-03-09T09:55:13Z,2025-10-20,7,R2,9.3972
2026-03-09T09:55:13Z,2025-10-20,5,R2,9.3956
2026-03-09T09:55:13Z,2025-10-20,4,R2,9.317
2026-03-09T09:55:13Z,2025-10-20,3,R2,9.8089
2026-03-09T09:55:13Z,2025-10-20,2,R2,10.0066
2026-03-09T09:55:13Z,2025-10-20,1,R2,10.2805
2026-03-09T09:55:13Z,2025-10-20,22,R2,10.6182
2026-03-09T09:55:13Z,2025-10-20,11,R2,9.1988
2026-03-09T09:55:13Z,2025-10-20,23,R2,11.3991
2026-03-09T09:55:13Z,2025-10-20,24,R2,10.964
2026-03-09T09:55:13Z,2025-10-20,25,R2,10.8436
2026-03-09T09:55:13Z,2025-10-20,47,R2,5.1464
2026-03-09T09:55:13Z,2025-10-20,46,R2,7.2754
2026-03-09T09:55:13Z,2025-10-20,45,R2,6.676
2026-03-09T09:55:13Z,2025-10-20,44,R2,7.2998
2026-03-09T09:55:13Z,2025-10-20,43,R2,7.158
2026-03-09T09:55:13Z,2025-10-20,42,R2,6.6974
2026-03-09T09:55:13Z,2025-10-20,41,R2,6.993
2026-03-09T09:55:13Z,2025-10-20,40,R2,7.4834
2026-03-09T09:55:13Z,2025-10-20,39,R2,6.9363
2026-03-09T09:55:13Z,2025-10-20,38,R2,6.6332
2026-03-09T09:55:13Z,2025-10-20,37,R2,6.7656
2026-03-09T09:55:13Z,2025-10-20,48,R2,5.0056
2026-03-09T09:55:13Z,2025-10-20,35,R2,7.8747
2026-03-09T09:55:13Z,2025-10-20,34,R2,8.6043
2026-03-09T09:55:13Z,2025-10-20,33,R2,10.3544
2026-03-09T09:55:13Z,2025-10-20,32,R2,10.3851
2026-03-09T09:55:13Z,2025-10-20,31,R2,9.8022
2026-03-09T09:55:13Z,2025-10-20,30,R2,10.6065
2026-03-09T09:55:13Z,2025-10-20,29,R2,10.7261
2026-03-09T09:55:13Z,2025-10-20,28,R2,10.0665
2026-03-09T09:55:13Z,2025-10-20,27,R2,10.7188
2026-03-09T09:55:13Z,2025-10-20,26,R2,11.8453
2026-03-09T09:55:13Z,2025-10-20,36,R2,7.1204
2026-03-09T09:55:13Z,2025-10-21,14,R2,8.5054
2026-03-09T09:55:13Z,2025-10-21,15,R2,8.9226
2026-03-09T09:55:13Z,2025-10-21,16,R2,9.0597
2026-03-09T09:55:13Z,2025-10-21,21,R2,12.0471
2026-03-09T09:55:13Z,2025-10-21,18,R2,10.584
2026-03-09T09:55:13Z,2025-10-21,19,R2,11.9006
2026-03-09T09:55:13Z,2025-10-21,20,R2,11.5615
2026-03-09T09:55:13Z,2025-10-21,13,R2,7.4401
2026-03-09T09:55:13Z,2025-10-21,17,R2,10.0038
2026-03-09T09:55:13Z,2025-10-21,12,R2,7.9457
2026-03-09T09:55:13Z,2025-10-21,6,R2,7.2546
2026-03-09T09:55:13Z,2025-10-21,10,R2,7.1074
2026-03-09T09:55:13Z,2025-10-21,9,R2,7.1751
2026-03-09T09:55:13Z,2025-10-21,8,R2,7.3458
2026-03-09T09:55:13Z,2025-10-21,7,R2,6.982
2026-03-09T09:55:13Z,2025-10-21,5,R2,7.1612
2026-03-09T09:55:13Z,2025-10-21,4,R2,6.9532
2026-03-09T09:55:13Z,2025-10-21,3,R2,6.8228
2026-03-09T09:55:13Z,2025-10-21,2,R2,6.7903
2026-03-09T09:55:13Z,2025-10-21,1,R2,7.0588
2026-03-09T09:55:13Z,2025-10-21,22,R2,12.8479
2026-03-09T09:55:13Z,2025-10-21,11,R2,7.5817
2026-03-09T09:55:13Z,2025-10-21,23,R2,14.2373
2026-03-09T09:55:13Z,2025-10-21,24,R2,13.9924
2026-03-09T09:55:13Z,2025-10-21,25,R2,14.0397
2026-03-09T09:55:13Z,2025-10-21,47,R2,15.1611
2026-03-09T09:55:13Z,2025-10-21,46,R2,10.4271
2026-03-09T09:55:13Z,2025-10-21,45,R2,10.3547
2026-03-09T09:55:13Z,2025-10-21,44,R2,10.3652
2026-03-09T09:55:13Z,2025-10-21,43,R2,10.6462
2026-03-09T09:55:13Z,2025-10-21,42,R2,10.7284
2026-03-09T09:55:13Z,2025-10-21,41,R2,11.2254
2026-03-09T09:55:13Z,2025-10-21,40,R2,11.8902
2026-03-09T09:55:13Z,2025-10-21,39,R2,11.0178
2026-03-09T09:55:13Z,2025-10-21,38,R2,11.6202
2026-03-09T09:55:13Z,2025-10-21,37,R2,11.7556
2026-03-09T09:55:13Z,2025-10-21,48,R2,10.5562
2026-03-09T09:55:13Z,2025-10-21,35,R2,12.8127
2026-03-09T09:55:13Z,2025-10-21,34,R2,12.6134
2026-03-09T09:55:13Z,2025-10-21,33,R2,13.4055
2026-03-09T09:55:13Z,2025-10-21,32,R2,14.5232
2026-03-09T09:55:13Z,2025-10-21,31,R2,15.4213
2026-03-09T09:55:13Z,2025-10-21,30,R2,15.0747
2026-03-09T09:55:13Z,2025-10-21,29,R2,14.2626
2026-03-09T09:55:13Z,2025-10-21,28,R2,14.8802
2026-03-09T09:55:13Z,2025-10-21,27,R2,14.3212
2026-03-09T09:55:13Z,2025-10-21,26,R2,14.951
2026-03-09T09:55:13Z,2025-10-21,36,R2,11.6862
2026-03-09T09:55:13Z,2025-10-22,14,R2,11.0943
2026-03-09T09:55:13Z,2025-10-22,15,R2,10.4194
2026-03-09T09:55:13Z,2025-10-22,16,R2,10.0562
2026-03-09T09:55:13Z,2025-10-22,21,R2,11.6268
2026-03-09T09:55:13Z,2025-10-22,18,R2,10.8719
2026-03-09T09:55:13Z,2025-10-22,19,R2,11.5258
2026-03-09T09:55:13Z,2025-10-22,20,R2,11.576
2026-03-09T09:55:13Z,2025-10-22,13,R2,10.9146
2026-03-09T09:55:13Z,2025-10-22,17,R2,9.9007
2026-03-09T09:55:13Z,2025-10-22,12,R2,10.1956
2026-03-09T09:55:13Z,2025-10-22,6,R2,9.622
2026-03-09T09:55:13Z,2025-10-22,10,R2,9.5431
2026-03-09T09:55:13Z,2025-10-22,9,R2,9.9442
2026-03-09T09:55:13Z,2025-10-22,8,R2,9.6073
2026-03-09T09:55:13Z,2025-10-22,7,R2,9.6903
2026-03-09T09:55:13Z,2025-10-22,5,R2,9.5793
2026-03-09T09:55:13Z,2025-10-22,4,R2,10.3266
2026-03-09T09:55:13Z,2025-10-22,3,R2,10.0562
2026-03-09T09:55:13Z,2025-10-22,2,R2,10.1529
2026-03-09T09:55:13Z,2025-10-22,1,R2,10.4938
2026-03-09T09:55:13Z,2025-10-22,22,R2,11.612
2026-03-09T09:55:13Z,2025-10-22,11,R2,9.4325
2026-03-09T09:55:13Z,2025-10-22,23,R2,12.3757
2026-03-09T09:55:13Z,2025-10-22,48,R2,8.5581
2026-03-09T09:55:13Z,2025-10-22,25,R2,12.0331
2026-03-09T09:55:13Z,2025-10-22,47,R2,8.5986
2026-03-09T09:55:13Z,2025-10-22,46,R2,8.554
2026-03-09T09:55:13Z,2025-10-22,45,R2,8.5081
2026-03-09T09:55:13Z,2025-10-22,44,R2,8.1346
2026-03-09T09:55:13Z,2025-10-22,43,R2,8.0289
2026-03-09T09:55:13Z,2025-10-22,42,R2,7.7623
2026-03-09T09:55:13Z,2025-10-22,41,R2,7.9352
2026-03-09T09:55:13Z,2025-10-22,40,R2,7.7952
2026-03-09T09:55:13Z,2025-10-22,39,R2,7.4178
2026-03-09T09:55:13Z,2025-10-22,38,R2,6.8516
2026-03-09T09:55:13Z,2025-10-22,37,R2,7.0454
2026-03-09T09:55:13Z,2025-10-22,24,R2,12.7279
2026-03-09T09:55:13Z,2025-10-22,35,R2,6.857
2026-03-09T09:55:13Z,2025-10-22,34,R2,7.2593
2026-03-09T09:55:13Z,2025-10-22,33,R2,7.5304
2026-03-09T09:55:13Z,2025-10-22,32,R2,7.6958
2026-03-09T09:55:13Z,2025-10-22,31,R2,8.9124
2026-03-09T09:55:13Z,2025-10-22,30,R2,9.6669
2026-03-09T09:55:13Z,2025-10-22,29,R2,12.2214
2026-03-09T09:55:13Z,2025-10-22,28,R2,12.0095
2026-03-09T09:55:13Z,2025-10-22,27,R2,12.9705
2026-03-09T09:55:13Z,2025-10-22,26,R2,12.8814
2026-03-09T09:55:13Z,2025-10-22,36,R2,6.8381
2026-03-09T09:55:13Z,2025-10-23,14,R2,11.5519
2026-03-09T09:55:13Z,2025-10-23,15,R2,12.6801
2026-03-09T09:55:13Z,2025-10-23,16,R2,13.1883
2026-03-09T09:55:13Z,2025-10-23,21,R2,15.4033
2026-03-09T09:55:13Z,2025-10-23,18,R2,14.5809
2026-03-09T09:55:13Z,2025-10-23,19,R2,14.7864
2026-03-09T09:55:13Z,2025-10-23,20,R2,14.8336
2026-03-09T09:55:13Z,2025-10-23,13,R2,10.484
2026-03-09T09:55:13Z,2025-10-23,17,R2,13.7816
2026-03-09T09:55:13Z,2025-10-23,12,R2,9.2803
2026-03-09T09:55:13Z,2025-10-23,6,R2,7.9094
2026-03-09T09:55:13Z,2025-10-23,10,R2,8.142
2026-03-09T09:55:13Z,2025-10-23,9,R2,7.831
2026-03-09T09:55:13Z,2025-10-23,8,R2,7.6685
2026-03-09T09:55:13Z,2025-10-23,7,R2,7.944
2026-03-09T09:55:13Z,2025-10-23,5,R2,7.8162
2026-03-09T09:55:13Z,2025-10-23,4,R2,7.9123
2026-03-09T09:55:13Z,2025-10-23,3,R2,7.8151
2026-03-09T09:55:13Z,2025-10-23,2,R2,7.8868
2026-03-09T09:55:13Z,2025-10-23,1,R2,8.3391
2026-03-09T09:55:13Z,2025-10-23,22,R2,16.6383
2026-03-09T09:55:13Z,2025-10-23,11,R2,8.6059
2026-03-09T09:55:13Z,2025-10-23,23,R2,16.3439
2026-03-09T09:55:13Z,2025-10-23,24,R2,17.5152
2026-03-09T09:55:13Z,2025-10-23,25,R2,16.9025
2026-03-09T09:55:13Z,2025-10-23,47,R2,11.8601
2026-03-09T09:55:13Z,2025-10-23,46,R2,12.0423
2026-03-09T09:55:13Z,2025-10-23,45,R2,11.9731
2026-03-09T09:55:13Z,2025-10-23,44,R2,11.5696
2026-03-09T09:55:13Z,2025-10-23,43,R2,11.5343
2026-03-09T09:55:13Z,2025-10-23,42,R2,11.5989
2026-03-09T09:55:13Z,2025-10-23,41,R2,12.4108
2026-03-09T09:55:13Z,2025-10-23,40,R2,11.8014
2026-03-09T09:55:13Z,2025-10-23,39,R2,12.083
2026-03-09T09:55:13Z,2025-10-23,38,R2,12.5982
2026-03-09T09:55:13Z,2025-10-23,37,R2,12.8914
2026-03-09T09:55:13Z,2025-10-23,48,R2,11.4234
2026-03-09T09:55:13Z,2025-10-23,35,R2,14.707
2026-03-09T09:55:13Z,2025-10-23,34,R2,15.5428
2026-03-09T09:55:13Z,2025-10-23,33,R2,16.9494
2026-03-09T09:55:13Z,2025-10-23,32,R2,17.5613
2026-03-09T09:55:13Z,2025-10-23,31,R2,17.2486
2026-03-09T09:55:13Z,2025-10-23,30,R2,17.7327
2026-03-09T09:55:13Z,2025-10-23,29,R2,17.5104
2026-03-09T09:55:13Z,2025-10-23,28,R2,19.3859
2026-03-09T09:55:13Z,2025-10-23,27,R2,17.6952
2026-03-09T09:55:13Z,2025-10-23,26,R2,17.2494
2026-03-09T09:55:13Z,2025-10-23,36,R2,14.0064
2026-03-09T09:55:13Z,2025-10-24,14,R2,8.1641
2026-03-09T09:55:13Z,2025-10-24,15,R2,8.937
2026-03-09T09:55:13Z,2025-10-24,16,R2,8.8869
2026-03-09T09:55:13Z,2025-10-24,21,R2,13.3865
2026-03-09T09:55:13Z,2025-10-24,18,R2,11.6413
2026-03-09T09:55:13Z,2025-10-24,19,R2,11.73
2026-03-09T09:55:13Z,2025-10-24,20,R2,12.0433
2026-03-09T09:55:13Z,2025-10-24,13,R2,8.2244
2026-03-09T09:55:13Z,2025-10-24,17,R2,10.2493
2026-03-09T09:55:13Z,2025-10-24,12,R2,6.8932
2026-03-09T09:55:13Z,2025-10-24,6,R2,5.9463
2026-03-09T09:55:13Z,2025-10-24,10,R2,6.4144
2026-03-09T09:55:13Z,2025-10-24,9,R2,5.9406
2026-03-09T09:55:13Z,2025-10-24,8,R2,5.4609
2026-03-09T09:55:13Z,2025-10-24,7,R2,5.9459
2026-03-09T09:55:13Z,2025-10-24,5,R2,5.3691
2026-03-09T09:55:13Z,2025-10-24,4,R2,5.7054
2026-03-09T09:55:13Z,2025-10-24,3,R2,5.5739
2026-03-09T09:55:13Z,2025-10-24,2,R2,5.9355
2026-03-09T09:55:13Z,2025-10-24,1,R2,6.1031
2026-03-09T09:55:13Z,2025-10-24,22,R2,14.3507
2026-03-09T09:55:13Z,2025-10-24,11,R2,6.3915
2026-03-09T09:55:13Z,2025-10-24,23,R2,15.277
2026-03-09T09:55:13Z,2025-10-24,48,R2,6.3989
2026-03-09T09:55:13Z,2025-10-24,25,R2,14.6117
2026-03-09T09:55:13Z,2025-10-24,24,R2,14.9554
2026-03-09T09:55:13Z,2025-10-24,47,R2,7.0785
2026-03-09T09:55:13Z,2025-10-24,46,R2,6.9879
2026-03-09T09:55:13Z,2025-10-24,45,R2,7.2492
2026-03-09T09:55:13Z,2025-10-24,44,R2,7.8637
2026-03-09T09:55:13Z,2025-10-24,43,R2,7.9785
2026-03-09T09:55:13Z,2025-10-24,42,R2,8.1712
2026-03-09T09:55:13Z,2025-10-24,40,R2,8.4685
2026-03-09T09:55:13Z,2025-10-24,39,R2,8.6515
2026-03-09T09:55:13Z,2025-10-24,38,R2,8.7286
2026-03-09T09:55:13Z,2025-10-24,37,R2,9.1874
2026-03-09T09:55:13Z,2025-10-24,41,R2,8.3192
2026-03-09T09:55:13Z,2025-10-24,35,R2,9.9114
2026-03-09T09:55:13Z,2025-10-24,36,R2,9.2132
2026-03-09T09:55:13Z,2025-10-24,27,R2,11.6872
2026-03-09T09:55:13Z,2025-10-24,28,R2,11.6191
2026-03-09T09:55:13Z,2025-10-24,29,R2,12.5035
2026-03-09T09:55:13Z,2025-10-24,30,R2,13.6715
2026-03-09T09:55:13Z,2025-10-24,26,R2,13.191
2026-03-09T09:55:13Z,2025-10-24,32,R2,12.7145
2026-03-09T09:55:13Z,2025-10-24,33,R2,12.0294
2026-03-09T09:55:13Z,2025-10-24,34,R2,11.4694
2026-03-09T09:55:13Z,2025-10-24,31,R2,13.7212
2026-03-09T09:55:13Z,2025-10-25,13,R2,15.4345
2026-03-09T09:55:13Z,2025-10-25,21,R2,20.9116
2026-03-09T09:55:13Z,2025-10-25,20,R2,20.3241
2026-03-09T09:55:13Z,2025-10-25,19,R2,18.469
2026-03-09T09:55:13Z,2025-10-25,18,R2,16.3805
2026-03-09T09:55:13Z,2025-10-25,17,R2,15.1406
2026-03-09T09:55:13Z,2025-10-25,16,R2,14.2734
2026-03-09T09:55:13Z,2025-10-25,15,R2,14.1542
2026-03-09T09:55:13Z,2025-10-25,14,R2,15.3756
2026-03-09T09:55:13Z,2025-10-25,12,R2,15.1025
2026-03-09T09:55:13Z,2025-10-25,22,R2,22.4159
2026-03-09T09:55:13Z,2025-10-25,10,R2,14.1014
2026-03-09T09:55:13Z,2025-10-25,9,R2,14.0296
2026-03-09T09:55:13Z,2025-10-25,8,R2,14.8331
2026-03-09T09:55:13Z,2025-10-25,7,R2,14.5922
2026-03-09T09:55:13Z,2025-10-25,6,R2,15.0496
2026-03-09T09:55:13Z,2025-10-25,5,R2,15.8302
2026-03-09T09:55:13Z,2025-10-25,4,R2,15.1709
2026-03-09T09:55:13Z,2025-10-25,3,R2,15.8279
2026-03-09T09:55:13Z,2025-10-25,2,R2,15.666
2026-03-09T09:55:13Z,2025-10-25,1,R2,16.1668
2026-03-09T09:55:13Z,2025-10-25,11,R2,14.7333
2026-03-09T09:55:13Z,2025-10-25,23,R2,22.5674
2026-03-09T09:55:13Z,2025-10-25,34,R2,20.7626
2026-03-09T09:55:13Z,2025-10-25,25,R2,24.22
2026-03-09T09:55:13Z,2025-10-25,47,R2,15.6467
2026-03-09T09:55:13Z,2025-10-25,46,R2,15.7261
2026-03-09T09:55:13Z,2025-10-25,45,R2,16.7098
2026-03-09T09:55:13Z,2025-10-25,44,R2,17.4182
2026-03-09T09:55:13Z,2025-10-25,43,R2,17.4255
2026-03-09T09:55:13Z,2025-10-25,42,R2,16.9783
2026-03-09T09:55:13Z,2025-10-25,41,R2,16.6538
2026-03-09T09:55:13Z,2025-10-25,40,R2,15.5757
2026-03-09T09:55:13Z,2025-10-25,39,R2,16.7276
2026-03-09T09:55:13Z,2025-10-25,38,R2,17.0278
2026-03-09T09:55:13Z,2025-10-25,37,R2,17.285
2026-03-09T09:55:13Z,2025-10-25,24,R2,23.8873
2026-03-09T09:55:13Z,2025-10-25,35,R2,17.9971
2026-03-09T09:55:13Z,2025-10-25,26,R2,24.3933
2026-03-09T09:55:13Z,2025-10-25,27,R2,26.4769
2026-03-09T09:55:13Z,2025-10-25,28,R2,25.1207
2026-03-09T09:55:13Z,2025-10-25,29,R2,25.727
2026-03-09T09:55:13Z,2025-10-25,36,R2,17.1437
2026-03-09T09:55:13Z,2025-10-25,31,R2,24.5423
2026-03-09T09:55:13Z,2025-10-25,32,R2,24.9931
2026-03-09T09:55:13Z,2025-10-25,33,R2,24.3446
2026-03-09T09:55:13Z,2025-10-25,48,R2,17.1999
2026-03-09T09:55:13Z,2025-10-25,30,R2,25.6352
2026-03-09T09:55:13Z,2025-10-26,13,R2,5.7035
2026-03-09T09:55:13Z,2025-10-26,23,R2,7.288
2026-03-09T09:55:13Z,2025-10-26,22,R2,7.2945
2026-03-09T09:55:13Z,2025-10-26,21,R2,8.3045
2026-03-09T09:55:13Z,2025-10-26,20,R2,8.1027
2026-03-09T09:55:13Z,2025-10-26,18,R2,7.3699
2026-03-09T09:55:13Z,2025-10-26,17,R2,6.9793
2026-03-09T09:55:13Z,2025-10-26,16,R2,6.1275
2026-03-09T09:55:13Z,2025-10-26,15,R2,5.64
2026-03-09T09:55:13Z,2025-10-26,14,R2,5.1309
2026-03-09T09:55:13Z,2025-10-26,12,R2,5.4548
2026-03-09T09:55:13Z,2025-10-26,7,R2,5.7951
2026-03-09T09:55:13Z,2025-10-26,10,R2,5.9332
2026-03-09T09:55:13Z,2025-10-26,9,R2,5.8812
2026-03-09T09:55:13Z,2025-10-26,8,R2,5.8726
2026-03-09T09:55:13Z,2025-10-26,24,R2,7.3579
2026-03-09T09:55:13Z,2025-10-26,6,R2,6.0742
2026-03-09T09:55:13Z,2025-10-26,5,R2,6.2556
2026-03-09T09:55:13Z,2025-10-26,4,R2,8.579
2026-03-09T09:55:13Z,2025-10-26,3,R2,8.5753
2026-03-09T09:55:13Z,2025-10-26,2,R2,6.6516
2026-03-09T09:55:13Z,2025-10-26,1,R2,6.0731
2026-03-09T09:55:13Z,2025-10-26,11,R2,5.4054
2026-03-09T09:55:13Z,2025-10-26,25,R2,7.0176
2026-03-09T09:55:13Z,2025-10-26,19,R2,8.3098
2026-03-09T09:55:13Z,2025-10-26,27,R2,6.7797
2026-03-09T09:55:13Z,2025-10-26,50,R2,3.6734
2026-03-09T09:55:13Z,2025-10-26,26,R2,7.4832
2026-03-09T09:55:13Z,2025-10-26,48,R2,6.5507
2026-03-09T09:55:13Z,2025-10-26,47,R2,6.8107
2026-03-09T09:55:13Z,2025-10-26,46,R2,6.3883
2026-03-09T09:55:13Z,2025-10-26,45,R2,6.2737
2026-03-09T09:55:13Z,2025-10-26,44,R2,6.2266
2026-03-09T09:55:13Z,2025-10-26,43,R2,6.1441
2026-03-09T09:55:13Z,2025-10-26,42,R2,6.3454
2026-03-09T09:55:13Z,2025-10-26,41,R2,6.2728
2026-03-09T09:55:13Z,2025-10-26,40,R2,6.0843
2026-03-09T09:55:13Z,2025-10-26,39,R2,6.6891
2026-03-09T09:55:13Z,2025-10-26,49,R2,3.7107
2026-03-09T09:55:13Z,2025-10-26,37,R2,6.9173
2026-03-09T09:55:13Z,2025-10-26,38,R2,7.0876
2026-03-09T09:55:13Z,2025-10-26,29,R2,6.6992
2026-03-09T09:55:13Z,2025-10-26,30,R2,6.3066
2026-03-09T09:55:13Z,2025-10-26,31,R2,5.97
2026-03-09T09:55:13Z,2025-10-26,28,R2,7.1896
2026-03-09T09:55:13Z,2025-10-26,33,R2,5.8669
2026-03-09T09:55:13Z,2025-10-26,34,R2,5.6159
2026-03-09T09:55:13Z,2025-10-26,35,R2,5.9182
2026-03-09T09:55:13Z,2025-10-26,36,R2,6.1206
2026-03-09T09:55:13Z,2025-10-26,32,R2,6.0985
2026-03-09T09:55:13Z,2025-10-27,21,R2,18.9574
2026-03-09T09:55:13Z,2025-10-27,13,R2,15.5282
2026-03-09T09:55:13Z,2025-10-27,20,R2,18.6497
2026-03-09T09:55:13Z,2025-10-27,19,R2,18.1335
2026-03-09T09:55:13Z,2025-10-27,18,R2,16.5585
2026-03-09T09:55:13Z,2025-10-27,17,R2,17.6083
2026-03-09T09:55:13Z,2025-10-27,16,R2,17.6269
2026-03-09T09:55:13Z,2025-10-27,15,R2,17.0804
2026-03-09T09:55:13Z,2025-10-27,14,R2,16.1009
2026-03-09T09:55:13Z,2025-10-27,12,R2,15.1864
2026-03-09T09:55:13Z,2025-10-27,6,R2,12.9463
2026-03-09T09:55:13Z,2025-10-27,10,R2,13.8514
2026-03-09T09:55:13Z,2025-10-27,9,R2,13.0814
2026-03-09T09:55:13Z,2025-10-27,8,R2,13.2153
2026-03-09T09:55:13Z,2025-10-27,7,R2,13.2971
2026-03-09T09:55:13Z,2025-10-27,5,R2,12.5814
2026-03-09T09:55:13Z,2025-10-27,4,R2,12.0503
2026-03-09T09:55:13Z,2025-10-27,3,R2,12.0636
2026-03-09T09:55:13Z,2025-10-27,2,R2,12.408
2026-03-09T09:55:13Z,2025-10-27,1,R2,12.2406
2026-03-09T09:55:13Z,2025-10-27,22,R2,18.8794
2026-03-09T09:55:13Z,2025-10-27,11,R2,14.5915
2026-03-09T09:55:13Z,2025-10-27,23,R2,17.7324
2026-03-09T09:55:13Z,2025-10-27,43,R2,9.0565
2026-03-09T09:55:13Z,2025-10-27,25,R2,17.429
2026-03-09T09:55:13Z,2025-10-27,24,R2,18.5171
2026-03-09T09:55:13Z,2025-10-27,47,R2,10.9033
2026-03-09T09:55:13Z,2025-10-27,46,R2,10.7943
2026-03-09T09:55:13Z,2025-10-27,45,R2,11.1045
2026-03-09T09:55:13Z,2025-10-27,44,R2,10.888
2026-03-09T09:55:13Z,2025-10-27,42,R2,9.6987
2026-03-09T09:55:13Z,2025-10-27,41,R2,10.3703
2026-03-09T09:55:13Z,2025-10-27,40,R2,9.6886
2026-03-09T09:55:13Z,2025-10-27,39,R2,9.4652
2026-03-09T09:55:13Z,2025-10-27,38,R2,9.2029
2026-03-09T09:55:13Z,2025-10-27,37,R2,8.7373
2026-03-09T09:55:13Z,2025-10-27,48,R2,11.4141
2026-03-09T09:55:13Z,2025-10-27,35,R2,8.712
2026-03-09T09:55:13Z,2025-10-27,36,R2,8.4221
2026-03-09T09:55:13Z,2025-10-27,27,R2,15.896
2026-03-09T09:55:13Z,2025-10-27,28,R2,15.3857
2026-03-09T09:55:13Z,2025-10-27,29,R2,15.4899
2026-03-09T09:55:13Z,2025-10-27,30,R2,14.2211
2026-03-09T09:55:13Z,2025-10-27,26,R2,17.4292
2026-03-09T09:55:13Z,2025-10-27,31,R2,12.3592
2026-03-09T09:55:13Z,2025-10-27,32,R2,10.9127
2026-03-09T09:55:13Z,2025-10-27,33,R2,9.6716
2026-03-09T09:55:13Z,2025-10-27,34,R2,9.0014
2026-03-09T09:55:13Z,2025-10-28,14,R2,7.849
2026-03-09T09:55:13Z,2025-10-28,21,R2,13.7802
2026-03-09T09:55:13Z,2025-10-28,20,R2,13.4272
2026-03-09T09:55:13Z,2025-10-28,19,R2,11.8104
2026-03-09T09:55:13Z,2025-10-28,18,R2,11.4182
2026-03-09T09:55:13Z,2025-10-28,17,R2,11.0964
2026-03-09T09:55:13Z,2025-10-28,16,R2,9.8318
2026-03-09T09:55:13Z,2025-10-28,15,R2,9.0091
2026-03-09T09:55:13Z,2025-10-28,22,R2,13.7789
2026-03-09T09:55:13Z,2025-10-28,13,R2,7.3131
2026-03-09T09:55:13Z,2025-10-28,7,R2,5.1561
2026-03-09T09:55:13Z,2025-10-28,11,R2,5.8249
2026-03-09T09:55:13Z,2025-10-28,10,R2,5.3394
2026-03-09T09:55:13Z,2025-10-28,9,R2,5.2239
2026-03-09T09:55:13Z,2025-10-28,8,R2,5.157
2026-03-09T09:55:13Z,2025-10-28,6,R2,5.1512
2026-03-09T09:55:13Z,2025-10-28,5,R2,5.115
2026-03-09T09:55:13Z,2025-10-28,4,R2,5.0013
2026-03-09T09:55:13Z,2025-10-28,3,R2,5.3718
2026-03-09T09:55:13Z,2025-10-28,2,R2,5.4961
2026-03-09T09:55:13Z,2025-10-28,23,R2,11.7006
2026-03-09T09:55:13Z,2025-10-28,12,R2,6.1425
2026-03-09T09:55:13Z,2025-10-28,24,R2,11.0753
2026-03-09T09:55:13Z,2025-10-28,1,R2,5.7424
2026-03-09T09:55:13Z,2025-10-28,26,R2,12.9616
2026-03-09T09:55:13Z,2025-10-28,48,R2,6.161
2026-03-09T09:55:13Z,2025-10-28,25,R2,12.3152
2026-03-09T09:55:13Z,2025-10-28,47,R2,6.186
2026-03-09T09:55:13Z,2025-10-28,46,R2,6.1862
2026-03-09T09:55:13Z,2025-10-28,45,R2,5.3814
2026-03-09T09:55:13Z,2025-10-28,44,R2,5.8763
2026-03-09T09:55:13Z,2025-10-28,43,R2,6.6284
2026-03-09T09:55:13Z,2025-10-28,41,R2,6.5262
2026-03-09T09:55:13Z,2025-10-28,40,R2,6.7424
2026-03-09T09:55:13Z,2025-10-28,39,R2,6.4345
2026-03-09T09:55:13Z,2025-10-28,38,R2,6.3899
2026-03-09T09:55:13Z,2025-10-28,42,R2,6.6523
2026-03-09T09:55:13Z,2025-10-28,36,R2,7.5711
2026-03-09T09:55:13Z,2025-10-28,35,R2,8.4851
2026-03-09T09:55:13Z,2025-10-28,34,R2,8.0398
2026-03-09T09:55:13Z,2025-10-28,33,R2,8.8983
2026-03-09T09:55:13Z,2025-10-28,32,R2,10.0964
2026-03-09T09:55:13Z,2025-10-28,31,R2,11.1436
2026-03-09T09:55:13Z,2025-10-28,30,R2,12.3002
2026-03-09T09:55:13Z,2025-10-28,29,R2,12.7875
2026-03-09T09:55:13Z,2025-10-28,28,R2,12.8869
2026-03-09T09:55:13Z,2025-10-28,37,R2,6.4843
2026-03-09T09:55:13Z,2025-10-28,27,R2,12.5354
2026-03-09T09:55:13Z,2025-10-29,14,R2,12.1338
2026-03-09T09:55:13Z,2025-10-29,15,R2,11.6087
2026-03-09T09:55:13Z,2025-10-29,16,R2,11.3384
2026-03-09T09:55:13Z,2025-10-29,21,R2,13.9539
2026-03-09T09:55:13Z,2025-10-29,18,R2,12.5284
2026-03-09T09:55:13Z,2025-10-29,19,R2,13.5419
2026-03-09T09:55:13Z,2025-10-29,20,R2,13.0893
2026-03-09T09:55:13Z,2025-10-29,13,R2,12.2924
2026-03-09T09:55:13Z,2025-10-29,17,R2,11.9255
2026-03-09T09:55:13Z,2025-10-29,12,R2,10.6857
2026-03-09T09:55:13Z,2025-10-29,1,R2,11.371
2026-03-09T09:55:13Z,2025-10-29,10,R2,9.9125
2026-03-09T09:55:13Z,2025-10-29,9,R2,10.8395
2026-03-09T09:55:13Z,2025-10-29,8,R2,10.6108
2026-03-09T09:55:13Z,2025-10-29,7,R2,10.3526
2026-03-09T09:55:13Z,2025-10-29,6,R2,10.7993
2026-03-09T09:55:13Z,2025-10-29,5,R2,10.9282
2026-03-09T09:55:13Z,2025-10-29,4,R2,11.5454
2026-03-09T09:55:13Z,2025-10-29,3,R2,11.7636
2026-03-09T09:55:13Z,2025-10-29,2,R2,10.8885
2026-03-09T09:55:13Z,2025-10-29,22,R2,13.7178
2026-03-09T09:55:13Z,2025-10-29,11,R2,10.7027
2026-03-09T09:55:13Z,2025-10-29,23,R2,14.1552
2026-03-09T09:55:13Z,2025-10-29,43,R2,10.0712
2026-03-09T09:55:13Z,2025-10-29,25,R2,13.2413
2026-03-09T09:55:13Z,2025-10-29,48,R2,8.7839
2026-03-09T09:55:13Z,2025-10-29,47,R2,8.0442
2026-03-09T09:55:13Z,2025-10-29,46,R2,8.823
2026-03-09T09:55:13Z,2025-10-29,45,R2,9.238
2026-03-09T09:55:13Z,2025-10-29,44,R2,9.6125
2026-03-09T09:55:13Z,2025-10-29,42,R2,10.6816
2026-03-09T09:55:13Z,2025-10-29,41,R2,11.033
2026-03-09T09:55:13Z,2025-10-29,40,R2,11.3444
2026-03-09T09:55:13Z,2025-10-29,39,R2,12.1985
2026-03-09T09:55:13Z,2025-10-29,38,R2,12.0968
2026-03-09T09:55:13Z,2025-10-29,37,R2,11.5766
2026-03-09T09:55:13Z,2025-10-29,24,R2,13.825
2026-03-09T09:55:13Z,2025-10-29,35,R2,10.9586
2026-03-09T09:55:13Z,2025-10-29,34,R2,11.6948
2026-03-09T09:55:13Z,2025-10-29,33,R2,11.6359
2026-03-09T09:55:13Z,2025-10-29,32,R2,11.6792
2026-03-09T09:55:13Z,2025-10-29,31,R2,11.6813
2026-03-09T09:55:13Z,2025-10-29,30,R2,11.9811
2026-03-09T09:55:13Z,2025-10-29,29,R2,12.377
2026-03-09T09:55:13Z,2025-10-29,28,R2,12.3739
2026-03-09T09:55:13Z,2025-10-29,27,R2,13.5873
2026-03-09T09:55:13Z,2025-10-29,26,R2,13.6948
2026-03-09T09:55:13Z,2025-10-29,36,R2,11.114
2026-03-09T09:55:13Z,2025-10-30,14,R2,11.7725
2026-03-09T09:55:13Z,2025-10-30,15,R2,12.1549
2026-03-09T09:55:13Z,2025-10-30,16,R2,13.7777
2026-03-09T09:55:13Z,2025-10-30,21,R2,21.2792
2026-03-09T09:55:13Z,2025-10-30,18,R2,17.3922
2026-03-09T09:55:13Z,2025-10-30,19,R2,18.8702
2026-03-09T09:55:13Z,2025-10-30,20,R2,21.3824
2026-03-09T09:55:13Z,2025-10-30,13,R2,11.6126
2026-03-09T09:55:13Z,2025-10-30,17,R2,16.089
2026-03-09T09:55:13Z,2025-10-30,12,R2,11.6733
2026-03-09T09:55:13Z,2025-10-30,6,R2,13.9212
2026-03-09T09:55:13Z,2025-10-30,10,R2,12.247
2026-03-09T09:55:13Z,2025-10-30,9,R2,12.9358
2026-03-09T09:55:13Z,2025-10-30,8,R2,13.1444
2026-03-09T09:55:13Z,2025-10-30,7,R2,13.5461
2026-03-09T09:55:13Z,2025-10-30,5,R2,14.3543
2026-03-09T09:55:13Z,2025-10-30,4,R2,14.7378
2026-03-09T09:55:13Z,2025-10-30,3,R2,14.6947
2026-03-09T09:55:13Z,2025-10-30,2,R2,18.5753
2026-03-09T09:55:13Z,2025-10-30,1,R2,15.6553
2026-03-09T09:55:13Z,2025-10-30,22,R2,22.9431
2026-03-09T09:55:13Z,2025-10-30,11,R2,11.8346
2026-03-09T09:55:13Z,2025-10-30,23,R2,22.9795
2026-03-09T09:55:13Z,2025-10-30,24,R2,24.4068
2026-03-09T09:55:13Z,2025-10-30,25,R2,23.279
2026-03-09T09:55:13Z,2025-10-30,47,R2,25.364
2026-03-09T09:55:13Z,2025-10-30,46,R2,25.2851
2026-03-09T09:55:13Z,2025-10-30,45,R2,25.8796
2026-03-09T09:55:13Z,2025-10-30,44,R2,27.5316
2026-03-09T09:55:13Z,2025-10-30,43,R2,26.1676
2026-03-09T09:55:13Z,2025-10-30,42,R2,26.3356
2026-03-09T09:55:13Z,2025-10-30,41,R2,26.3956
2026-03-09T09:55:13Z,2025-10-30,40,R2,26.2887
2026-03-09T09:55:13Z,2025-10-30,39,R2,25.5124
2026-03-09T09:55:13Z,2025-10-30,38,R2,25.4657
2026-03-09T09:55:13Z,2025-10-30,37,R2,26.0301
2026-03-09T09:55:13Z,2025-10-30,48,R2,24.2586
2026-03-09T09:55:13Z,2025-10-30,35,R2,26.2796
2026-03-09T09:55:13Z,2025-10-30,34,R2,26.3725
2026-03-09T09:55:13Z,2025-10-30,33,R2,25.8761
2026-03-09T09:55:13Z,2025-10-30,32,R2,25.4783
2026-03-09T09:55:13Z,2025-10-30,31,R2,26.4211
2026-03-09T09:55:13Z,2025-10-30,30,R2,25.3199
2026-03-09T09:55:13Z,2025-10-30,29,R2,24.5809
2026-03-09T09:55:13Z,2025-10-30,28,R2,24.4549
2026-03-09T09:55:13Z,2025-10-30,27,R2,24.4236
2026-03-09T09:55:13Z,2025-10-30,26,R2,24.5924
2026-03-09T09:55:13Z,2025-10-30,36,R2,26.764
2026-03-09T09:55:13Z,2025-10-31,14,R2,23.2624
2026-03-09T09:55:13Z,2025-10-31,15,R2,24.3482
2026-03-09T09:55:13Z,2025-10-31,16,R2,26.1918
2026-03-09T09:55:13Z,2025-10-31,21,R2,26.8328
2026-03-09T09:55:13Z,2025-10-31,18,R2,25.1237
2026-03-09T09:55:13Z,2025-10-31,19,R2,24.5002
2026-03-09T09:55:13Z,2025-10-31,20,R2,25.2302
2026-03-09T09:55:13Z,2025-10-31,13,R2,23.1287
2026-03-09T09:55:13Z,2025-10-31,17,R2,27.3209
2026-03-09T09:55:13Z,2025-10-31,12,R2,23.6965
2026-03-09T09:55:13Z,2025-10-31,6,R2,20.8342
2026-03-09T09:55:13Z,2025-10-31,10,R2,21.2078
2026-03-09T09:55:13Z,2025-10-31,9,R2,20.7232
2026-03-09T09:55:13Z,2025-10-31,8,R2,20.4763
2026-03-09T09:55:13Z,2025-10-31,7,R2,20.7834
2026-03-09T09:55:13Z,2025-10-31,5,R2,21.7282
2026-03-09T09:55:13Z,2025-10-31,4,R2,21.6358
2026-03-09T09:55:13Z,2025-10-31,3,R2,22.9653
2026-03-09T09:55:13Z,2025-10-31,2,R2,23.7063
2026-03-09T09:55:13Z,2025-10-31,1,R2,28.685
2026-03-09T09:55:13Z,2025-10-31,22,R2,26.1769
2026-03-09T09:55:13Z,2025-10-31,11,R2,23.1762
2026-03-09T09:55:13Z,2025-10-31,23,R2,26.3938
2026-03-09T09:55:13Z,2025-10-31,24,R2,27.0189
2026-03-09T09:55:13Z,2025-10-31,25,R2,26.6537
2026-03-09T09:55:13Z,2025-10-31,47,R2,25.5597
2026-03-09T09:55:13Z,2025-10-31,46,R2,26.1533
2026-03-09T09:55:13Z,2025-10-31,45,R2,26.4805
2026-03-09T09:55:13Z,2025-10-31,44,R2,26.5924
2026-03-09T09:55:13Z,2025-10-31,43,R2,25.9497
2026-03-09T09:55:13Z,2025-10-31,42,R2,24.3604
2026-03-09T09:55:13Z,2025-10-31,41,R2,23.7466
2026-03-09T09:55:13Z,2025-10-31,40,R2,25.5532
2026-03-09T09:55:13Z,2025-10-31,39,R2,26.9101
2026-03-09T09:55:13Z,2025-10-31,38,R2,26.7404
2026-03-09T09:55:13Z,2025-10-31,37,R2,26.704
2026-03-09T09:55:13Z,2025-10-31,48,R2,25.0066
2026-03-09T09:55:13Z,2025-10-31,35,R2,27.1828
2026-03-09T09:55:13Z,2025-10-31,34,R2,26.2752
2026-03-09T09:55:13Z,2025-10-31,33,R2,27.4982
2026-03-09T09:55:13Z,2025-10-31,32,R2,28.4706
2026-03-09T09:55:13Z,2025-10-31,31,R2,28.7437
2026-03-09T09:55:13Z,2025-10-31,30,R2,30.7238
2026-03-09T09:55:13Z,2025-10-31,29,R2,30.8771
2026-03-09T09:55:13Z,2025-10-31,28,R2,28.7197
2026-03-09T09:55:13Z,2025-10-31,27,R2,27.4177
2026-03-09T09:55:13Z,2025-10-31,26,R2,26.9624
2026-03-09T09:55:13Z,2025-10-31,36,R2,27.2175
2026-03-09T09:55:13Z,2025-11-01,15,R2,23.1084
2026-03-09T09:55:13Z,2025-11-01,16,R2,23.4084
2026-03-09T09:55:13Z,2025-11-01,17,R2,26.7659
2026-03-09T09:55:13Z,2025-11-01,22,R2,32.5135
2026-03-09T09:55:13Z,2025-11-01,19,R2,28.0512
2026-03-09T09:55:13Z,2025-11-01,20,R2,32.0541
2026-03-09T09:55:13Z,2025-11-01,21,R2,31.897
2026-03-09T09:55:13Z,2025-11-01,14,R2,21.6198
2026-03-09T09:55:13Z,2025-11-01,18,R2,28.7774
2026-03-09T09:55:13Z,2025-11-01,13,R2,23.18
2026-03-09T09:55:13Z,2025-11-01,7,R2,22.8088
2026-03-09T09:55:13Z,2025-11-01,11,R2,23.5592
2026-03-09T09:55:13Z,2025-11-01,10,R2,22.364
2026-03-09T09:55:13Z,2025-11-01,9,R2,23.1163
2026-03-09T09:55:13Z,2025-11-01,8,R2,23.6386
2026-03-09T09:55:13Z,2025-11-01,6,R2,23.4048
2026-03-09T09:55:13Z,2025-11-01,5,R2,23.7946
2026-03-09T09:55:13Z,2025-11-01,4,R2,22.8861
2026-03-09T09:55:13Z,2025-11-01,3,R2,22.9225
2026-03-09T09:55:13Z,2025-11-01,2,R2,22.747
2026-03-09T09:55:13Z,2025-11-01,23,R2,32.8139
2026-03-09T09:55:13Z,2025-11-01,12,R2,23.9425
2026-03-09T09:55:13Z,2025-11-01,1,R2,23.0539
2026-03-09T09:55:13Z,2025-11-01,25,R2,33.6194
2026-03-09T09:55:13Z,2025-11-01,26,R2,33.3264
2026-03-09T09:55:13Z,2025-11-01,48,R2,21.9477
2026-03-09T09:55:13Z,2025-11-01,47,R2,20.955
2026-03-09T09:55:13Z,2025-11-01,46,R2,21.3645
2026-03-09T09:55:13Z,2025-11-01,45,R2,20.6752
2026-03-09T09:55:13Z,2025-11-01,44,R2,19.7289
2026-03-09T09:55:13Z,2025-11-01,43,R2,19.3384
2026-03-09T09:55:13Z,2025-11-01,42,R2,20.4033
2026-03-09T09:55:13Z,2025-11-01,41,R2,20.4962
2026-03-09T09:55:13Z,2025-11-01,40,R2,22.301
2026-03-09T09:55:13Z,2025-11-01,39,R2,21.4972
2026-03-09T09:55:13Z,2025-11-01,38,R2,21.9692
2026-03-09T09:55:13Z,2025-11-01,24,R2,34.6943
2026-03-09T09:55:13Z,2025-11-01,36,R2,21.5025
2026-03-09T09:55:13Z,2025-11-01,35,R2,22.0883
2026-03-09T09:55:13Z,2025-11-01,34,R2,22.1191
2026-03-09T09:55:13Z,2025-11-01,33,R2,22.2497
2026-03-09T09:55:13Z,2025-11-01,32,R2,21.9899
2026-03-09T09:55:13Z,2025-11-01,31,R2,25.706
2026-03-09T09:55:13Z,2025-11-01,30,R2,28.1756
2026-03-09T09:55:13Z,2025-11-01,29,R2,28.7944
2026-03-09T09:55:13Z,2025-11-01,28,R2,27.9175
2026-03-09T09:55:13Z,2025-11-01,27,R2,29.3439
2026-03-09T09:55:13Z,2025-11-01,37,R2,21.5985
2026-03-09T09:55:13Z,2025-11-02,14,R2,24.0858
2026-03-09T09:55:13Z,2025-11-02,15,R2,23.0061
2026-03-09T09:55:13Z,2025-11-02,16,R2,24.4523
2026-03-09T09:55:13Z,2025-11-02,21,R2,37.286
2026-03-09T09:55:13Z,2025-11-02,18,R2,31.5524
2026-03-09T09:55:13Z,2025-11-02,19,R2,33.8147
2026-03-09T09:55:13Z,2025-11-02,20,R2,35.2028
2026-03-09T09:55:13Z,2025-11-02,13,R2,23.2712
2026-03-09T09:55:13Z,2025-11-02,17,R2,28.6263
2026-03-09T09:55:13Z,2025-11-02,12,R2,22.8026
2026-03-09T09:55:13Z,2025-11-02,6,R2,21.5572
2026-03-09T09:55:13Z,2025-11-02,10,R2,23.0718
2026-03-09T09:55:13Z,2025-11-02,9,R2,22.6601
2026-03-09T09:55:13Z,2025-11-02,8,R2,22.086
2026-03-09T09:55:13Z,2025-11-02,7,R2,23.1435
2026-03-09T09:55:13Z,2025-11-02,5,R2,22.2155
2026-03-09T09:55:13Z,2025-11-02,4,R2,22.2507
2026-03-09T09:55:13Z,2025-11-02,3,R2,23.7552
2026-03-09T09:55:13Z,2025-11-02,2,R2,25.2625
2026-03-09T09:55:13Z,2025-11-02,1,R2,29.9392
2026-03-09T09:55:13Z,2025-11-02,22,R2,37.917
2026-03-09T09:55:13Z,2025-11-02,11,R2,23.0629
2026-03-09T09:55:13Z,2025-11-02,23,R2,38.6625
2026-03-09T09:55:13Z,2025-11-02,24,R2,38.0346
2026-03-09T09:55:13Z,2025-11-02,25,R2,37.8326
2026-03-09T09:55:13Z,2025-11-02,47,R2,24.4283
2026-03-09T09:55:13Z,2025-11-02,46,R2,24.9134
2026-03-09T09:55:13Z,2025-11-02,45,R2,26.0049
2026-03-09T09:55:13Z,2025-11-02,44,R2,24.1682
2026-03-09T09:55:13Z,2025-11-02,43,R2,25.1328
2026-03-09T09:55:13Z,2025-11-02,42,R2,24.3714
2026-03-09T09:55:13Z,2025-11-02,41,R2,24.6633
2026-03-09T09:55:13Z,2025-11-02,40,R2,23.8209
2026-03-09T09:55:13Z,2025-11-02,39,R2,24.912
2026-03-09T09:55:13Z,2025-11-02,38,R2,24.7884
2026-03-09T09:55:13Z,2025-11-02,37,R2,24.0325
2026-03-09T09:55:13Z,2025-11-02,48,R2,25.2728
2026-03-09T09:55:13Z,2025-11-02,35,R2,23.3869
2026-03-09T09:55:13Z,2025-11-02,34,R2,25.2343
2026-03-09T09:55:13Z,2025-11-02,33,R2,27.4593
2026-03-09T09:55:13Z,2025-11-02,32,R2,30.884
2026-03-09T09:55:13Z,2025-11-02,31,R2,32.4689
2026-03-09T09:55:13Z,2025-11-02,30,R2,35.0941
2026-03-09T09:55:13Z,2025-11-02,29,R2,35.8146
2026-03-09T09:55:13Z,2025-11-02,28,R2,35.7745
2026-03-09T09:55:13Z,2025-11-02,27,R2,36.79
2026-03-09T09:55:13Z,2025-11-02,26,R2,37.6123
2026-03-09T09:55:13Z,2025-11-02,36,R2,24.7982
2026-03-09T09:55:13Z,2025-11-03,14,R2,26.4163
2026-03-09T09:55:13Z,2025-11-03,15,R2,27.2023
2026-03-09T09:55:13Z,2025-11-03,16,R2,29.0735
2026-03-09T09:55:13Z,2025-11-03,21,R2,31.8774
2026-03-09T09:55:13Z,2025-11-03,18,R2,31.9376
2026-03-09T09:55:13Z,2025-11-03,19,R2,31.4439
2026-03-09T09:55:13Z,2025-11-03,20,R2,31.1479
2026-03-09T09:55:13Z,2025-11-03,13,R2,26.4416
2026-03-09T09:55:13Z,2025-11-03,17,R2,29.8939
2026-03-09T09:55:13Z,2025-11-03,12,R2,26.0457
2026-03-09T09:55:13Z,2025-11-03,6,R2,23.4539
2026-03-09T09:55:13Z,2025-11-03,10,R2,24.7491
2026-03-09T09:55:13Z,2025-11-03,9,R2,24.1389
2026-03-09T09:55:13Z,2025-11-03,8,R2,23.9654
2026-03-09T09:55:13Z,2025-11-03,7,R2,22.8477
2026-03-09T09:55:13Z,2025-11-03,5,R2,24.2348
2026-03-09T09:55:13Z,2025-11-03,4,R2,23.7028
2026-03-09T09:55:13Z,2025-11-03,3,R2,24.0796
2026-03-09T09:55:13Z,2025-11-03,2,R2,23.6098
2026-03-09T09:55:13Z,2025-11-03,1,R2,23.3882
2026-03-09T09:55:13Z,2025-11-03,22,R2,32.5339
2026-03-09T09:55:13Z,2025-11-03,11,R2,25.2252
2026-03-09T09:55:13Z,2025-11-03,23,R2,32.4969
2026-03-09T09:55:13Z,2025-11-03,24,R2,33.7168
2026-03-09T09:55:13Z,2025-11-03,25,R2,31.6935
2026-03-09T09:55:13Z,2025-11-03,47,R2,25.6958
2026-03-09T09:55:13Z,2025-11-03,46,R2,24.8623
2026-03-09T09:55:13Z,2025-11-03,45,R2,25.1545
2026-03-09T09:55:13Z,2025-11-03,44,R2,25.4895
2026-03-09T09:55:13Z,2025-11-03,43,R2,27.4232
2026-03-09T09:55:13Z,2025-11-03,42,R2,28.6623
2026-03-09T09:55:13Z,2025-11-03,41,R2,29.2752
2026-03-09T09:55:13Z,2025-11-03,40,R2,29.3963
2026-03-09T09:55:13Z,2025-11-03,39,R2,29.403
2026-03-09T09:55:13Z,2025-11-03,38,R2,29.3557
2026-03-09T09:55:13Z,2025-11-03,37,R2,29.2723
2026-03-09T09:55:13Z,2025-11-03,48,R2,26.3934
2026-03-09T09:55:13Z,2025-11-03,35,R2,29.8578
2026-03-09T09:55:13Z,2025-11-03,34,R2,28.926
2026-03-09T09:55:13Z,2025-11-03,33,R2,27.9171
2026-03-09T09:55:13Z,2025-11-03,32,R2,28.1929
2026-03-09T09:55:13Z,2025-11-03,31,R2,28.9811
2026-03-09T09:55:13Z,2025-11-03,30,R2,29.6254
2026-03-09T09:55:13Z,2025-11-03,29,R2,30.6483
2026-03-09T09:55:13Z,2025-11-03,28,R2,31.1107
2026-03-09T09:55:13Z,2025-11-03,27,R2,30.8289
2026-03-09T09:55:13Z,2025-11-03,26,R2,31.213
2026-03-09T09:55:13Z,2025-11-03,36,R2,29.9614
2026-03-09T09:55:13Z,2025-11-04,14,R2,25.7542
2026-03-09T09:55:13Z,2025-11-04,15,R2,26.3325
2026-03-09T09:55:13Z,2025-11-04,16,R2,26.9524
2026-03-09T09:55:13Z,2025-11-04,21,R2,34.3418
2026-03-09T09:55:13Z,2025-11-04,18,R2,30.4047
2026-03-09T09:55:13Z,2025-11-04,19,R2,31.4575
2026-03-09T09:55:13Z,2025-11-04,20,R2,33.0181
2026-03-09T09:55:13Z,2025-11-04,13,R2,25.9751
2026-03-09T09:55:13Z,2025-11-04,17,R2,28.5799
2026-03-09T09:55:13Z,2025-11-04,12,R2,26.7735
2026-03-09T09:55:13Z,2025-11-04,6,R2,26.2597
2026-03-09T09:55:13Z,2025-11-04,10,R2,26.3883
2026-03-09T09:55:13Z,2025-11-04,9,R2,26.5397
2026-03-09T09:55:13Z,2025-11-04,8,R2,26.0551
2026-03-09T09:55:13Z,2025-11-04,7,R2,25.3685
2026-03-09T09:55:13Z,2025-11-04,5,R2,27.1552
2026-03-09T09:55:13Z,2025-11-04,4,R2,26.6112
2026-03-09T09:55:13Z,2025-11-04,3,R2,27.1134
2026-03-09T09:55:13Z,2025-11-04,2,R2,32.687
2026-03-09T09:55:13Z,2025-11-04,1,R2,34.1975
2026-03-09T09:55:13Z,2025-11-04,22,R2,35.9688
2026-03-09T09:55:13Z,2025-11-04,11,R2,26.6317
2026-03-09T09:55:13Z,2025-11-04,23,R2,34.937
2026-03-09T09:55:13Z,2025-11-04,24,R2,34.8964
2026-03-09T09:55:13Z,2025-11-04,25,R2,32.9705
2026-03-09T09:55:13Z,2025-11-04,47,R2,22.3004
2026-03-09T09:55:13Z,2025-11-04,46,R2,22.6659
2026-03-09T09:55:13Z,2025-11-04,45,R2,21.1998
2026-03-09T09:55:13Z,2025-11-04,44,R2,21.4868
2026-03-09T09:55:13Z,2025-11-04,43,R2,21.6722
2026-03-09T09:55:13Z,2025-11-04,42,R2,21.7367
2026-03-09T09:55:13Z,2025-11-04,41,R2,22.2531
2026-03-09T09:55:13Z,2025-11-04,40,R2,23.1784
2026-03-09T09:55:13Z,2025-11-04,39,R2,23.4549
2026-03-09T09:55:13Z,2025-11-04,38,R2,24.0253
2026-03-09T09:55:13Z,2025-11-04,37,R2,24.4447
2026-03-09T09:55:13Z,2025-11-04,48,R2,22.6664
2026-03-09T09:55:13Z,2025-11-04,35,R2,24.2079
2026-03-09T09:55:13Z,2025-11-04,34,R2,25.0058
2026-03-09T09:55:13Z,2025-11-04,33,R2,25.3801
2026-03-09T09:55:13Z,2025-11-04,32,R2,25.1322
2026-03-09T09:55:13Z,2025-11-04,31,R2,25.6648
2026-03-09T09:55:13Z,2025-11-04,30,R2,28.9612
2026-03-09T09:55:13Z,2025-11-04,29,R2,30.9328
2026-03-09T09:55:13Z,2025-11-04,28,R2,32.4313
2026-03-09T09:55:13Z,2025-11-04,27,R2,30.3169
2026-03-09T09:55:13Z,2025-11-04,26,R2,31.925
2026-03-09T09:55:13Z,2025-11-04,36,R2,23.5498
2026-01-09T09:50:08Z,2025-11-05,14,R1,16.0334
2026-01-09T09:50:08Z,2025-11-05,15,R1,16.3473
2026-01-09T09:50:08Z,2025-11-05,16,R1,17.8091
2026-01-09T09:50:08Z,2025-11-05,21,R1,22.8143
2026-01-09T09:50:08Z,2025-11-05,18,R1,18.8944
2026-01-09T09:50:08Z,2025-11-05,19,R1,20.463
2026-01-09T09:50:08Z,2025-11-05,20,R1,21.7528
2026-01-09T09:50:08Z,2025-11-05,13,R1,15.2802
2026-01-09T09:50:08Z,2025-11-05,17,R1,18.5029
2026-01-09T09:50:08Z,2025-11-05,12,R1,14.6376
2026-01-09T09:50:08Z,2025-11-05,6,R1,16.0466
2026-01-09T09:50:08Z,2025-11-05,10,R1,15.6448
2026-01-09T09:50:08Z,2025-11-05,9,R1,16.4842
2026-01-09T09:50:08Z,2025-11-05,8,R1,15.8286
2026-01-09T09:50:08Z,2025-11-05,7,R1,16.0379
2026-01-09T09:50:08Z,2025-11-05,5,R1,16.1594
2026-01-09T09:50:08Z,2025-11-05,4,R1,15.9728
2026-01-09T09:50:08Z,2025-11-05,3,R1,16.8285
2026-01-09T09:50:08Z,2025-11-05,2,R1,18.2526
2026-01-09T09:50:08Z,2025-11-05,1,R1,16.6965
2026-01-09T09:50:08Z,2025-11-05,22,R1,22.0914
2026-01-09T09:50:08Z,2025-11-05,11,R1,15.0112
2026-01-09T09:50:08Z,2025-11-05,23,R1,22.2209
2026-01-09T09:50:08Z,2025-11-05,48,R1,11.9387
2026-01-09T09:50:08Z,2025-11-05,25,R1,19.9499
2026-01-09T09:50:08Z,2025-11-05,47,R1,11.7188
2026-01-09T09:50:08Z,2025-11-05,46,R1,11.8924
2026-01-09T09:50:08Z,2025-11-05,45,R1,11.6837
2026-01-09T09:50:08Z,2025-11-05,44,R1,12.2184
2026-01-09T09:50:08Z,2025-11-05,43,R1,12.7585
2026-01-09T09:50:08Z,2025-11-05,42,R1,12.9196
2026-01-09T09:50:08Z,2025-11-05,41,R1,13.9316
2026-01-09T09:50:08Z,2025-11-05,40,R1,14.4104
2026-01-09T09:50:08Z,2025-11-05,39,R1,14.5131
2026-01-09T09:50:08Z,2025-11-05,38,R1,14.9125
2026-01-09T09:50:08Z,2025-11-05,37,R1,14.3878
2026-01-09T09:50:08Z,2025-11-05,24,R1,21.5032
2026-01-09T09:50:08Z,2025-11-05,35,R1,14.506
2026-01-09T09:50:08Z,2025-11-05,34,R1,14.273
2026-01-09T09:50:08Z,2025-11-05,33,R1,15.9571
2026-01-09T09:50:08Z,2025-11-05,32,R1,15.3036
2026-01-09T09:50:08Z,2025-11-05,31,R1,15.2804
2026-01-09T09:50:08Z,2025-11-05,30,R1,16.8897
2026-01-09T09:50:08Z,2025-11-05,29,R1,17.2218
2026-01-09T09:50:08Z,2025-11-05,28,R1,17.838
2026-01-09T09:50:08Z,2025-11-05,27,R1,19.2246
2026-01-09T09:50:08Z,2025-11-05,26,R1,19.48
2026-01-09T09:50:08Z,2025-11-05,36,R1,14.662
2026-01-09T09:50:08Z,2025-11-06,14,R1,7.5535
2026-01-09T09:50:08Z,2025-11-06,15,R1,7.4908
2026-01-09T09:50:08Z,2025-11-06,16,R1,7.6819
2026-01-09T09:50:08Z,2025-11-06,21,R1,9.532
2026-01-09T09:50:08Z,2025-11-06,18,R1,8.817
2026-01-09T09:50:08Z,2025-11-06,19,R1,9.4898
2026-01-09T09:50:08Z,2025-11-06,20,R1,9.6425
2026-01-09T09:50:08Z,2025-11-06,13,R1,7.5662
2026-01-09T09:50:08Z,2025-11-06,17,R1,8.0862
2026-01-09T09:50:08Z,2025-11-06,12,R1,7.286
2026-01-09T09:50:08Z,2025-11-06,6,R1,6.5225
2026-01-09T09:50:08Z,2025-11-06,10,R1,6.7528
2026-01-09T09:50:08Z,2025-11-06,9,R1,6.501
2026-01-09T09:50:08Z,2025-11-06,8,R1,6.6062
2026-01-09T09:50:08Z,2025-11-06,7,R1,6.542
2026-01-09T09:50:08Z,2025-11-06,5,R1,6.4481
2026-01-09T09:50:08Z,2025-11-06,4,R1,7.5581
2026-01-09T09:50:08Z,2025-11-06,3,R1,6.9906
2026-01-09T09:50:08Z,2025-11-06,2,R1,7.1015
2026-01-09T09:50:08Z,2025-11-06,1,R1,6.4917
2026-01-09T09:50:08Z,2025-11-06,22,R1,10.3899
2026-01-09T09:50:08Z,2025-11-06,11,R1,6.763
2026-01-09T09:50:08Z,2025-11-06,23,R1,11.2295
2026-01-09T09:50:08Z,2025-11-06,24,R1,10.4461
2026-01-09T09:50:08Z,2025-11-06,25,R1,10.1614
2026-01-09T09:50:08Z,2025-11-06,47,R1,7.2088
2026-01-09T09:50:08Z,2025-11-06,46,R1,7.2185
2026-01-09T09:50:08Z,2025-11-06,45,R1,7.1911
2026-01-09T09:50:08Z,2025-11-06,44,R1,7.4607
2026-01-09T09:50:08Z,2025-11-06,43,R1,7.7908
2026-01-09T09:50:08Z,2025-11-06,42,R1,8.031
2026-01-09T09:50:08Z,2025-11-06,41,R1,8.042
2026-01-09T09:50:08Z,2025-11-06,40,R1,8.0271
2026-01-09T09:50:08Z,2025-11-06,39,R1,7.931
2026-01-09T09:50:08Z,2025-11-06,38,R1,8.0112
2026-01-09T09:50:08Z,2025-11-06,37,R1,7.894
2026-01-09T09:50:08Z,2025-11-06,48,R1,6.954
2026-01-09T09:50:08Z,2025-11-06,35,R1,7.7705
2026-01-09T09:50:08Z,2025-11-06,34,R1,7.5404
2026-01-09T09:50:08Z,2025-11-06,33,R1,7.837
2026-01-09T09:50:08Z,2025-11-06,32,R1,7.8245
2026-01-09T09:50:08Z,2025-11-06,31,R1,7.9634
2026-01-09T09:50:08Z,2025-11-06,30,R1,8.3966
2026-01-09T09:50:08Z,2025-11-06,29,R1,9.2064
2026-01-09T09:50:08Z,2025-11-06,28,R1,10.9945
2026-01-09T09:50:08Z,2025-11-06,27,R1,10.4063
2026-01-09T09:50:08Z,2025-11-06,26,R1,10.0834
2026-01-09T09:50:08Z,2025-11-06,36,R1,7.8418
2026-01-09T09:50:08Z,2025-11-07,14,R1,6.1828
2026-01-09T09:50:08Z,2025-11-07,15,R1,5.8829
2026-01-09T09:50:08Z,2025-11-07,16,R1,6.0689
2026-01-09T09:50:08Z,2025-11-07,21,R1,8.9537
2026-01-09T09:50:08Z,2025-11-07,18,R1,7.3405
2026-01-09T09:50:08Z,2025-11-07,19,R1,7.7252
2026-01-09T09:50:08Z,2025-11-07,20,R1,8.5396
2026-01-09T09:50:08Z,2025-11-07,13,R1,6.0319
2026-01-09T09:50:08Z,2025-11-07,17,R1,7.2449
2026-01-09T09:50:08Z,2025-11-07,12,R1,5.1171
2026-01-09T09:50:08Z,2025-11-07,6,R1,3.7267
2026-01-09T09:50:08Z,2025-11-07,10,R1,4.0226
2026-01-09T09:50:08Z,2025-11-07,9,R1,3.8538
2026-01-09T09:50:08Z,2025-11-07,8,R1,3.7833
2026-01-09T09:50:08Z,2025-11-07,7,R1,3.8509
2026-01-09T09:50:08Z,2025-11-07,5,R1,3.8034
2026-01-09T09:50:08Z,2025-11-07,4,R1,3.8395
2026-01-09T09:50:08Z,2025-11-07,3,R1,4.0548
2026-01-09T09:50:08Z,2025-11-07,2,R1,3.98
2026-01-09T09:50:08Z,2025-11-07,1,R1,4.0665
2026-01-09T09:50:08Z,2025-11-07,22,R1,8.4331
2026-01-09T09:50:08Z,2025-11-07,11,R1,4.5379
2026-01-09T09:50:08Z,2025-11-07,23,R1,8.3083
2026-01-09T09:50:08Z,2025-11-07,48,R1,4.5408
2026-01-09T09:50:08Z,2025-11-07,25,R1,8.419
2026-01-09T09:50:08Z,2025-11-07,24,R1,8.5183
2026-01-09T09:50:08Z,2025-11-07,47,R1,4.425
2026-01-09T09:50:08Z,2025-11-07,46,R1,4.7405
2026-01-09T09:50:08Z,2025-11-07,45,R1,4.8194
2026-01-09T09:50:08Z,2025-11-07,44,R1,4.9599
2026-01-09T09:50:08Z,2025-11-07,43,R1,5.2124
2026-01-09T09:50:08Z,2025-11-07,42,R1,5.3279
2026-01-09T09:50:08Z,2025-11-07,40,R1,6.2569
2026-01-09T09:50:08Z,2025-11-07,39,R1,5.9418
2026-01-09T09:50:08Z,2025-11-07,38,R1,6.3183
2026-01-09T09:50:08Z,2025-11-07,37,R1,7.9399
2026-01-09T09:50:08Z,2025-11-07,41,R1,5.4766
2026-01-09T09:50:08Z,2025-11-07,35,R1,6.6738
2026-01-09T09:50:08Z,2025-11-07,36,R1,7.39
2026-01-09T09:50:08Z,2025-11-07,27,R1,8.1283
2026-01-09T09:50:08Z,2025-11-07,28,R1,8.9851
2026-01-09T09:50:08Z,2025-11-07,29,R1,7.8662
2026-01-09T09:50:08Z,2025-11-07,30,R1,7.3475
2026-01-09T09:50:08Z,2025-11-07,26,R1,8.2082
2026-01-09T09:50:08Z,2025-11-07,32,R1,6.6777
2026-01-09T09:50:08Z,2025-11-07,33,R1,6.6983
2026-01-09T09:50:08Z,2025-11-07,34,R1,6.4906
2026-01-09T09:50:08Z,2025-11-07,31,R1,7.3161
2026-01-09T09:50:08Z,2025-11-08,14,R1,19.7049
2026-01-09T09:50:08Z,2025-11-08,22,R1,30.4555
2026-01-09T09:50:08Z,2025-11-08,21,R1,29.9251
2026-01-09T09:50:08Z,2025-11-08,20,R1,29.0584
2026-01-09T09:50:08Z,2025-11-08,19,R1,28.1656
2026-01-09T09:50:08Z,2025-11-08,18,R1,27.1403
2026-01-09T09:50:08Z,2025-11-08,17,R1,23.9449
2026-01-09T09:50:08Z,2025-11-08,16,R1,20.7113
2026-01-09T09:50:08Z,2025-11-08,15,R1,19.8135
2026-01-09T09:50:08Z,2025-11-08,13,R1,20.0524
2026-01-09T09:50:08Z,2025-11-08,23,R1,29.5668
2026-01-09T09:50:08Z,2025-11-08,10,R1,19.6969
2026-01-09T09:50:08Z,2025-11-08,9,R1,19.665
2026-01-09T09:50:08Z,2025-11-08,8,R1,19.6547
2026-01-09T09:50:08Z,2025-11-08,7,R1,19.5412
2026-01-09T09:50:08Z,2025-11-08,6,R1,19.7222
2026-01-09T09:50:08Z,2025-11-08,5,R1,19.7254
2026-01-09T09:50:08Z,2025-11-08,4,R1,19.7637
2026-01-09T09:50:08Z,2025-11-08,3,R1,19.6362
2026-01-09T09:50:08Z,2025-11-08,2,R1,19.8459
2026-01-09T09:50:08Z,2025-11-08,1,R1,19.3936
2026-01-09T09:50:08Z,2025-11-08,11,R1,19.673
2026-01-09T09:50:08Z,2025-11-08,24,R1,30.4937
2026-01-09T09:50:08Z,2025-11-08,12,R1,19.3436
2026-01-09T09:50:08Z,2025-11-08,26,R1,26.8649
2026-01-09T09:50:08Z,2025-11-08,47,R1,20.3962
2026-01-09T09:50:08Z,2025-11-08,46,R1,20.6158
2026-01-09T09:50:08Z,2025-11-08,45,R1,20.7811
2026-01-09T09:50:08Z,2025-11-08,44,R1,20.493
2026-01-09T09:50:08Z,2025-11-08,43,R1,19.7078
2026-01-09T09:50:08Z,2025-11-08,42,R1,20.39
2026-01-09T09:50:08Z,2025-11-08,41,R1,20.9108
2026-01-09T09:50:08Z,2025-11-08,40,R1,21.4439
2026-01-09T09:50:08Z,2025-11-08,39,R1,21.2332
2026-01-09T09:50:08Z,2025-11-08,38,R1,21.375
2026-01-09T09:50:08Z,2025-11-08,37,R1,20.9786
2026-01-09T09:50:08Z,2025-11-08,25,R1,27.2852
2026-01-09T09:50:08Z,2025-11-08,36,R1,20.2547
2026-01-09T09:50:08Z,2025-11-08,35,R1,20.117
2026-01-09T09:50:08Z,2025-11-08,34,R1,20.7891
2026-01-09T09:50:08Z,2025-11-08,33,R1,20.3667
2026-01-09T09:50:08Z,2025-11-08,32,R1,21.6313
2026-01-09T09:50:08Z,2025-11-08,31,R1,24.5784
2026-01-09T09:50:08Z,2025-11-08,30,R1,26.0467
2026-01-09T09:50:08Z,2025-11-08,29,R1,26.1415
2026-01-09T09:50:08Z,2025-11-08,28,R1,26.7809
2026-01-09T09:50:08Z,2025-11-08,27,R1,27.1361
2026-01-09T09:50:08Z,2025-11-08,48,R1,20.2154
2026-01-09T09:50:08Z,2025-11-09,14,R1,9.4107
2026-01-09T09:50:08Z,2025-11-09,15,R1,9.954
2026-01-09T09:50:08Z,2025-11-09,16,R1,10.4173
2026-01-09T09:50:08Z,2025-11-09,21,R1,13.2981
2026-01-09T09:50:08Z,2025-11-09,18,R1,11.3364
2026-01-09T09:50:08Z,2025-11-09,19,R1,12.1597
2026-01-09T09:50:08Z,2025-11-09,20,R1,12.3108
2026-01-09T09:50:08Z,2025-11-09,13,R1,9.0773
2026-01-09T09:50:08Z,2025-11-09,17,R1,11.088
2026-01-09T09:50:08Z,2025-11-09,12,R1,8.3971
2026-01-09T09:50:08Z,2025-11-09,6,R1,7.5455
2026-01-09T09:50:08Z,2025-11-09,10,R1,7.9096
2026-01-09T09:50:08Z,2025-11-09,9,R1,7.7509
2026-01-09T09:50:08Z,2025-11-09,8,R1,7.7822
2026-01-09T09:50:08Z,2025-11-09,7,R1,7.6928
2026-01-09T09:50:08Z,2025-11-09,5,R1,7.2356
2026-01-09T09:50:08Z,2025-11-09,4,R1,7.3623
2026-01-09T09:50:08Z,2025-11-09,3,R1,7.3082
2026-01-09T09:50:08Z,2025-11-09,2,R1,7.2893
2026-01-09T09:50:08Z,2025-11-09,1,R1,7.0352
2026-01-09T09:50:08Z,2025-11-09,22,R1,13.7671
2026-01-09T09:50:08Z,2025-11-09,11,R1,8.2256
2026-01-09T09:50:08Z,2025-11-09,23,R1,14.0562
2026-01-09T09:50:08Z,2025-11-09,24,R1,14.2392
2026-01-09T09:50:08Z,2025-11-09,25,R1,15.481
2026-01-09T09:50:08Z,2025-11-09,47,R1,8.0145
2026-01-09T09:50:08Z,2025-11-09,46,R1,8.2781
2026-01-09T09:50:08Z,2025-11-09,45,R1,8.3788
2026-01-09T09:50:08Z,2025-11-09,44,R1,8.6979
2026-01-09T09:50:08Z,2025-11-09,43,R1,8.7783
2026-01-09T09:50:08Z,2025-11-09,42,R1,9.247
2026-01-09T09:50:08Z,2025-11-09,41,R1,9.422
2026-01-09T09:50:08Z,2025-11-09,40,R1,9.8639
2026-01-09T09:50:08Z,2025-11-09,39,R1,9.8489
2026-01-09T09:50:08Z,2025-11-09,38,R1,10.4368
2026-01-09T09:50:08Z,2025-11-09,37,R1,10.3808
2026-01-09T09:50:08Z,2025-11-09,48,R1,7.741
2026-01-09T09:50:08Z,2025-11-09,35,R1,11.2416
2026-01-09T09:50:08Z,2025-11-09,34,R1,11.6373
2026-01-09T09:50:08Z,2025-11-09,33,R1,11.477
2026-01-09T09:50:08Z,2025-11-09,32,R1,11.7197
2026-01-09T09:50:08Z,2025-11-09,31,R1,11.9822
2026-01-09T09:50:08Z,2025-11-09,30,R1,12.901
2026-01-09T09:50:08Z,2025-11-09,29,R1,13.3571
2026-01-09T09:50:08Z,2025-11-09,28,R1,13.775
2026-01-09T09:50:08Z,2025-11-09,27,R1,14.946
2026-01-09T09:50:08Z,2025-11-09,26,R1,15.7554
2026-01-09T09:50:08Z,2025-11-09,36,R1,10.6251
2026-01-09T09:50:08Z,2025-11-10,14,R1,10.115
2026-01-09T09:50:08Z,2025-11-10,15,R1,10.2767
2026-01-09T09:50:08Z,2025-11-10,16,R1,10.7932
2026-01-09T09:50:08Z,2025-11-10,21,R1,12.9139
2026-01-09T09:50:08Z,2025-11-10,18,R1,11.4828
2026-01-09T09:50:08Z,2025-11-10,19,R1,9.8765
2026-01-09T09:50:08Z,2025-11-10,20,R1,11.8277
2026-01-09T09:50:08Z,2025-11-10,13,R1,9.7853
2026-01-09T09:50:08Z,2025-11-10,17,R1,10.8421
2026-01-09T09:50:08Z,2025-11-10,12,R1,8.8944
2026-01-09T09:50:08Z,2025-11-10,6,R1,9.3096
2026-01-09T09:50:08Z,2025-11-10,10,R1,8.9639
2026-01-09T09:50:08Z,2025-11-10,9,R1,7.9137
2026-01-09T09:50:08Z,2025-11-10,8,R1,8.3747
2026-01-09T09:50:08Z,2025-11-10,7,R1,8.7716
2026-01-09T09:50:08Z,2025-11-10,5,R1,9.2957
2026-01-09T09:50:08Z,2025-11-10,4,R1,8.0919
2026-01-09T09:50:08Z,2025-11-10,3,R1,7.5978
2026-01-09T09:50:08Z,2025-11-10,2,R1,7.5382
2026-01-09T09:50:08Z,2025-11-10,1,R1,7.8042
2026-01-09T09:50:08Z,2025-11-10,22,R1,12.8202
2026-01-09T09:50:08Z,2025-11-10,11,R1,9.3514
2026-01-09T09:50:08Z,2025-11-10,23,R1,13.5307
2026-01-09T09:50:08Z,2025-11-10,24,R1,14.4161
2026-01-09T09:50:08Z,2025-11-10,25,R1,14.6427
2026-01-09T09:50:08Z,2025-11-10,47,R1,8.2818
2026-01-09T09:50:08Z,2025-11-10,46,R1,7.4972
2026-01-09T09:50:08Z,2025-11-10,45,R1,7.6369
2026-01-09T09:50:08Z,2025-11-10,44,R1,7.9554
2026-01-09T09:50:08Z,2025-11-10,43,R1,8.2162
2026-01-09T09:50:08Z,2025-11-10,42,R1,8.877
2026-01-09T09:50:08Z,2025-11-10,41,R1,8.8898
2026-01-09T09:50:08Z,2025-11-10,40,R1,9.2841
2026-01-09T09:50:08Z,2025-11-10,39,R1,9.9197
2026-01-09T09:50:08Z,2025-11-10,38,R1,10.2608
2026-01-09T09:50:08Z,2025-11-10,37,R1,10.3387
2026-01-09T09:50:08Z,2025-11-10,48,R1,8.2616
2026-01-09T09:50:08Z,2025-11-10,35,R1,10.2388
2026-01-09T09:50:08Z,2025-11-10,34,R1,10.3143
2026-01-09T09:50:08Z,2025-11-10,33,R1,10.3659
2026-01-09T09:50:08Z,2025-11-10,32,R1,11.0534
2026-01-09T09:50:08Z,2025-11-10,31,R1,11.9368
2026-01-09T09:50:08Z,2025-11-10,30,R1,12.2353
2026-01-09T09:50:08Z,2025-11-10,29,R1,13.2954
2026-01-09T09:50:08Z,2025-11-10,28,R1,13.7046
2026-01-09T09:50:08Z,2025-11-10,27,R1,13.7834
2026-01-09T09:50:08Z,2025-11-10,26,R1,13.4819
2026-01-09T09:50:08Z,2025-11-10,36,R1,10.3104
2026-02-09T09:50:10Z,2025-11-11,14,R1,22.7519
2026-02-09T09:50:10Z,2025-11-11,15,R1,22.1348
2026-02-09T09:50:10Z,2025-11-11,16,R1,22.9884
2026-02-09T09:50:10Z,2025-11-11,21,R1,29.0404
2026-02-09T09:50:10Z,2025-11-11,18,R1,25.2569
2026-02-09T09:50:10Z,2025-11-11,19,R1,27.4277
2026-02-09T09:50:10Z,2025-11-11,20,R1,28.7221
2026-02-09T09:50:10Z,2025-11-11,13,R1,22.6331
2026-02-09T09:50:10Z,2025-11-11,17,R1,24.5421
2026-02-09T09:50:10Z,2025-11-11,12,R1,21.7115
2026-02-09T09:50:10Z,2025-11-11,6,R1,20.3412
2026-02-09T09:50:10Z,2025-11-11,10,R1,21.3299
2026-02-09T09:50:10Z,2025-11-11,9,R1,20.773
2026-02-09T09:50:10Z,2025-11-11,8,R1,20.4692
2026-02-09T09:50:10Z,2025-11-11,7,R1,20.2374
2026-02-09T09:50:10Z,2025-11-11,5,R1,20.3809
2026-02-09T09:50:10Z,2025-11-11,4,R1,19.8379
2026-02-09T09:50:10Z,2025-11-11,3,R1,19.8231
2026-02-09T09:50:10Z,2025-11-11,2,R1,20.0548
2026-02-09T09:50:10Z,2025-11-11,1,R1,19.9965
2026-02-09T09:50:10Z,2025-11-11,22,R1,30.1051
2026-02-09T09:50:10Z,2025-11-11,11,R1,21.4421
2026-02-09T09:50:10Z,2025-11-11,23,R1,28.3242
2026-02-09T09:50:10Z,2025-11-11,24,R1,28.5476
2026-02-09T09:50:10Z,2025-11-11,25,R1,29.0062
2026-02-09T09:50:10Z,2025-11-11,47,R1,24.6285
2026-02-09T09:50:10Z,2025-11-11,46,R1,25.5582
2026-02-09T09:50:10Z,2025-11-11,45,R1,26.689
2026-02-09T09:50:10Z,2025-11-11,44,R1,26.2305
2026-02-09T09:50:10Z,2025-11-11,43,R1,26.3613
2026-02-09T09:50:10Z,2025-11-11,42,R1,26.5224
2026-02-09T09:50:10Z,2025-11-11,41,R1,25.6737
2026-02-09T09:50:10Z,2025-11-11,40,R1,25.0909
2026-02-09T09:50:10Z,2025-11-11,39,R1,25.1905
2026-02-09T09:50:10Z,2025-11-11,38,R1,25.7744
2026-02-09T09:50:10Z,2025-11-11,37,R1,24.7322
2026-02-09T09:50:10Z,2025-11-11,48,R1,24.4143
2026-02-09T09:50:10Z,2025-11-11,35,R1,24.7793
2026-02-09T09:50:10Z,2025-11-11,34,R1,24.989
2026-02-09T09:50:10Z,2025-11-11,33,R1,24.3824
2026-02-09T09:50:10Z,2025-11-11,32,R1,24.1522
2026-02-09T09:50:10Z,2025-11-11,31,R1,24.5187
2026-02-09T09:50:10Z,2025-11-11,30,R1,26.1209
2026-02-09T09:50:10Z,2025-11-11,29,R1,27.7561
2026-02-09T09:50:10Z,2025-11-11,28,R1,28.8703
2026-02-09T09:50:10Z,2025-11-11,27,R1,28.1312
2026-02-09T09:50:10Z,2025-11-11,26,R1,29.1923
2026-02-09T09:50:10Z,2025-11-11,36,R1,24.3989
2026-02-09T09:50:10Z,2025-11-12,14,R1,23.3329
2026-02-09T09:50:10Z,2025-11-12,15,R1,22.202
2026-02-09T09:50:10Z,2025-11-12,16,R1,22.7483
2026-02-09T09:50:10Z,2025-11-12,21,R1,27.0668
2026-02-09T09:50:10Z,2025-11-12,18,R1,25.4982
2026-02-09T09:50:10Z,2025-11-12,19,R1,27.0818
2026-02-09T09:50:10Z,2025-11-12,20,R1,27.3375
2026-02-09T09:50:10Z,2025-11-12,13,R1,23.5321
2026-02-09T09:50:10Z,2025-11-12,17,R1,23.4942
2026-02-09T09:50:10Z,2025-11-12,12,R1,22.7041
2026-02-09T09:50:10Z,2025-11-12,6,R1,22.7761
2026-02-09T09:50:10Z,2025-11-12,10,R1,23.3084
2026-02-09T09:50:10Z,2025-11-12,9,R1,23.0196
2026-02-09T09:50:10Z,2025-11-12,8,R1,23.1646
2026-02-09T09:50:10Z,2025-11-12,7,R1,23.2292
2026-02-09T09:50:10Z,2025-11-12,5,R1,23.0794
2026-02-09T09:50:10Z,2025-11-12,4,R1,23.0577
2026-02-09T09:50:10Z,2025-11-12,3,R1,23.3144
2026-02-09T09:50:10Z,2025-11-12,2,R1,23.6512
2026-02-09T09:50:10Z,2025-11-12,1,R1,24.4016
2026-02-09T09:50:10Z,2025-11-12,22,R1,27.3978
2026-02-09T09:50:10Z,2025-11-12,11,R1,23.1007
2026-02-09T09:50:10Z,2025-11-12,23,R1,27.4309
2026-02-09T09:50:10Z,2025-11-12,24,R1,26.3199
2026-02-09T09:50:10Z,2025-11-12,25,R1,26.783
2026-02-09T09:50:10Z,2025-11-12,47,R1,24.3039
2026-02-09T09:50:10Z,2025-11-12,46,R1,23.995
2026-02-09T09:50:10Z,2025-11-12,45,R1,23.5884
2026-02-09T09:50:10Z,2025-11-12,44,R1,23.6919
2026-02-09T09:50:10Z,2025-11-12,43,R1,23.909
2026-02-09T09:50:10Z,2025-11-12,42,R1,23.0756
2026-02-09T09:50:10Z,2025-11-12,41,R1,21.0764
2026-02-09T09:50:10Z,2025-11-12,40,R1,20.8399
2026-02-09T09:50:10Z,2025-11-12,39,R1,21.1121
2026-02-09T09:50:10Z,2025-11-12,38,R1,21.1228
2026-02-09T09:50:10Z,2025-11-12,37,R1,20.7924
2026-02-09T09:50:10Z,2025-11-12,48,R1,24.6572
2026-02-09T09:50:10Z,2025-11-12,35,R1,19.7733
2026-02-09T09:50:10Z,2025-11-12,34,R1,19.9826
2026-02-09T09:50:10Z,2025-11-12,33,R1,19.3382
2026-02-09T09:50:10Z,2025-11-12,32,R1,19.9066
2026-02-09T09:50:10Z,2025-11-12,31,R1,21.1679
2026-02-09T09:50:10Z,2025-11-12,30,R1,23.0414
2026-02-09T09:50:10Z,2025-11-12,29,R1,24.434
2026-02-09T09:50:10Z,2025-11-12,28,R1,26.2165
2026-02-09T09:50:10Z,2025-11-12,27,R1,25.9858
2026-02-09T09:50:10Z,2025-11-12,26,R1,26.0642
2026-02-09T09:50:10Z,2025-11-12,36,R1,20.7169
2026-02-09T09:50:10Z,2025-11-13,14,R1,22.8681
2026-02-09T09:50:10Z,2025-11-13,15,R1,23.3532
2026-02-09T09:50:10Z,2025-11-13,16,R1,23.2911
2026-02-09T09:50:10Z,2025-11-13,21,R1,36.8446
2026-02-09T09:50:10Z,2025-11-13,18,R1,27.7073
2026-02-09T09:50:10Z,2025-11-13,19,R1,30.5231
2026-02-09T09:50:10Z,2025-11-13,20,R1,34.3345
2026-02-09T09:50:10Z,2025-11-13,13,R1,23.068
2026-02-09T09:50:10Z,2025-11-13,17,R1,24.4798
2026-02-09T09:50:10Z,2025-11-13,12,R1,23.2713
2026-02-09T09:50:10Z,2025-11-13,6,R1,24.9802
2026-02-09T09:50:10Z,2025-11-13,10,R1,24.349
2026-02-09T09:50:10Z,2025-11-13,9,R1,24.228
2026-02-09T09:50:10Z,2025-11-13,8,R1,24.6761
2026-02-09T09:50:10Z,2025-11-13,7,R1,24.7592
2026-02-09T09:50:10Z,2025-11-13,5,R1,24.5939
2026-02-09T09:50:10Z,2025-11-13,4,R1,24.3201
2026-02-09T09:50:10Z,2025-11-13,3,R1,24.2364
2026-02-09T09:50:10Z,2025-11-13,2,R1,24.1066
2026-02-09T09:50:10Z,2025-11-13,1,R1,24.0281
2026-02-09T09:50:10Z,2025-11-13,22,R1,37.5954
2026-02-09T09:50:10Z,2025-11-13,11,R1,23.496
2026-02-09T09:50:10Z,2025-11-13,23,R1,38.2177
2026-02-09T09:50:10Z,2025-11-13,24,R1,37.5721
2026-02-09T09:50:10Z,2025-11-13,25,R1,34.876
2026-02-09T09:50:10Z,2025-11-13,47,R1,24.3278
2026-02-09T09:50:10Z,2025-11-13,46,R1,24.0613
2026-02-09T09:50:10Z,2025-11-13,45,R1,24.3953
2026-02-09T09:50:10Z,2025-11-13,44,R1,24.535
2026-02-09T09:50:10Z,2025-11-13,43,R1,25.4978
2026-02-09T09:50:10Z,2025-11-13,42,R1,24.2081
2026-02-09T09:50:10Z,2025-11-13,41,R1,22.6893
2026-02-09T09:50:10Z,2025-11-13,40,R1,22.9733
2026-02-09T09:50:10Z,2025-11-13,39,R1,23.459
2026-02-09T09:50:10Z,2025-11-13,38,R1,23.9255
2026-02-09T09:50:10Z,2025-11-13,37,R1,23.7135
2026-02-09T09:50:10Z,2025-11-13,48,R1,24.1147
2026-02-09T09:50:10Z,2025-11-13,35,R1,21.2648
2026-02-09T09:50:10Z,2025-11-13,34,R1,20.4112
2026-02-09T09:50:10Z,2025-11-13,33,R1,20.4485
2026-02-09T09:50:10Z,2025-11-13,32,R1,20.6629
2026-02-09T09:50:10Z,2025-11-13,31,R1,22.4538
2026-02-09T09:50:10Z,2025-11-13,30,R1,27.02
2026-02-09T09:50:10Z,2025-11-13,29,R1,28.9486
2026-02-09T09:50:10Z,2025-11-13,28,R1,32.346
2026-02-09T09:50:10Z,2025-11-13,27,R1,36.2755
2026-02-09T09:50:10Z,2025-11-13,26,R1,35.2934
2026-02-09T09:50:10Z,2025-11-13,36,R1,23.7572
2026-02-09T09:50:10Z,2025-11-14,14,R1,23.5446
2026-02-09T09:50:10Z,2025-11-14,15,R1,24.063
2026-02-09T09:50:10Z,2025-11-14,16,R1,22.6392
2026-02-09T09:50:10Z,2025-11-14,21,R1,23.742
2026-02-09T09:50:10Z,2025-11-14,18,R1,23.007
2026-02-09T09:50:10Z,2025-11-14,19,R1,23.7232
2026-02-09T09:50:10Z,2025-11-14,20,R1,23.5465
2026-02-09T09:50:10Z,2025-11-14,13,R1,23.9855
2026-02-09T09:50:10Z,2025-11-14,17,R1,22.0508
2026-02-09T09:50:10Z,2025-11-14,12,R1,23.3926
2026-02-09T09:50:10Z,2025-11-14,6,R1,23.3653
2026-02-09T09:50:10Z,2025-11-14,10,R1,23.8531
2026-02-09T09:50:10Z,2025-11-14,9,R1,23.6658
2026-02-09T09:50:10Z,2025-11-14,8,R1,23.3652
2026-02-09T09:50:10Z,2025-11-14,7,R1,23.973
2026-02-09T09:50:10Z,2025-11-14,5,R1,23.53
2026-02-09T09:50:10Z,2025-11-14,4,R1,23.7673
2026-02-09T09:50:10Z,2025-11-14,3,R1,23.0525
2026-02-09T09:50:10Z,2025-11-14,2,R1,24.2051
2026-02-09T09:50:10Z,2025-11-14,1,R1,24.3377
2026-02-09T09:50:10Z,2025-11-14,22,R1,25.0139
2026-02-09T09:50:10Z,2025-11-14,11,R1,23.6622
2026-02-09T09:50:10Z,2025-11-14,23,R1,23.8053
2026-02-09T09:50:10Z,2025-11-14,24,R1,23.6634
2026-02-09T09:50:10Z,2025-11-14,25,R1,24.8171
2026-02-09T09:50:10Z,2025-11-14,47,R1,25.9938
2026-02-09T09:50:10Z,2025-11-14,46,R1,26.1286
2026-02-09T09:50:10Z,2025-11-14,45,R1,27.0291
2026-02-09T09:50:10Z,2025-11-14,44,R1,27.9143
2026-02-09T09:50:10Z,2025-11-14,43,R1,27.604
2026-02-09T09:50:10Z,2025-11-14,42,R1,27.8282
2026-02-09T09:50:10Z,2025-11-14,41,R1,27.9024
2026-02-09T09:50:10Z,2025-11-14,40,R1,27.9976
2026-02-09T09:50:10Z,2025-11-14,39,R1,28.537
2026-02-09T09:50:10Z,2025-11-14,38,R1,27.6828
2026-02-09T09:50:10Z,2025-11-14,37,R1,28.2278
2026-02-09T09:50:10Z,2025-11-14,48,R1,26.0814
2026-02-09T09:50:10Z,2025-11-14,35,R1,28.066
2026-02-09T09:50:10Z,2025-11-14,34,R1,27.4657
2026-02-09T09:50:10Z,2025-11-14,33,R1,26.9783
2026-02-09T09:50:10Z,2025-11-14,32,R1,26.0355
2026-02-09T09:50:10Z,2025-11-14,31,R1,26.2149
2026-02-09T09:50:10Z,2025-11-14,30,R1,26.485
2026-02-09T09:50:10Z,2025-11-14,29,R1,26.0371
2026-02-09T09:50:10Z,2025-11-14,28,R1,25.8749
2026-02-09T09:50:10Z,2025-11-14,27,R1,23.9181
2026-02-09T09:50:10Z,2025-11-14,26,R1,25.2404
2026-02-09T09:50:10Z,2025-11-14,36,R1,28.1642
2026-02-09T09:50:10Z,2025-11-15,14,R1,11.1987
2026-02-09T09:50:10Z,2025-11-15,15,R1,11.426
2026-02-09T09:50:10Z,2025-11-15,16,R1,11.5269
2026-02-09T09:50:10Z,2025-11-15,21,R1,12.1987
2026-02-09T09:50:10Z,2025-11-15,18,R1,11.8907
2026-02-09T09:50:10Z,2025-11-15,19,R1,12.1839
2026-02-09T09:50:10Z,2025-11-15,20,R1,12.0283
2026-02-09T09:50:10Z,2025-11-15,13,R1,11.0388
2026-02-09T09:50:10Z,2025-11-15,17,R1,11.6287
2026-02-09T09:50:10Z,2025-11-15,12,R1,11.1064
2026-02-09T09:50:10Z,2025-11-15,6,R1,11.1058
2026-02-09T09:50:10Z,2025-11-15,10,R1,11.1019
2026-02-09T09:50:10Z,2025-11-15,9,R1,11.0815
2026-02-09T09:50:10Z,2025-11-15,8,R1,10.9611
2026-02-09T09:50:10Z,2025-11-15,7,R1,11.1868
2026-02-09T09:50:10Z,2025-11-15,5,R1,11.4884
2026-02-09T09:50:10Z,2025-11-15,4,R1,11.7445
2026-02-09T09:50:10Z,2025-11-15,3,R1,11.6991
2026-02-09T09:50:10Z,2025-11-15,2,R1,12.3478
2026-02-09T09:50:10Z,2025-11-15,1,R1,12.0445
2026-02-09T09:50:10Z,2025-11-15,22,R1,11.9821
2026-02-09T09:50:10Z,2025-11-15,11,R1,11.1229
2026-02-09T09:50:10Z,2025-11-15,23,R1,11.6856
2026-02-09T09:50:10Z,2025-11-15,24,R1,11.6536
2026-02-09T09:50:10Z,2025-11-15,25,R1,11.4825
2026-02-09T09:50:10Z,2025-11-15,47,R1,9.5536
2026-02-09T09:50:10Z,2025-11-15,46,R1,9.8002
2026-02-09T09:50:10Z,2025-11-15,45,R1,9.7043
2026-02-09T09:50:10Z,2025-11-15,44,R1,9.6195
2026-02-09T09:50:10Z,2025-11-15,43,R1,9.4579
2026-02-09T09:50:10Z,2025-11-15,42,R1,9.6328
2026-02-09T09:50:10Z,2025-11-15,41,R1,9.7126
2026-02-09T09:50:10Z,2025-11-15,40,R1,9.9952
2026-02-09T09:50:10Z,2025-11-15,39,R1,10.702
2026-02-09T09:50:10Z,2025-11-15,38,R1,10.9332
2026-02-09T09:50:10Z,2025-11-15,37,R1,10.7734
2026-02-09T09:50:10Z,2025-11-15,48,R1,9.4284
2026-02-09T09:50:10Z,2025-11-15,35,R1,9.9592
2026-02-09T09:50:10Z,2025-11-15,34,R1,10.1804
2026-02-09T09:50:10Z,2025-11-15,33,R1,10.208
2026-02-09T09:50:10Z,2025-11-15,32,R1,9.9987
2026-02-09T09:50:10Z,2025-11-15,31,R1,9.9547
2026-02-09T09:50:10Z,2025-11-15,30,R1,10.0252
2026-02-09T09:50:10Z,2025-11-15,29,R1,10.2367
2026-02-09T09:50:10Z,2025-11-15,28,R1,10.514
2026-02-09T09:50:10Z,2025-11-15,27,R1,10.5776
2026-02-09T09:50:10Z,2025-11-15,26,R1,11.0068
2026-02-09T09:50:10Z,2025-11-15,36,R1,10.37
2026-02-09T09:50:10Z,2025-11-16,14,R1,23.7931
2026-02-09T09:50:10Z,2025-11-16,15,R1,23.2209
2026-02-09T09:50:10Z,2025-11-16,16,R1,22.5332
2026-02-09T09:50:10Z,2025-11-16,21,R1,31.9766
2026-02-09T09:50:10Z,2025-11-16,18,R1,24.8953
2026-02-09T09:50:10Z,2025-11-16,19,R1,26.8852
2026-02-09T09:50:10Z,2025-11-16,20,R1,29.0021
2026-02-09T09:50:10Z,2025-11-16,13,R1,22.9842
2026-02-09T09:50:10Z,2025-11-16,17,R1,24.0282
2026-02-09T09:50:10Z,2025-11-16,12,R1,22.5452
2026-02-09T09:50:10Z,2025-11-16,6,R1,21.3471
2026-02-09T09:50:10Z,2025-11-16,10,R1,22.4128
2026-02-09T09:50:10Z,2025-11-16,9,R1,21.5855
2026-02-09T09:50:10Z,2025-11-16,8,R1,21.6288
2026-02-09T09:50:10Z,2025-11-16,7,R1,21.2034
2026-02-09T09:50:10Z,2025-11-16,5,R1,21.1769
2026-02-09T09:50:10Z,2025-11-16,4,R1,21.0476
2026-02-09T09:50:10Z,2025-11-16,3,R1,21.0822
2026-02-09T09:50:10Z,2025-11-16,2,R1,21.1008
2026-02-09T09:50:10Z,2025-11-16,1,R1,21.5408
2026-02-09T09:50:10Z,2025-11-16,22,R1,33.3333
2026-02-09T09:50:10Z,2025-11-16,11,R1,22.4688
2026-02-09T09:50:10Z,2025-11-16,23,R1,34.3489
2026-02-09T09:50:10Z,2025-11-16,48,R1,24.7431
2026-02-09T09:50:10Z,2025-11-16,25,R1,31.7978
2026-02-09T09:50:10Z,2025-11-16,47,R1,24.6954
2026-02-09T09:50:10Z,2025-11-16,46,R1,25.0047
2026-02-09T09:50:10Z,2025-11-16,45,R1,24.4357
2026-02-09T09:50:10Z,2025-11-16,44,R1,23.9402
2026-02-09T09:50:10Z,2025-11-16,43,R1,24.1858
2026-02-09T09:50:10Z,2025-11-16,42,R1,23.8287
2026-02-09T09:50:10Z,2025-11-16,41,R1,24.2537
2026-02-09T09:50:10Z,2025-11-16,40,R1,23.823
2026-02-09T09:50:10Z,2025-11-16,39,R1,23.7234
2026-02-09T09:50:10Z,2025-11-16,38,R1,23.4945
2026-02-09T09:50:10Z,2025-11-16,37,R1,23.6313
2026-02-09T09:50:10Z,2025-11-16,24,R1,33.6688
2026-02-09T09:50:10Z,2025-11-16,35,R1,22.7298
2026-02-09T09:50:10Z,2025-11-16,34,R1,22.7015
2026-02-09T09:50:10Z,2025-11-16,33,R1,22.4705
2026-02-09T09:50:10Z,2025-11-16,32,R1,23.2487
2026-02-09T09:50:10Z,2025-11-16,31,R1,23.974
2026-02-09T09:50:10Z,2025-11-16,30,R1,26.3167
2026-02-09T09:50:10Z,2025-11-16,29,R1,27.7894
2026-02-09T09:50:10Z,2025-11-16,28,R1,32.3972
2026-02-09T09:50:10Z,2025-11-16,27,R1,33.0039
2026-02-09T09:50:10Z,2025-11-16,26,R1,30.8395
2026-02-09T09:50:10Z,2025-11-16,36,R1,23.1672
2026-02-09T09:50:10Z,2025-11-17,14,R1,14.7842
2026-02-09T09:50:10Z,2025-11-17,15,R1,14.8832
2026-02-09T09:50:10Z,2025-11-17,16,R1,15.7649
2026-02-09T09:50:10Z,2025-11-17,21,R1,20.7416
2026-02-09T09:50:10Z,2025-11-17,18,R1,17.4587
2026-02-09T09:50:10Z,2025-11-17,19,R1,18.6318
2026-02-09T09:50:10Z,2025-11-17,20,R1,20.8066
2026-02-09T09:50:10Z,2025-11-17,13,R1,15.9915
2026-02-09T09:50:10Z,2025-11-17,17,R1,16.2321
2026-02-09T09:50:10Z,2025-11-17,12,R1,17.4759
2026-02-09T09:50:10Z,2025-11-17,6,R1,17.8416
2026-02-09T09:50:10Z,2025-11-17,10,R1,19.3081
2026-02-09T09:50:10Z,2025-11-17,9,R1,19.5044
2026-02-09T09:50:10Z,2025-11-17,8,R1,19.183
2026-02-09T09:50:10Z,2025-11-17,7,R1,18.3057
2026-02-09T09:50:10Z,2025-11-17,5,R1,17.4916
2026-02-09T09:50:10Z,2025-11-17,4,R1,17.9744
2026-02-09T09:50:10Z,2025-11-17,3,R1,17.286
2026-02-09T09:50:10Z,2025-11-17,2,R1,19.829
2026-02-09T09:50:10Z,2025-11-17,1,R1,16.1557
2026-02-09T09:50:10Z,2025-11-17,22,R1,22.0702
2026-02-09T09:50:10Z,2025-11-17,11,R1,18.8259
2026-02-09T09:50:10Z,2025-11-17,23,R1,22.9792
2026-02-09T09:50:10Z,2025-11-17,24,R1,23.0405
2026-02-09T09:50:10Z,2025-11-17,25,R1,22.5406
2026-02-09T09:50:10Z,2025-11-17,47,R1,11.0293
2026-02-09T09:50:10Z,2025-11-17,46,R1,11.0582
2026-02-09T09:50:10Z,2025-11-17,45,R1,10.9084
2026-02-09T09:50:10Z,2025-11-17,44,R1,10.401
2026-02-09T09:50:10Z,2025-11-17,43,R1,10.6967
2026-02-09T09:50:10Z,2025-11-17,42,R1,10.4335
2026-02-09T09:50:10Z,2025-11-17,41,R1,11.3331
2026-02-09T09:50:10Z,2025-11-17,40,R1,12.4314
2026-02-09T09:50:10Z,2025-11-17,39,R1,12.503
2026-02-09T09:50:10Z,2025-11-17,38,R1,12.3535
2026-02-09T09:50:10Z,2025-11-17,37,R1,11.633
2026-02-09T09:50:10Z,2025-11-17,48,R1,10.5423
2026-02-09T09:50:10Z,2025-11-17,35,R1,10.3598
2026-02-09T09:50:10Z,2025-11-17,34,R1,9.9853
2026-02-09T09:50:10Z,2025-11-17,33,R1,10.8511
2026-02-09T09:50:10Z,2025-11-17,32,R1,11.4021
2026-02-09T09:50:10Z,2025-11-17,31,R1,13.1704
2026-02-09T09:50:10Z,2025-11-17,30,R1,15.5807
2026-02-09T09:50:10Z,2025-11-17,29,R1,17.4825
2026-02-09T09:50:10Z,2025-11-17,28,R1,19.1248
2026-02-09T09:50:10Z,2025-11-17,27,R1,20.2945
2026-02-09T09:50:10Z,2025-11-17,26,R1,21.4851
2026-02-09T09:50:10Z,2025-11-17,36,R1,11.1621
2026-02-09T09:50:10Z,2025-11-18,14,R1,9.6481
2026-02-09T09:50:10Z,2025-11-18,15,R1,9.5108
2026-02-09T09:50:10Z,2025-11-18,16,R1,9.4841
2026-02-09T09:50:10Z,2025-11-18,21,R1,14.9199
2026-02-09T09:50:10Z,2025-11-18,18,R1,10.2011
2026-02-09T09:50:10Z,2025-11-18,19,R1,11.4897
2026-02-09T09:50:10Z,2025-11-18,20,R1,14.3682
2026-02-09T09:50:10Z,2025-11-18,13,R1,8.9895
2026-02-09T09:50:10Z,2025-11-18,17,R1,8.9835
2026-02-09T09:50:10Z,2025-11-18,12,R1,8.907
2026-02-09T09:50:10Z,2025-11-18,6,R1,7.0547
2026-02-09T09:50:10Z,2025-11-18,10,R1,7.9873
2026-02-09T09:50:10Z,2025-11-18,9,R1,7.2817
2026-02-09T09:50:10Z,2025-11-18,8,R1,7.0147
2026-02-09T09:50:10Z,2025-11-18,7,R1,6.9741
2026-02-09T09:50:10Z,2025-11-18,5,R1,7.1023
2026-02-09T09:50:10Z,2025-11-18,4,R1,7.2478
2026-02-09T09:50:10Z,2025-11-18,3,R1,8.0747
2026-02-09T09:50:10Z,2025-11-18,2,R1,8.4124
2026-02-09T09:50:10Z,2025-11-18,1,R1,11.3486
2026-02-09T09:50:10Z,2025-11-18,22,R1,15.5453
2026-02-09T09:50:10Z,2025-11-18,11,R1,8.4367
2026-02-09T09:50:10Z,2025-11-18,23,R1,17.1613
2026-02-09T09:50:10Z,2025-11-18,24,R1,16.8917
2026-02-09T09:50:10Z,2025-11-18,25,R1,16.5222
2026-02-09T09:50:10Z,2025-11-18,47,R1,12.9872
2026-02-09T09:50:10Z,2025-11-18,46,R1,14.4182
2026-02-09T09:50:10Z,2025-11-18,45,R1,13.249
2026-02-09T09:50:10Z,2025-11-18,44,R1,12.5234
2026-02-09T09:50:10Z,2025-11-18,43,R1,12.8148
2026-02-09T09:50:10Z,2025-11-18,42,R1,11.9644
2026-02-09T09:50:10Z,2025-11-18,41,R1,11.7305
2026-02-09T09:50:10Z,2025-11-18,40,R1,11.6637
2026-02-09T09:50:10Z,2025-11-18,39,R1,12.0364
2026-02-09T09:50:10Z,2025-11-18,38,R1,12.7756
2026-02-09T09:50:10Z,2025-11-18,37,R1,12.4245
2026-02-09T09:50:10Z,2025-11-18,48,R1,13.5405
2026-02-09T09:50:10Z,2025-11-18,35,R1,14.0722
2026-02-09T09:50:10Z,2025-11-18,34,R1,14.4035
2026-02-09T09:50:10Z,2025-11-18,33,R1,12.7193
2026-02-09T09:50:10Z,2025-11-18,32,R1,12.4809
2026-02-09T09:50:10Z,2025-11-18,31,R1,12.099
2026-02-09T09:50:10Z,2025-11-18,30,R1,12.8062
2026-02-09T09:50:10Z,2025-11-18,29,R1,14.7778
2026-02-09T09:50:10Z,2025-11-18,28,R1,14.6829
2026-02-09T09:50:10Z,2025-11-18,27,R1,15.7372
2026-02-09T09:50:10Z,2025-11-18,26,R1,15.6955
2026-02-09T09:50:10Z,2025-11-18,36,R1,13.8589
2026-02-09T09:50:10Z,2025-11-19,14,R1,27.4568
2026-02-09T09:50:10Z,2025-11-19,15,R1,28.0089
2026-02-09T09:50:10Z,2025-11-19,16,R1,29.0089
2026-02-09T09:50:10Z,2025-11-19,21,R1,33.8681
2026-02-09T09:50:10Z,2025-11-19,18,R1,28.334
2026-02-09T09:50:10Z,2025-11-19,19,R1,30.5231
2026-02-09T09:50:10Z,2025-11-19,20,R1,32.9044
2026-02-09T09:50:10Z,2025-11-19,13,R1,26.3344
2026-02-09T09:50:10Z,2025-11-19,17,R1,28.6841
2026-02-09T09:50:10Z,2025-11-19,12,R1,25.3
2026-02-09T09:50:10Z,2025-11-19,6,R1,28.0613
2026-02-09T09:50:10Z,2025-11-19,10,R1,25.7471
2026-02-09T09:50:10Z,2025-11-19,9,R1,26.7943
2026-02-09T09:50:10Z,2025-11-19,8,R1,28.1301
2026-02-09T09:50:10Z,2025-11-19,7,R1,28.0275
2026-02-09T09:50:10Z,2025-11-19,5,R1,28.221
2026-02-09T09:50:10Z,2025-11-19,4,R1,27.5847
2026-02-09T09:50:10Z,2025-11-19,3,R1,27.217
2026-02-09T09:50:10Z,2025-11-19,2,R1,27.2221
2026-02-09T09:50:10Z,2025-11-19,1,R1,27.6611
2026-02-09T09:50:10Z,2025-11-19,22,R1,34.3781
2026-02-09T09:50:10Z,2025-11-19,11,R1,26.1111
2026-02-09T09:50:10Z,2025-11-19,23,R1,35.0766
2026-02-09T09:50:10Z,2025-11-19,24,R1,34.148
2026-02-09T09:50:10Z,2025-11-19,25,R1,33.3593
2026-02-09T09:50:10Z,2025-11-19,47,R1,22.2105
2026-02-09T09:50:10Z,2025-11-19,46,R1,22.3374
2026-02-09T09:50:10Z,2025-11-19,45,R1,22.4408
2026-02-09T09:50:10Z,2025-11-19,44,R1,22.3713
2026-02-09T09:50:10Z,2025-11-19,43,R1,22.4893
2026-02-09T09:50:10Z,2025-11-19,42,R1,22.2892
2026-02-09T09:50:10Z,2025-11-19,41,R1,23.8625
2026-02-09T09:50:10Z,2025-11-19,40,R1,23.9663
2026-02-09T09:50:10Z,2025-11-19,39,R1,22.7915
2026-02-09T09:50:10Z,2025-11-19,38,R1,23.2717
2026-02-09T09:50:10Z,2025-11-19,37,R1,23.7413
2026-02-09T09:50:10Z,2025-11-19,48,R1,22.9973
2026-02-09T09:50:10Z,2025-11-19,35,R1,23.5333
2026-02-09T09:50:10Z,2025-11-19,34,R1,23.4335
2026-02-09T09:50:10Z,2025-11-19,33,R1,22.7038
2026-02-09T09:50:10Z,2025-11-19,32,R1,24.7029
2026-02-09T09:50:10Z,2025-11-19,31,R1,25.7842
2026-02-09T09:50:10Z,2025-11-19,30,R1,29.3875
2026-02-09T09:50:10Z,2025-11-19,29,R1,32.8829
2026-02-09T09:50:10Z,2025-11-19,28,R1,35.9426
2026-02-09T09:50:10Z,2025-11-19,27,R1,36.09
2026-02-09T09:50:10Z,2025-11-19,26,R1,34.3797
2026-02-09T09:50:10Z,2025-11-19,36,R1,23.1043
2026-02-09T09:50:10Z,2025-11-20,14,R1,13.426
2026-02-09T09:50:10Z,2025-11-20,15,R1,14.5977
2026-02-09T09:50:10Z,2025-11-20,16,R1,15.7462
2026-02-09T09:50:10Z,2025-11-20,21,R1,17.955
2026-02-09T09:50:10Z,2025-11-20,18,R1,16.982
2026-02-09T09:50:10Z,2025-11-20,19,R1,17.736
2026-02-09T09:50:10Z,2025-11-20,20,R1,17.8915
2026-02-09T09:50:10Z,2025-11-20,13,R1,11.8382
2026-02-09T09:50:10Z,2025-11-20,17,R1,16.6479
2026-02-09T09:50:10Z,2025-11-20,12,R1,10.9225
2026-02-09T09:50:10Z,2025-11-20,6,R1,9.8367
2026-02-09T09:50:10Z,2025-11-20,10,R1,10.1566
2026-02-09T09:50:10Z,2025-11-20,9,R1,10.0934
2026-02-09T09:50:10Z,2025-11-20,8,R1,9.1804
2026-02-09T09:50:10Z,2025-11-20,7,R1,9.874
2026-02-09T09:50:10Z,2025-11-20,5,R1,10.0365
2026-02-09T09:50:10Z,2025-11-20,4,R1,10.6889
2026-02-09T09:50:10Z,2025-11-20,3,R1,10.6762
2026-02-09T09:50:10Z,2025-11-20,2,R1,10.9357
2026-02-09T09:50:10Z,2025-11-20,1,R1,12.282
2026-02-09T09:50:10Z,2025-11-20,22,R1,18.0066
2026-02-09T09:50:10Z,2025-11-20,11,R1,10.5733
2026-02-09T09:50:10Z,2025-11-20,23,R1,18.869
2026-02-09T09:50:10Z,2025-11-20,48,R1,7.6775
2026-02-09T09:50:10Z,2025-11-20,25,R1,17.5835
2026-02-09T09:50:10Z,2025-11-20,47,R1,8.4528
2026-02-09T09:50:10Z,2025-11-20,46,R1,7.8877
2026-02-09T09:50:10Z,2025-11-20,45,R1,7.9391
2026-02-09T09:50:10Z,2025-11-20,44,R1,8.8327
2026-02-09T09:50:10Z,2025-11-20,43,R1,9.0599
2026-02-09T09:50:10Z,2025-11-20,42,R1,8.587
2026-02-09T09:50:10Z,2025-11-20,41,R1,8.5401
2026-02-09T09:50:10Z,2025-11-20,40,R1,9.5252
2026-02-09T09:50:10Z,2025-11-20,39,R1,9.9969
2026-02-09T09:50:10Z,2025-11-20,38,R1,11.0061
2026-02-09T09:50:10Z,2025-11-20,37,R1,11.146
2026-02-09T09:50:10Z,2025-11-20,24,R1,18.2867
2026-02-09T09:50:10Z,2025-11-20,35,R1,12.9581
2026-02-09T09:50:10Z,2025-11-20,34,R1,13.2196
2026-02-09T09:50:10Z,2025-11-20,33,R1,13.6501
2026-02-09T09:50:10Z,2025-11-20,32,R1,14.5238
2026-02-09T09:50:10Z,2025-11-20,31,R1,14.2182
2026-02-09T09:50:10Z,2025-11-20,30,R1,16.116
2026-02-09T09:50:10Z,2025-11-20,29,R1,16.1028
2026-02-09T09:50:10Z,2025-11-20,28,R1,15.1545
2026-02-09T09:50:10Z,2025-11-20,27,R1,15.5283
2026-02-09T09:50:10Z,2025-11-20,26,R1,16.5544
2026-02-09T09:50:10Z,2025-11-20,36,R1,12.7091
2026-02-09T09:50:10Z,2025-11-21,14,R1,10.2159
2026-02-09T09:50:10Z,2025-11-21,15,R1,10.2828
2026-02-09T09:50:10Z,2025-11-21,16,R1,10.1436
2026-02-09T09:50:10Z,2025-11-21,21,R1,16.3539
2026-02-09T09:50:10Z,2025-11-21,18,R1,11.774
2026-02-09T09:50:10Z,2025-11-21,19,R1,13.3133
2026-02-09T09:50:10Z,2025-11-21,20,R1,14.7847
2026-02-09T09:50:10Z,2025-11-21,13,R1,9.5367
2026-02-09T09:50:10Z,2025-11-21,17,R1,10.9955
2026-02-09T09:50:10Z,2025-11-21,12,R1,9.96
2026-02-09T09:50:10Z,2025-11-21,6,R1,10.4675
2026-02-09T09:50:10Z,2025-11-21,10,R1,11.0431
2026-02-09T09:50:10Z,2025-11-21,9,R1,11.0005
2026-02-09T09:50:10Z,2025-11-21,8,R1,10.7235
2026-02-09T09:50:10Z,2025-11-21,7,R1,11.0003
2026-02-09T09:50:10Z,2025-11-21,5,R1,10.2538
2026-02-09T09:50:10Z,2025-11-21,4,R1,10.238
2026-02-09T09:50:10Z,2025-11-21,3,R1,10.5595
2026-02-09T09:50:10Z,2025-11-21,2,R1,10.4
2026-02-09T09:50:10Z,2025-11-21,1,R1,10.7765
2026-02-09T09:50:10Z,2025-11-21,22,R1,17.4631
2026-02-09T09:50:10Z,2025-11-21,11,R1,10.7672
2026-02-09T09:50:10Z,2025-11-21,23,R1,17.8678
2026-02-09T09:50:10Z,2025-11-21,24,R1,18.4651
2026-02-09T09:50:10Z,2025-11-21,25,R1,18.242
2026-02-09T09:50:10Z,2025-11-21,47,R1,19.8365
2026-02-09T09:50:10Z,2025-11-21,46,R1,19.2423
2026-02-09T09:50:10Z,2025-11-21,45,R1,18.0541
2026-02-09T09:50:10Z,2025-11-21,44,R1,17.3454
2026-02-09T09:50:10Z,2025-11-21,43,R1,16.9794
2026-02-09T09:50:10Z,2025-11-21,42,R1,17.4439
2026-02-09T09:50:10Z,2025-11-21,41,R1,17.1461
2026-02-09T09:50:10Z,2025-11-21,40,R1,17.0468
2026-02-09T09:50:10Z,2025-11-21,39,R1,16.9703
2026-02-09T09:50:10Z,2025-11-21,38,R1,16.935
2026-02-09T09:50:10Z,2025-11-21,37,R1,15.8567
2026-02-09T09:50:10Z,2025-11-21,48,R1,20.1297
2026-02-09T09:50:10Z,2025-11-21,35,R1,14.808
2026-02-09T09:50:10Z,2025-11-21,34,R1,13.8518
2026-02-09T09:50:10Z,2025-11-21,33,R1,13.5059
2026-02-09T09:50:10Z,2025-11-21,32,R1,12.9181
2026-02-09T09:50:10Z,2025-11-21,31,R1,13.2093
2026-02-09T09:50:10Z,2025-11-21,30,R1,14.7685
2026-02-09T09:50:10Z,2025-11-21,29,R1,16.1167
2026-02-09T09:50:10Z,2025-11-21,28,R1,17.0373
2026-02-09T09:50:10Z,2025-11-21,27,R1,17.418
2026-02-09T09:50:10Z,2025-11-21,26,R1,17.7744
2026-02-09T09:50:10Z,2025-11-21,36,R1,15.3496
2026-02-09T09:50:10Z,2025-11-22,14,R1,15.0719
2026-02-09T09:50:10Z,2025-11-22,15,R1,15.4521
2026-02-09T09:50:10Z,2025-11-22,16,R1,16.5032
2026-02-09T09:50:10Z,2025-11-22,21,R1,20.4405
2026-02-09T09:50:10Z,2025-11-22,18,R1,18.3575
2026-02-09T09:50:10Z,2025-11-22,19,R1,19.4466
2026-02-09T09:50:10Z,2025-11-22,20,R1,20.8183
2026-02-09T09:50:10Z,2025-11-22,13,R1,14.9116
2026-02-09T09:50:10Z,2025-11-22,17,R1,17.9714
2026-02-09T09:50:10Z,2025-11-22,12,R1,15.5084
2026-02-09T09:50:10Z,2025-11-22,6,R1,16.3833
2026-02-09T09:50:10Z,2025-11-22,10,R1,15.4962
2026-02-09T09:50:10Z,2025-11-22,9,R1,15.5418
2026-02-09T09:50:10Z,2025-11-22,8,R1,16.4553
2026-02-09T09:50:10Z,2025-11-22,7,R1,15.6575
2026-02-09T09:50:10Z,2025-11-22,5,R1,16.2566
2026-02-09T09:50:10Z,2025-11-22,4,R1,16.2058
2026-02-09T09:50:10Z,2025-11-22,3,R1,16.1689
2026-02-09T09:50:10Z,2025-11-22,2,R1,16.4433
2026-02-09T09:50:10Z,2025-11-22,1,R1,16.4316
2026-02-09T09:50:10Z,2025-11-22,22,R1,19.9889
2026-02-09T09:50:10Z,2025-11-22,11,R1,15.3604
2026-02-09T09:50:10Z,2025-11-22,23,R1,19.2184
2026-02-09T09:50:10Z,2025-11-22,48,R1,15.4727
2026-02-09T09:50:10Z,2025-11-22,25,R1,18.5976
2026-02-09T09:50:10Z,2025-11-22,24,R1,18.8081
2026-02-09T09:50:10Z,2025-11-22,47,R1,15.016
2026-02-09T09:50:10Z,2025-11-22,46,R1,14.8531
2026-02-09T09:50:10Z,2025-11-22,45,R1,14.5794
2026-02-09T09:50:10Z,2025-11-22,44,R1,14.6393
2026-02-09T09:50:10Z,2025-11-22,43,R1,14.817
2026-02-09T09:50:10Z,2025-11-22,42,R1,14.71
2026-02-09T09:50:10Z,2025-11-22,40,R1,15.3396
2026-02-09T09:50:10Z,2025-11-22,39,R1,14.9576
2026-02-09T09:50:10Z,2025-11-22,38,R1,16.5413
2026-02-09T09:50:10Z,2025-11-22,37,R1,15.7678
2026-02-09T09:50:10Z,2025-11-22,41,R1,15.1633
2026-02-09T09:50:10Z,2025-11-22,35,R1,16.1135
2026-02-09T09:50:10Z,2025-11-22,36,R1,15.2586
2026-02-09T09:50:10Z,2025-11-22,27,R1,19.072
2026-02-09T09:50:10Z,2025-11-22,28,R1,18.8633
2026-02-09T09:50:10Z,2025-11-22,29,R1,19.0325
2026-02-09T09:50:10Z,2025-11-22,30,R1,18.042
2026-02-09T09:50:10Z,2025-11-22,26,R1,19.9351
2026-02-09T09:50:10Z,2025-11-22,32,R1,16.8811
2026-02-09T09:50:10Z,2025-11-22,33,R1,16.8613
2026-02-09T09:50:10Z,2025-11-22,34,R1,16.8713
2026-02-09T09:50:10Z,2025-11-22,31,R1,17.1371
2026-02-09T09:50:10Z,2025-11-23,13,R1,15.2076
2026-02-09T09:50:10Z,2025-11-23,21,R1,21.0326
2026-02-09T09:50:10Z,2025-11-23,20,R1,18.3575
2026-02-09T09:50:10Z,2025-11-23,19,R1,15.958
2026-02-09T09:50:10Z,2025-11-23,18,R1,14.8142
2026-02-09T09:50:10Z,2025-11-23,17,R1,14.4677
2026-02-09T09:50:10Z,2025-11-23,16,R1,15.1394
2026-02-09T09:50:10Z,2025-11-23,15,R1,15.1612
2026-02-09T09:50:10Z,2025-11-23,14,R1,14.5594
2026-02-09T09:50:10Z,2025-11-23,12,R1,14.6197
2026-02-09T09:50:10Z,2025-11-23,22,R1,22.3942
2026-02-09T09:50:10Z,2025-11-23,10,R1,15.2603
2026-02-09T09:50:10Z,2025-11-23,9,R1,14.7003
2026-02-09T09:50:10Z,2025-11-23,8,R1,13.7755
2026-02-09T09:50:10Z,2025-11-23,7,R1,13.2842
2026-02-09T09:50:10Z,2025-11-23,6,R1,13.617
2026-02-09T09:50:10Z,2025-11-23,5,R1,12.5246
2026-02-09T09:50:10Z,2025-11-23,4,R1,11.559
2026-02-09T09:50:10Z,2025-11-23,3,R1,11.1138
2026-02-09T09:50:10Z,2025-11-23,2,R1,10.3378
2026-02-09T09:50:10Z,2025-11-23,1,R1,9.4275
2026-02-09T09:50:10Z,2025-11-23,11,R1,15.0385
2026-02-09T09:50:10Z,2025-11-23,23,R1,22.9355
2026-02-09T09:50:10Z,2025-11-23,48,R1,14.7505
2026-02-09T09:50:10Z,2025-11-23,25,R1,22.617
2026-02-09T09:50:10Z,2025-11-23,47,R1,13.918
2026-02-09T09:50:10Z,2025-11-23,46,R1,13.9029
2026-02-09T09:50:10Z,2025-11-23,45,R1,13.9831
2026-02-09T09:50:10Z,2025-11-23,44,R1,13.5662
2026-02-09T09:50:10Z,2025-11-23,43,R1,13.4457
2026-02-09T09:50:10Z,2025-11-23,42,R1,13.4863
2026-02-09T09:50:10Z,2025-11-23,41,R1,13.6709
2026-02-09T09:50:10Z,2025-11-23,40,R1,13.6313
2026-02-09T09:50:10Z,2025-11-23,39,R1,12.7429
2026-02-09T09:50:10Z,2025-11-23,38,R1,13.9298
2026-02-09T09:50:10Z,2025-11-23,37,R1,14.1375
2026-02-09T09:50:10Z,2025-11-23,24,R1,23.1188
2026-02-09T09:50:10Z,2025-11-23,35,R1,14.5856
2026-02-09T09:50:10Z,2025-11-23,26,R1,21.4261
2026-02-09T09:50:10Z,2025-11-23,27,R1,20.6472
2026-02-09T09:50:10Z,2025-11-23,28,R1,19.9428
2026-02-09T09:50:10Z,2025-11-23,29,R1,19.5902
2026-02-09T09:50:10Z,2025-11-23,36,R1,14.5473
2026-02-09T09:50:10Z,2025-11-23,31,R1,16.8626
2026-02-09T09:50:10Z,2025-11-23,32,R1,15.0412
2026-02-09T09:50:10Z,2025-11-23,33,R1,14.0259
2026-02-09T09:50:10Z,2025-11-23,34,R1,14.9213
2026-02-09T09:50:10Z,2025-11-23,30,R1,18.4534
2026-02-09T09:50:10Z,2025-11-24,13,R1,8.953
2026-02-09T09:50:10Z,2025-11-24,22,R1,13.2746
2026-02-09T09:50:10Z,2025-11-24,21,R1,11.1699
2026-02-09T09:50:10Z,2025-11-24,20,R1,12.3972
2026-02-09T09:50:10Z,2025-11-24,19,R1,12.801
2026-02-09T09:50:10Z,2025-11-24,17,R1,10.1419
2026-02-09T09:50:10Z,2025-11-24,16,R1,8.9398
2026-02-09T09:50:10Z,2025-11-24,15,R1,10.0141
2026-02-09T09:50:10Z,2025-11-24,14,R1,9.3582
2026-02-09T09:50:10Z,2025-11-24,12,R1,7.4205
2026-02-09T09:50:10Z,2025-11-24,6,R1,6.4373
2026-02-09T09:50:10Z,2025-11-24,10,R1,6.7746
2026-02-09T09:50:10Z,2025-11-24,9,R1,6.6078
2026-02-09T09:50:10Z,2025-11-24,8,R1,6.5479
2026-02-09T09:50:10Z,2025-11-24,7,R1,6.6615
2026-02-09T09:50:10Z,2025-11-24,23,R1,13.0074
2026-02-09T09:50:10Z,2025-11-24,5,R1,6.3466
2026-02-09T09:50:10Z,2025-11-24,4,R1,6.2432
2026-02-09T09:50:10Z,2025-11-24,3,R1,6.5156
2026-02-09T09:50:10Z,2025-11-24,2,R1,6.3802
2026-02-09T09:50:10Z,2025-11-24,1,R1,6.0498
2026-02-09T09:50:10Z,2025-11-24,11,R1,7.1675
2026-02-09T09:50:10Z,2025-11-24,24,R1,13.8331
2026-02-09T09:50:10Z,2025-11-24,18,R1,11.1706
2026-02-09T09:50:10Z,2025-11-24,26,R1,13.5858
2026-02-09T09:50:10Z,2025-11-24,25,R1,13.9962
2026-02-09T09:50:10Z,2025-11-24,47,R1,6.0651
2026-02-09T09:50:10Z,2025-11-24,46,R1,6.662
2026-02-09T09:50:10Z,2025-11-24,45,R1,6.3594
2026-02-09T09:50:10Z,2025-11-24,44,R1,6.5046
2026-02-09T09:50:10Z,2025-11-24,43,R1,6.7766
2026-02-09T09:50:10Z,2025-11-24,42,R1,7.0646
2026-02-09T09:50:10Z,2025-11-24,41,R1,7.2593
2026-02-09T09:50:10Z,2025-11-24,40,R1,7.8648
2026-02-09T09:50:10Z,2025-11-24,39,R1,8.5833
2026-02-09T09:50:10Z,2025-11-24,38,R1,9.6328
2026-02-09T09:50:10Z,2025-11-24,48,R1,6.1395
2026-02-09T09:50:10Z,2025-11-24,36,R1,10.9546
2026-02-09T09:50:10Z,2025-11-24,37,R1,8.7489
2026-02-09T09:50:10Z,2025-11-24,28,R1,13.6025
2026-02-09T09:50:10Z,2025-11-24,29,R1,13.3741
2026-02-09T09:50:10Z,2025-11-24,30,R1,13.1964
2026-02-09T09:50:10Z,2025-11-24,27,R1,12.4605
2026-02-09T09:50:10Z,2025-11-24,32,R1,11.7276
2026-02-09T09:50:10Z,2025-11-24,33,R1,11.0767
2026-02-09T09:50:10Z,2025-11-24,34,R1,10.8444
2026-02-09T09:50:10Z,2025-11-24,35,R1,10.5727
2026-02-09T09:50:10Z,2025-11-24,31,R1,12.3758
2026-02-09T09:50:10Z,2025-11-25,22,R1,18.5081
2026-02-09T09:50:10Z,2025-11-25,13,R1,11.7324
2026-02-09T09:50:10Z,2025-11-25,21,R1,16.5608
2026-02-09T09:50:10Z,2025-11-25,20,R1,15.9529
2026-02-09T09:50:10Z,2025-11-25,19,R1,16.0027
2026-02-09T09:50:10Z,2025-11-25,17,R1,13.9321
2026-02-09T09:50:10Z,2025-11-25,16,R1,13.7347
2026-02-09T09:50:10Z,2025-11-25,15,R1,13.5441
2026-02-09T09:50:10Z,2025-11-25,14,R1,12.2731
2026-02-09T09:50:10Z,2025-11-25,12,R1,10.2786
2026-02-09T09:50:10Z,2025-11-25,6,R1,9.3131
2026-02-09T09:50:10Z,2025-11-25,10,R1,8.9787
2026-02-09T09:50:10Z,2025-11-25,9,R1,8.8218
2026-02-09T09:50:10Z,2025-11-25,8,R1,8.7223
2026-02-09T09:50:10Z,2025-11-25,7,R1,9.0765
2026-02-09T09:50:10Z,2025-11-25,5,R1,9.6217
2026-02-09T09:50:10Z,2025-11-25,4,R1,9.5708
2026-02-09T09:50:10Z,2025-11-25,3,R1,10.2969
2026-02-09T09:50:10Z,2025-11-25,2,R1,9.9312
2026-02-09T09:50:10Z,2025-11-25,1,R1,9.7723
2026-02-09T09:50:10Z,2025-11-25,23,R1,19.029
2026-02-09T09:50:10Z,2025-11-25,11,R1,9.2478
2026-02-09T09:50:10Z,2025-11-25,24,R1,17.6519
2026-02-09T09:50:10Z,2025-11-25,18,R1,14.689
2026-02-09T09:50:10Z,2025-11-25,26,R1,16.1333
2026-02-09T09:50:10Z,2025-11-25,47,R1,7.3473
2026-02-09T09:50:10Z,2025-11-25,46,R1,7.4852
2026-02-09T09:50:10Z,2025-11-25,45,R1,8.0096
2026-02-09T09:50:10Z,2025-11-25,44,R1,8.3642
2026-02-09T09:50:10Z,2025-11-25,43,R1,8.8402
2026-02-09T09:50:10Z,2025-11-25,42,R1,9.0691
2026-02-09T09:50:10Z,2025-11-25,41,R1,9.4925
2026-02-09T09:50:10Z,2025-11-25,40,R1,10.3604
2026-02-09T09:50:10Z,2025-11-25,39,R1,11.0357
2026-02-09T09:50:10Z,2025-11-25,38,R1,12.03
2026-02-09T09:50:10Z,2025-11-25,37,R1,12.3603
2026-02-09T09:50:10Z,2025-11-25,25,R1,17.3096
2026-02-09T09:50:10Z,2025-11-25,35,R1,11.4565
2026-02-09T09:50:10Z,2025-11-25,34,R1,11.9024
2026-02-09T09:50:10Z,2025-11-25,33,R1,11.581
2026-02-09T09:50:10Z,2025-11-25,32,R1,11.7297
2026-02-09T09:50:10Z,2025-11-25,31,R1,12.5422
2026-02-09T09:50:10Z,2025-11-25,48,R1,7.6285
2026-02-09T09:50:10Z,2025-11-25,30,R1,13.7661
2026-02-09T09:50:10Z,2025-11-25,29,R1,14.0173
2026-02-09T09:50:10Z,2025-11-25,28,R1,14.8671
2026-02-09T09:50:10Z,2025-11-25,27,R1,15.1786
2026-02-09T09:50:10Z,2025-11-25,36,R1,11.8288
2026-02-09T09:50:10Z,2025-11-26,15,R1,16.4796
2026-02-09T09:50:10Z,2025-11-26,16,R1,17.2271
2026-02-09T09:50:10Z,2025-11-26,17,R1,19.512
2026-02-09T09:50:10Z,2025-11-26,22,R1,33.925
2026-02-09T09:50:10Z,2025-11-26,19,R1,27.2196
2026-02-09T09:50:10Z,2025-11-26,20,R1,29.8563
2026-02-09T09:50:10Z,2025-11-26,21,R1,32.3441
2026-02-09T09:50:10Z,2025-11-26,14,R1,16.6574
2026-02-09T09:50:10Z,2025-11-26,18,R1,23.2138
2026-02-09T09:50:10Z,2025-11-26,13,R1,15.3568
2026-02-09T09:50:10Z,2025-11-26,7,R1,14.7527
2026-02-09T09:50:10Z,2025-11-26,11,R1,15.1495
2026-02-09T09:50:10Z,2025-11-26,10,R1,15.1146
2026-02-09T09:50:10Z,2025-11-26,9,R1,15.1307
2026-02-09T09:50:10Z,2025-11-26,8,R1,14.671
2026-02-09T09:50:10Z,2025-11-26,6,R1,14.984
2026-02-09T09:50:10Z,2025-11-26,5,R1,14.8833
2026-02-09T09:50:10Z,2025-11-26,4,R1,15.0242
2026-02-09T09:50:10Z,2025-11-26,3,R1,14.8602
2026-02-09T09:50:10Z,2025-11-26,2,R1,15.0866
2026-02-09T09:50:10Z,2025-11-26,23,R1,33.7449
2026-02-09T09:50:10Z,2025-11-26,12,R1,15.3945
2026-02-09T09:50:10Z,2025-11-26,1,R1,15.9198
2026-02-09T09:50:10Z,2025-11-26,24,R1,34.1072
2026-02-09T09:50:10Z,2025-11-26,26,R1,31.1417
2026-02-09T09:50:10Z,2025-11-26,25,R1,32.6287
2026-02-09T09:50:10Z,2025-11-26,48,R1,21.7111
2026-02-09T09:50:10Z,2025-11-26,47,R1,21.5186
2026-02-09T09:50:10Z,2025-11-26,46,R1,21.0787
2026-02-09T09:50:10Z,2025-11-26,45,R1,20.2026
2026-02-09T09:50:10Z,2025-11-26,44,R1,19.853
2026-02-09T09:50:10Z,2025-11-26,43,R1,19.7989
2026-02-09T09:50:10Z,2025-11-26,41,R1,19.9257
2026-02-09T09:50:10Z,2025-11-26,40,R1,20.3858
2026-02-09T09:50:10Z,2025-11-26,39,R1,19.9934
2026-02-09T09:50:10Z,2025-11-26,38,R1,20.0867
2026-02-09T09:50:10Z,2025-11-26,42,R1,19.6646
2026-02-09T09:50:10Z,2025-11-26,36,R1,18.8112
2026-02-09T09:50:10Z,2025-11-26,37,R1,19.8066
2026-02-09T09:50:10Z,2025-11-26,28,R1,27.0069
2026-02-09T09:50:10Z,2025-11-26,29,R1,23.5695
2026-02-09T09:50:10Z,2025-11-26,30,R1,22.1075
2026-02-09T09:50:10Z,2025-11-26,31,R1,20.0489
2026-02-09T09:50:10Z,2025-11-26,27,R1,30.1426
2026-02-09T09:50:10Z,2025-11-26,33,R1,19.8305
2026-02-09T09:50:10Z,2025-11-26,34,R1,19.6714
2026-02-09T09:50:10Z,2025-11-26,35,R1,19.2256
2026-02-09T09:50:10Z,2025-11-26,32,R1,19.7625
2026-02-09T09:50:10Z,2025-11-27,13,R1,22.0861
2026-02-09T09:50:10Z,2025-11-27,21,R1,29.3672
2026-02-09T09:50:10Z,2025-11-27,20,R1,28.5173
2026-02-09T09:50:10Z,2025-11-27,19,R1,27.0227
2026-02-09T09:50:10Z,2025-11-27,18,R1,26.4187
2026-02-09T09:50:10Z,2025-11-27,17,R1,23.9795
2026-02-09T09:50:10Z,2025-11-27,16,R1,23.1394
2026-02-09T09:50:10Z,2025-11-27,15,R1,22.0281
2026-02-09T09:50:10Z,2025-11-27,14,R1,22.0002
2026-02-09T09:50:10Z,2025-11-27,12,R1,22.7904
2026-02-09T09:50:10Z,2025-11-27,1,R1,22.3251
2026-02-09T09:50:10Z,2025-11-27,10,R1,23.6078
2026-02-09T09:50:10Z,2025-11-27,9,R1,23.5333
2026-02-09T09:50:10Z,2025-11-27,8,R1,22.8941
2026-02-09T09:50:10Z,2025-11-27,7,R1,22.7724
2026-02-09T09:50:10Z,2025-11-27,22,R1,30.924
2026-02-09T09:50:10Z,2025-11-27,6,R1,22.6354
2026-02-09T09:50:10Z,2025-11-27,5,R1,21.6894
2026-02-09T09:50:10Z,2025-11-27,4,R1,21.9451
2026-02-09T09:50:10Z,2025-11-27,3,R1,22.4364
2026-02-09T09:50:10Z,2025-11-27,2,R1,22.086
2026-02-09T09:50:10Z,2025-11-27,11,R1,22.4954
2026-02-09T09:50:10Z,2025-11-27,23,R1,32.2325
2026-02-09T09:50:10Z,2025-11-27,42,R1,28.5033
2026-02-09T09:50:10Z,2025-11-27,25,R1,30.7932
2026-02-09T09:50:10Z,2025-11-27,24,R1,30.8201
2026-02-09T09:50:10Z,2025-11-27,47,R1,26.6376
2026-02-09T09:50:10Z,2025-11-27,46,R1,26.8978
2026-02-09T09:50:10Z,2025-11-27,45,R1,26.9
2026-02-09T09:50:10Z,2025-11-27,44,R1,26.8938
2026-02-09T09:50:10Z,2025-11-27,43,R1,27.4148
2026-02-09T09:50:10Z,2025-11-27,41,R1,28.579
2026-02-09T09:50:10Z,2025-11-27,40,R1,28.5774
2026-02-09T09:50:10Z,2025-11-27,39,R1,28.1372
2026-02-09T09:50:10Z,2025-11-27,38,R1,28.4315
2026-02-09T09:50:10Z,2025-11-27,37,R1,29.0407
2026-02-09T09:50:10Z,2025-11-27,48,R1,26.3341
2026-02-09T09:50:10Z,2025-11-27,35,R1,28.2244
2026-02-09T09:50:10Z,2025-11-27,36,R1,27.9569
2026-02-09T09:50:10Z,2025-11-27,27,R1,30.4867
2026-02-09T09:50:10Z,2025-11-27,28,R1,29.3456
2026-02-09T09:50:10Z,2025-11-27,29,R1,28.3719
2026-02-09T09:50:10Z,2025-11-27,26,R1,29.8308
2026-02-09T09:50:10Z,2025-11-27,31,R1,27.4079
2026-02-09T09:50:10Z,2025-11-27,32,R1,28.1789
2026-02-09T09:50:10Z,2025-11-27,33,R1,28.7085
2026-02-09T09:50:10Z,2025-11-27,34,R1,28.0102
2026-02-09T09:50:10Z,2025-11-27,30,R1,28.8066
2026-02-09T09:50:10Z,2025-11-28,13,R1,26.6858
2026-02-09T09:50:10Z,2025-11-28,22,R1,43.5174
2026-02-09T09:50:10Z,2025-11-28,21,R1,39.9685
2026-02-09T09:50:10Z,2025-11-28,20,R1,38.3118
2026-02-09T09:50:10Z,2025-11-28,19,R1,34.7865
2026-02-09T09:50:10Z,2025-11-28,17,R1,28.7975
2026-02-09T09:50:10Z,2025-11-28,16,R1,27.7067
2026-02-09T09:50:10Z,2025-11-28,15,R1,27.4062
2026-02-09T09:50:10Z,2025-11-28,14,R1,27.2556
2026-02-09T09:50:10Z,2025-11-28,12,R1,26.8441
2026-02-09T09:50:10Z,2025-11-28,6,R1,25.9298
2026-02-09T09:50:10Z,2025-11-28,10,R1,26.3764
2026-02-09T09:50:10Z,2025-11-28,9,R1,26.3958
2026-02-09T09:50:10Z,2025-11-28,8,R1,26.0339
2026-02-09T09:50:10Z,2025-11-28,7,R1,25.972
2026-02-09T09:50:10Z,2025-11-28,23,R1,44.3373
2026-02-09T09:50:10Z,2025-11-28,5,R1,25.639
2026-02-09T09:50:10Z,2025-11-28,4,R1,25.3819
2026-02-09T09:50:10Z,2025-11-28,3,R1,25.1151
2026-02-09T09:50:10Z,2025-11-28,2,R1,25.6994
2026-02-09T09:50:10Z,2025-11-28,1,R1,26.0836
2026-02-09T09:50:10Z,2025-11-28,11,R1,26.8264
2026-02-09T09:50:10Z,2025-11-28,24,R1,45.0846
2026-02-09T09:50:10Z,2025-11-28,18,R1,30.5117
2026-02-09T09:50:10Z,2025-11-28,26,R1,43.3938
2026-02-09T09:50:10Z,2025-11-28,25,R1,43.9456
2026-02-09T09:50:10Z,2025-11-28,47,R1,28.4419
2026-02-09T09:50:10Z,2025-11-28,46,R1,28.4086
2026-02-09T09:50:10Z,2025-11-28,45,R1,27.4625
2026-02-09T09:50:10Z,2025-11-28,44,R1,26.925
2026-02-09T09:50:10Z,2025-11-28,43,R1,26.0444
2026-02-09T09:50:10Z,2025-11-28,42,R1,26.2443
2026-02-09T09:50:10Z,2025-11-28,41,R1,26.8392
2026-02-09T09:50:10Z,2025-11-28,40,R1,26.7083
2026-02-09T09:50:10Z,2025-11-28,39,R1,26.6929
2026-02-09T09:50:10Z,2025-11-28,38,R1,27.021
2026-02-09T09:50:10Z,2025-11-28,48,R1,27.9569
2026-02-09T09:50:10Z,2025-11-28,36,R1,26.8458
2026-02-09T09:50:10Z,2025-11-28,37,R1,26.2632
2026-02-09T09:50:10Z,2025-11-28,28,R1,36.2283
2026-02-09T09:50:10Z,2025-11-28,29,R1,35.7686
2026-02-09T09:50:10Z,2025-11-28,30,R1,33.8346
2026-02-09T09:50:10Z,2025-11-28,27,R1,39.3557
2026-02-09T09:50:10Z,2025-11-28,32,R1,29.2814
2026-02-09T09:50:10Z,2025-11-28,33,R1,28.4231
2026-02-09T09:50:10Z,2025-11-28,34,R1,27.737
2026-02-09T09:50:10Z,2025-11-28,35,R1,27.3886
2026-02-09T09:50:10Z,2025-11-28,31,R1,29.525
2026-02-09T09:50:10Z,2025-11-29,21,R1,11.4248
2026-02-09T09:50:10Z,2025-11-29,13,R1,9.233
2026-02-09T09:50:10Z,2025-11-29,20,R1,11.3881
2026-02-09T09:50:10Z,2025-11-29,19,R1,11.1977
2026-02-09T09:50:10Z,2025-11-29,18,R1,12.1477
2026-02-09T09:50:10Z,2025-11-29,17,R1,10.9822
2026-02-09T09:50:10Z,2025-11-29,16,R1,9.9865
2026-02-09T09:50:10Z,2025-11-29,15,R1,9.4563
2026-02-09T09:50:10Z,2025-11-29,14,R1,9.3645
2026-02-09T09:50:10Z,2025-11-29,12,R1,9.1894
2026-02-09T09:50:10Z,2025-11-29,1,R1,17.7912
2026-02-09T09:50:10Z,2025-11-29,10,R1,9.0088
2026-02-09T09:50:10Z,2025-11-29,9,R1,9.1073
2026-02-09T09:50:10Z,2025-11-29,8,R1,9.985
2026-02-09T09:50:10Z,2025-11-29,7,R1,9.718
2026-02-09T09:50:10Z,2025-11-29,6,R1,9.9349
2026-02-09T09:50:10Z,2025-11-29,5,R1,9.9047
2026-02-09T09:50:10Z,2025-11-29,4,R1,10.9909
2026-02-09T09:50:10Z,2025-11-29,3,R1,12.1098
2026-02-09T09:50:10Z,2025-11-29,2,R1,12.2728
2026-02-09T09:50:10Z,2025-11-29,22,R1,11.6541
2026-02-09T09:50:10Z,2025-11-29,11,R1,8.7706
2026-02-09T09:50:10Z,2025-11-29,23,R1,11.4847
2026-02-09T09:50:10Z,2025-11-29,42,R1,12.5472
2026-02-09T09:50:10Z,2025-11-29,25,R1,12.0201
2026-02-09T09:50:10Z,2025-11-29,24,R1,11.9747
2026-02-09T09:50:10Z,2025-11-29,47,R1,12.374
2026-02-09T09:50:10Z,2025-11-29,46,R1,11.8941
2026-02-09T09:50:10Z,2025-11-29,45,R1,12.9821
2026-02-09T09:50:10Z,2025-11-29,44,R1,12.5915
2026-02-09T09:50:10Z,2025-11-29,43,R1,12.3325
2026-02-09T09:50:10Z,2025-11-29,41,R1,12.4369
2026-02-09T09:50:10Z,2025-11-29,40,R1,13.3839
2026-02-09T09:50:10Z,2025-11-29,39,R1,13.1033
2026-02-09T09:50:10Z,2025-11-29,38,R1,14.0825
2026-02-09T09:50:10Z,2025-11-29,37,R1,13.7276
2026-02-09T09:50:10Z,2025-11-29,48,R1,12.8294
2026-02-09T09:50:10Z,2025-11-29,35,R1,12.9026
2026-02-09T09:50:10Z,2025-11-29,36,R1,12.9974
2026-02-09T09:50:10Z,2025-11-29,27,R1,13.1
2026-02-09T09:50:10Z,2025-11-29,28,R1,13.0262
2026-02-09T09:50:10Z,2025-11-29,29,R1,12.669
2026-02-09T09:50:10Z,2025-11-29,26,R1,12.2516
2026-02-09T09:50:10Z,2025-11-29,31,R1,13.2223
2026-02-09T09:50:10Z,2025-11-29,32,R1,13.7269
2026-02-09T09:50:10Z,2025-11-29,33,R1,13.84
2026-02-09T09:50:10Z,2025-11-29,34,R1,13.9908
2026-02-09T09:50:10Z,2025-11-29,30,R1,12.3094
2026-02-09T09:50:10Z,2025-11-30,22,R1,32.1783
2026-02-09T09:50:10Z,2025-11-30,14,R1,20.3559
2026-02-09T09:50:10Z,2025-11-30,21,R1,31.2694
2026-02-09T09:50:10Z,2025-11-30,20,R1,31.0016
2026-02-09T09:50:10Z,2025-11-30,19,R1,29.4142
2026-02-09T09:50:10Z,2025-11-30,18,R1,24.2059
2026-02-09T09:50:10Z,2025-11-30,17,R1,21.4981
2026-02-09T09:50:10Z,2025-11-30,16,R1,20.6049
2026-02-09T09:50:10Z,2025-11-30,15,R1,19.8216
2026-02-09T09:50:10Z,2025-11-30,13,R1,20.1863
2026-02-09T09:50:10Z,2025-11-30,7,R1,21.8729
2026-02-09T09:50:10Z,2025-11-30,11,R1,20.7274
2026-02-09T09:50:10Z,2025-11-30,10,R1,21.0986
2026-02-09T09:50:10Z,2025-11-30,9,R1,21.5752
2026-02-09T09:50:10Z,2025-11-30,8,R1,22.2452
2026-02-09T09:50:10Z,2025-11-30,6,R1,22.1029
2026-02-09T09:50:10Z,2025-11-30,5,R1,22.0129
2026-02-09T09:50:10Z,2025-11-30,4,R1,22.6795
2026-02-09T09:50:10Z,2025-11-30,3,R1,22.7597
2026-02-09T09:50:10Z,2025-11-30,2,R1,23.4974
2026-02-09T09:50:10Z,2025-11-30,23,R1,31.9917
2026-02-09T09:50:10Z,2025-11-30,12,R1,21.1412
2026-02-09T09:50:10Z,2025-11-30,1,R1,24.4527
2026-02-09T09:50:10Z,2025-11-30,24,R1,31.6384
2026-02-09T09:50:10Z,2025-11-30,26,R1,29.5956
2026-02-09T09:50:10Z,2025-11-30,48,R1,26.4378
2026-02-09T09:50:10Z,2025-11-30,47,R1,26.4762
2026-02-09T09:50:10Z,2025-11-30,46,R1,26.3261
2026-02-09T09:50:10Z,2025-11-30,45,R1,25.7377
2026-02-09T09:50:10Z,2025-11-30,44,R1,25.8703
2026-02-09T09:50:10Z,2025-11-30,43,R1,25.1002
2026-02-09T09:50:10Z,2025-11-30,42,R1,23.927
2026-02-09T09:50:10Z,2025-11-30,41,R1,23.5098
2026-02-09T09:50:10Z,2025-11-30,40,R1,22.5566
2026-02-09T09:50:10Z,2025-11-30,39,R1,22.1094
2026-02-09T09:50:10Z,2025-11-30,38,R1,22.4075
2026-02-09T09:50:10Z,2025-11-30,25,R1,30.4157
2026-02-09T09:50:10Z,2025-11-30,36,R1,20.5997
2026-02-09T09:50:10Z,2025-11-30,35,R1,19.4231
2026-02-09T09:50:10Z,2025-11-30,34,R1,19.6509
2026-02-09T09:50:10Z,2025-11-30,33,R1,19.1138
2026-02-09T09:50:10Z,2025-11-30,32,R1,18.5817
2026-02-09T09:50:10Z,2025-11-30,31,R1,19.1099
2026-02-09T09:50:10Z,2025-11-30,30,R1,22.3662
2026-02-09T09:50:10Z,2025-11-30,29,R1,27.0998
2026-02-09T09:50:10Z,2025-11-30,28,R1,27.9798
2026-02-09T09:50:10Z,2025-11-30,27,R1,28.1268
2026-02-09T09:50:10Z,2025-11-30,37,R1,21.926
2026-02-09T09:50:10Z,2025-12-01,14,R1,28.0502
2026-02-09T09:50:10Z,2025-12-01,15,R1,29.5344
2026-02-09T09:50:10Z,2025-12-01,16,R1,28.4493
2026-02-09T09:50:10Z,2025-12-01,21,R1,30.0751
2026-02-09T09:50:10Z,2025-12-01,18,R1,26.5555
2026-02-09T09:50:10Z,2025-12-01,19,R1,25.7847
2026-02-09T09:50:10Z,2025-12-01,20,R1,29.8652
2026-02-09T09:50:10Z,2025-12-01,13,R1,27.3511
2026-02-09T09:50:10Z,2025-12-01,17,R1,28.1541
2026-02-09T09:50:10Z,2025-12-01,12,R1,26.7428
2026-02-09T09:50:10Z,2025-12-01,6,R1,26.1251
2026-02-09T09:50:10Z,2025-12-01,10,R1,26.1652
2026-02-09T09:50:10Z,2025-12-01,9,R1,25.9149
2026-02-09T09:50:10Z,2025-12-01,8,R1,26.1173
2026-02-09T09:50:10Z,2025-12-01,7,R1,26.1123
2026-02-09T09:50:10Z,2025-12-01,5,R1,26.3085
2026-02-09T09:50:10Z,2025-12-01,4,R1,26.4953
2026-02-09T09:50:10Z,2025-12-01,3,R1,27.5975
2026-02-09T09:50:10Z,2025-12-01,2,R1,28.2142
2026-02-09T09:50:10Z,2025-12-01,1,R1,29.0756
2026-02-09T09:50:10Z,2025-12-01,22,R1,30.3205
2026-02-09T09:50:10Z,2025-12-01,11,R1,26.3232
2026-02-09T09:50:10Z,2025-12-01,23,R1,32.5783
2026-02-09T09:50:10Z,2025-12-01,24,R1,31.6307
2026-02-09T09:50:10Z,2025-12-01,25,R1,32.1252
2026-02-09T09:50:10Z,2025-12-01,47,R1,23.7086
2026-02-09T09:50:10Z,2025-12-01,46,R1,25.7597
2026-02-09T09:50:10Z,2025-12-01,45,R1,24.6251
2026-02-09T09:50:10Z,2025-12-01,44,R1,24.3605
2026-02-09T09:50:10Z,2025-12-01,43,R1,25.8595
2026-02-09T09:50:10Z,2025-12-01,42,R1,26.6099
2026-02-09T09:50:10Z,2025-12-01,41,R1,26.617
2026-02-09T09:50:10Z,2025-12-01,40,R1,27.9684
2026-02-09T09:50:10Z,2025-12-01,39,R1,29.9405
2026-02-09T09:50:10Z,2025-12-01,38,R1,29.1015
2026-02-09T09:50:10Z,2025-12-01,37,R1,26.5839
2026-02-09T09:50:10Z,2025-12-01,48,R1,23.6573
2026-02-09T09:50:10Z,2025-12-01,35,R1,28.949
2026-02-09T09:50:10Z,2025-12-01,34,R1,31.9081
2026-02-09T09:50:10Z,2025-12-01,33,R1,30.1117
2026-02-09T09:50:10Z,2025-12-01,32,R1,32.6725
2026-02-09T09:50:10Z,2025-12-01,31,R1,32.1709
2026-02-09T09:50:10Z,2025-12-01,30,R1,30.5861
2026-02-09T09:50:10Z,2025-12-01,29,R1,29.571
2026-02-09T09:50:10Z,2025-12-01,28,R1,31.133
2026-02-09T09:50:10Z,2025-12-01,27,R1,31.6367
2026-02-09T09:50:10Z,2025-12-01,26,R1,32.6394
2026-02-09T09:50:10Z,2025-12-01,36,R1,26.0667
2026-02-09T09:50:10Z,2025-12-02,14,R1,19.5579
2026-02-09T09:50:10Z,2025-12-02,15,R1,18.3516
2026-02-09T09:50:10Z,2025-12-02,16,R1,17.5346
2026-02-09T09:50:10Z,2025-12-02,21,R1,22.8453
2026-02-09T09:50:10Z,2025-12-02,18,R1,19.0173
2026-02-09T09:50:10Z,2025-12-02,19,R1,20.0368
2026-02-09T09:50:10Z,2025-12-02,20,R1,22.2682
2026-02-09T09:50:10Z,2025-12-02,13,R1,19.2359
2026-02-09T09:50:10Z,2025-12-02,17,R1,17.7062
2026-02-09T09:50:10Z,2025-12-02,12,R1,18.8947
2026-02-09T09:50:10Z,2025-12-02,6,R1,21.3738
2026-02-09T09:50:10Z,2025-12-02,10,R1,17.8756
2026-02-09T09:50:10Z,2025-12-02,9,R1,18.4219
2026-02-09T09:50:10Z,2025-12-02,8,R1,18.179
2026-02-09T09:50:10Z,2025-12-02,7,R1,18.7742
2026-02-09T09:50:10Z,2025-12-02,5,R1,21.2833
2026-02-09T09:50:10Z,2025-12-02,4,R1,20.0601
2026-02-09T09:50:10Z,2025-12-02,3,R1,20.4259
2026-02-09T09:50:10Z,2025-12-02,2,R1,25.4306
2026-02-09T09:50:10Z,2025-12-02,1,R1,25.3013
2026-02-09T09:50:10Z,2025-12-02,22,R1,21.9714
2026-02-09T09:50:10Z,2025-12-02,11,R1,18.4465
2026-02-09T09:50:10Z,2025-12-02,23,R1,21.6211
2026-02-09T09:50:10Z,2025-12-02,24,R1,23.1281
2026-02-09T09:50:10Z,2025-12-02,25,R1,20.6925
2026-02-09T09:50:10Z,2025-12-02,47,R1,14.7014
2026-02-09T09:50:10Z,2025-12-02,46,R1,15.9612
2026-02-09T09:50:10Z,2025-12-02,45,R1,16.3396
2026-02-09T09:50:10Z,2025-12-02,44,R1,16.0621
2026-02-09T09:50:10Z,2025-12-02,43,R1,15.7017
2026-02-09T09:50:10Z,2025-12-02,42,R1,15.9518
2026-02-09T09:50:10Z,2025-12-02,41,R1,16.115
2026-02-09T09:50:10Z,2025-12-02,40,R1,16.1993
2026-02-09T09:50:10Z,2025-12-02,39,R1,15.3524
2026-02-09T09:50:10Z,2025-12-02,38,R1,14.8047
2026-02-09T09:50:10Z,2025-12-02,37,R1,15.344
2026-02-09T09:50:10Z,2025-12-02,48,R1,14.2123
2026-02-09T09:50:10Z,2025-12-02,35,R1,16.1252
2026-02-09T09:50:10Z,2025-12-02,34,R1,16.1937
2026-02-09T09:50:10Z,2025-12-02,33,R1,16.2978
2026-02-09T09:50:10Z,2025-12-02,32,R1,17.8543
2026-02-09T09:50:10Z,2025-12-02,31,R1,17.6298
2026-02-09T09:50:10Z,2025-12-02,30,R1,17.7154
2026-02-09T09:50:10Z,2025-12-02,29,R1,18.6107
2026-02-09T09:50:10Z,2025-12-02,28,R1,21.0496
2026-02-09T09:50:10Z,2025-12-02,27,R1,19.4383
2026-02-09T09:50:10Z,2025-12-02,26,R1,21.6683
2026-02-09T09:50:10Z,2025-12-02,36,R1,16.1507
2026-02-09T09:50:10Z,2025-12-03,14,R1,10.7701
2026-02-09T09:50:10Z,2025-12-03,15,R1,10.695
2026-02-09T09:50:10Z,2025-12-03,16,R1,10.8043
2026-02-09T09:50:10Z,2025-12-03,21,R1,14.9794
2026-02-09T09:50:10Z,2025-12-03,18,R1,13.2772
2026-02-09T09:50:10Z,2025-12-03,19,R1,14.0047
2026-02-09T09:50:10Z,2025-12-03,20,R1,13.7324
2026-02-09T09:50:10Z,2025-12-03,13,R1,10.3791
2026-02-09T09:50:10Z,2025-12-03,17,R1,12.4804
2026-02-09T09:50:10Z,2025-12-03,12,R1,9.6019
2026-02-09T09:50:10Z,2025-12-03,6,R1,8.2041
2026-02-09T09:50:10Z,2025-12-03,10,R1,9.2278
2026-02-09T09:50:10Z,2025-12-03,9,R1,8.8273
2026-02-09T09:50:10Z,2025-12-03,8,R1,8.6367
2026-02-09T09:50:10Z,2025-12-03,7,R1,8.5507
2026-02-09T09:50:10Z,2025-12-03,5,R1,8.646
2026-02-09T09:50:10Z,2025-12-03,4,R1,8.7765
2026-02-09T09:50:10Z,2025-12-03,3,R1,8.8922
2026-02-09T09:50:10Z,2025-12-03,2,R1,9.4191
2026-02-09T09:50:10Z,2025-12-03,1,R1,9.3264
2026-02-09T09:50:10Z,2025-12-03,22,R1,15.6237
2026-02-09T09:50:10Z,2025-12-03,11,R1,9.5462
2026-02-09T09:50:10Z,2025-12-03,23,R1,16.7931
2026-02-09T09:50:10Z,2025-12-03,24,R1,16.5716
2026-02-09T09:50:10Z,2025-12-03,25,R1,18.5742
2026-02-09T09:50:10Z,2025-12-03,47,R1,12.8532
2026-02-09T09:50:10Z,2025-12-03,46,R1,12.0828
2026-02-09T09:50:10Z,2025-12-03,45,R1,12.6761
2026-02-09T09:50:10Z,2025-12-03,44,R1,12.8068
2026-02-09T09:50:10Z,2025-12-03,43,R1,11.6469
2026-02-09T09:50:10Z,2025-12-03,42,R1,11.7805
2026-02-09T09:50:10Z,2025-12-03,41,R1,13.2105
2026-02-09T09:50:10Z,2025-12-03,40,R1,13.6698
2026-02-09T09:50:10Z,2025-12-03,39,R1,14.1067
2026-02-09T09:50:10Z,2025-12-03,38,R1,14.9259
2026-02-09T09:50:10Z,2025-12-03,37,R1,15.7267
2026-02-09T09:50:10Z,2025-12-03,48,R1,14.0282
2026-02-09T09:50:10Z,2025-12-03,35,R1,14.4979
2026-02-09T09:50:10Z,2025-12-03,34,R1,14.2737
2026-02-09T09:50:10Z,2025-12-03,33,R1,14.0292
2026-02-09T09:50:10Z,2025-12-03,32,R1,13.8016
2026-02-09T09:50:10Z,2025-12-03,31,R1,14.738
2026-02-09T09:50:10Z,2025-12-03,30,R1,15.9556
2026-02-09T09:50:10Z,2025-12-03,29,R1,16.5095
2026-02-09T09:50:10Z,2025-12-03,28,R1,17.8298
2026-02-09T09:50:10Z,2025-12-03,27,R1,18.7481
2026-02-09T09:50:10Z,2025-12-03,26,R1,19.0259
2026-02-09T09:50:10Z,2025-12-03,36,R1,15.7532
2026-02-09T09:50:10Z,2025-12-04,14,R1,17.6443
2026-02-09T09:50:10Z,2025-12-04,15,R1,18.0924
2026-02-09T09:50:10Z,2025-12-04,16,R1,19.4673
2026-02-09T09:50:10Z,2025-12-04,21,R1,19.1015
2026-02-09T09:50:10Z,2025-12-04,18,R1,19.6874
2026-02-09T09:50:10Z,2025-12-04,19,R1,18.9732
2026-02-09T09:50:10Z,2025-12-04,20,R1,18.2322
2026-02-09T09:50:10Z,2025-12-04,13,R1,16.2523
2026-02-09T09:50:10Z,2025-12-04,17,R1,18.7428
2026-02-09T09:50:10Z,2025-12-04,12,R1,16.1089
2026-02-09T09:50:10Z,2025-12-04,6,R1,14.8472
2026-02-09T09:50:10Z,2025-12-04,10,R1,14.7894
2026-02-09T09:50:10Z,2025-12-04,9,R1,13.5331
2026-02-09T09:50:10Z,2025-12-04,8,R1,14.2665
2026-02-09T09:50:10Z,2025-12-04,7,R1,12.4563
2026-02-09T09:50:10Z,2025-12-04,5,R1,14.971
2026-02-09T09:50:10Z,2025-12-04,4,R1,14.8357
2026-02-09T09:50:10Z,2025-12-04,3,R1,15.0504
2026-02-09T09:50:10Z,2025-12-04,2,R1,19.2145
2026-02-09T09:50:10Z,2025-12-04,1,R1,13.1642
2026-02-09T09:50:10Z,2025-12-04,22,R1,18.1886
2026-02-09T09:50:10Z,2025-12-04,11,R1,14.8711
2026-02-09T09:50:10Z,2025-12-04,23,R1,17.9947
2026-02-09T09:50:10Z,2025-12-04,48,R1,11.1262
2026-02-09T09:50:10Z,2025-12-04,25,R1,17.3415
2026-02-09T09:50:10Z,2025-12-04,47,R1,11.4923
2026-02-09T09:50:10Z,2025-12-04,46,R1,11.0729
2026-02-09T09:50:10Z,2025-12-04,45,R1,11.5789
2026-02-09T09:50:10Z,2025-12-04,44,R1,12.3389
2026-02-09T09:50:10Z,2025-12-04,43,R1,11.5102
2026-02-09T09:50:10Z,2025-12-04,42,R1,11.0727
2026-02-09T09:50:10Z,2025-12-04,41,R1,12.1251
2026-02-09T09:50:10Z,2025-12-04,40,R1,12.9515
2026-02-09T09:50:10Z,2025-12-04,39,R1,13.3815
2026-02-09T09:50:10Z,2025-12-04,38,R1,13.1978
2026-02-09T09:50:10Z,2025-12-04,37,R1,12.2963
2026-02-09T09:50:10Z,2025-12-04,24,R1,17.2623
2026-02-09T09:50:10Z,2025-12-04,35,R1,11.9878
2026-02-09T09:50:10Z,2025-12-04,34,R1,11.7053
2026-02-09T09:50:10Z,2025-12-04,33,R1,11.5697
2026-02-09T09:50:10Z,2025-12-04,32,R1,12.2925
2026-02-09T09:50:10Z,2025-12-04,31,R1,13.1309
2026-02-09T09:50:10Z,2025-12-04,30,R1,12.8822
2026-02-09T09:50:10Z,2025-12-04,29,R1,14.3931
2026-02-09T09:50:10Z,2025-12-04,28,R1,16.3511
2026-02-09T09:50:10Z,2025-12-04,27,R1,15.4469
2026-02-09T09:50:10Z,2025-12-04,26,R1,16.6355
2026-02-09T09:50:10Z,2025-12-04,36,R1,12.1919
2026-02-09T09:50:10Z,2025-12-05,14,R1,13.8403
2026-02-09T09:50:10Z,2025-12-05,15,R1,15.8684
2026-02-09T09:50:10Z,2025-12-05,16,R1,15.5408
2026-02-09T09:50:10Z,2025-12-05,21,R1,20.8891
2026-02-09T09:50:10Z,2025-12-05,18,R1,16.8658
2026-02-09T09:50:10Z,2025-12-05,19,R1,19.3884
2026-02-09T09:50:10Z,2025-12-05,20,R1,20.0988
2026-02-09T09:50:10Z,2025-12-05,13,R1,14.1026
2026-02-09T09:50:10Z,2025-12-05,17,R1,15.0975
2026-02-09T09:50:10Z,2025-12-05,12,R1,12.316
2026-02-09T09:50:10Z,2025-12-05,6,R1,11.1468
2026-02-09T09:50:10Z,2025-12-05,10,R1,11.212
2026-02-09T09:50:10Z,2025-12-05,9,R1,10.8508
2026-02-09T09:50:10Z,2025-12-05,8,R1,11.7513
2026-02-09T09:50:10Z,2025-12-05,7,R1,10.8287
2026-02-09T09:50:10Z,2025-12-05,5,R1,10.7952
2026-02-09T09:50:10Z,2025-12-05,4,R1,9.837
2026-02-09T09:50:10Z,2025-12-05,3,R1,10.4321
2026-02-09T09:50:10Z,2025-12-05,2,R1,9.7217
2026-02-09T09:50:10Z,2025-12-05,1,R1,9.9741
2026-02-09T09:50:10Z,2025-12-05,22,R1,24.9264
2026-02-09T09:50:10Z,2025-12-05,11,R1,11.6035
2026-02-09T09:50:10Z,2025-12-05,23,R1,26.5883
2026-02-09T09:50:10Z,2025-12-05,24,R1,26.0519
2026-02-09T09:50:10Z,2025-12-05,25,R1,27.1723
2026-02-09T09:50:10Z,2025-12-05,47,R1,17.6546
2026-02-09T09:50:10Z,2025-12-05,46,R1,18.3748
2026-02-09T09:50:10Z,2025-12-05,45,R1,19.09
2026-02-09T09:50:10Z,2025-12-05,44,R1,20.0947
2026-02-09T09:50:10Z,2025-12-05,43,R1,20.4156
2026-02-09T09:50:10Z,2025-12-05,42,R1,20.8792
2026-02-09T09:50:10Z,2025-12-05,41,R1,21.4001
2026-02-09T09:50:10Z,2025-12-05,40,R1,22.1446
2026-02-09T09:50:10Z,2025-12-05,39,R1,22.8012
2026-02-09T09:50:10Z,2025-12-05,38,R1,23.7007
2026-02-09T09:50:10Z,2025-12-05,37,R1,22.4128
2026-02-09T09:50:10Z,2025-12-05,48,R1,16.8449
2026-02-09T09:50:10Z,2025-12-05,35,R1,22.5208
2026-02-09T09:50:10Z,2025-12-05,34,R1,22.1798
2026-02-09T09:50:10Z,2025-12-05,33,R1,25.7536
2026-02-09T09:50:10Z,2025-12-05,32,R1,27.1821
2026-02-09T09:50:10Z,2025-12-05,31,R1,28.6371
2026-02-09T09:50:10Z,2025-12-05,30,R1,29.3691
2026-02-09T09:50:10Z,2025-12-05,29,R1,29.4967
2026-02-09T09:50:10Z,2025-12-05,28,R1,30.2939
2026-02-09T09:50:10Z,2025-12-05,27,R1,29.2992
2026-02-09T09:50:10Z,2025-12-05,26,R1,26.7243
2026-02-09T09:50:10Z,2025-12-05,36,R1,23.1394
2026-02-09T09:50:10Z,2025-12-06,14,R1,27.4124
2026-02-09T09:50:10Z,2025-12-06,15,R1,28.8113
2026-02-09T09:50:10Z,2025-12-06,16,R1,30.4904
2026-02-09T09:50:10Z,2025-12-06,21,R1,37.0422
2026-02-09T09:50:10Z,2025-12-06,18,R1,33.6763
2026-02-09T09:50:10Z,2025-12-06,19,R1,35.7466
2026-02-09T09:50:10Z,2025-12-06,20,R1,36.1203
2026-02-09T09:50:10Z,2025-12-06,13,R1,27.074
2026-02-09T09:50:10Z,2025-12-06,17,R1,32.0788
2026-02-09T09:50:10Z,2025-12-06,12,R1,26.5985
2026-02-09T09:50:10Z,2025-12-06,6,R1,28.1833
2026-02-09T09:50:10Z,2025-12-06,10,R1,27.6706
2026-02-09T09:50:10Z,2025-12-06,9,R1,27.7439
2026-02-09T09:50:10Z,2025-12-06,8,R1,27.9337
2026-02-09T09:50:10Z,2025-12-06,7,R1,28.3249
2026-02-09T09:50:10Z,2025-12-06,5,R1,28.3038
2026-02-09T09:50:10Z,2025-12-06,4,R1,28.6112
2026-02-09T09:50:10Z,2025-12-06,3,R1,29.2366
2026-02-09T09:50:10Z,2025-12-06,2,R1,29.007
2026-02-09T09:50:10Z,2025-12-06,1,R1,29.7022
2026-02-09T09:50:10Z,2025-12-06,22,R1,39.3512
2026-02-09T09:50:10Z,2025-12-06,11,R1,27.8813
2026-02-09T09:50:10Z,2025-12-06,23,R1,40.6926
2026-02-09T09:50:10Z,2025-12-06,48,R1,22.7173
2026-02-09T09:50:10Z,2025-12-06,25,R1,38.5649
2026-02-09T09:50:10Z,2025-12-06,24,R1,40.6538
2026-02-09T09:50:10Z,2025-12-06,47,R1,22.4097
2026-02-09T09:50:10Z,2025-12-06,46,R1,22.9007
2026-02-09T09:50:10Z,2025-12-06,45,R1,24.3052
2026-02-09T09:50:10Z,2025-12-06,44,R1,25.7663
2026-02-09T09:50:10Z,2025-12-06,43,R1,24.5631
2026-02-09T09:50:10Z,2025-12-06,42,R1,26.355
2026-02-09T09:50:10Z,2025-12-06,40,R1,28.8386
2026-02-09T09:50:10Z,2025-12-06,39,R1,27.3658
2026-02-09T09:50:10Z,2025-12-06,38,R1,27.3437
2026-02-09T09:50:10Z,2025-12-06,37,R1,29.4909
2026-02-09T09:50:10Z,2025-12-06,41,R1,27.8028
2026-02-09T09:50:10Z,2025-12-06,35,R1,29.7335
2026-02-09T09:50:10Z,2025-12-06,36,R1,29.6904
2026-02-09T09:50:10Z,2025-12-06,27,R1,38.4654
2026-02-09T09:50:10Z,2025-12-06,28,R1,35.3366
2026-02-09T09:50:10Z,2025-12-06,29,R1,34.3841
2026-02-09T09:50:10Z,2025-12-06,30,R1,31.9856
2026-02-09T09:50:10Z,2025-12-06,26,R1,37.1603
2026-02-09T09:50:10Z,2025-12-06,32,R1,30.0402
2026-02-09T09:50:10Z,2025-12-06,33,R1,30.468
2026-02-09T09:50:10Z,2025-12-06,34,R1,30.5807
2026-02-09T09:50:10Z,2025-12-06,31,R1,30.9353
2026-02-09T09:50:10Z,2025-12-07,13,R1,20.8724
2026-02-09T09:50:10Z,2025-12-07,21,R1,30.6541
2026-02-09T09:50:10Z,2025-12-07,20,R1,28.1571
2026-02-09T09:50:10Z,2025-12-07,19,R1,26.2884
2026-02-09T09:50:10Z,2025-12-07,18,R1,23.4337
2026-02-09T09:50:10Z,2025-12-07,17,R1,23.9987
2026-02-09T09:50:10Z,2025-12-07,16,R1,23.7495
2026-02-09T09:50:10Z,2025-12-07,15,R1,23.0894
2026-02-09T09:50:10Z,2025-12-07,14,R1,23.4504
2026-02-09T09:50:10Z,2025-12-07,12,R1,21.1971
2026-02-09T09:50:10Z,2025-12-07,22,R1,30.5695
2026-02-09T09:50:10Z,2025-12-07,10,R1,21.318
2026-02-09T09:50:10Z,2025-12-07,9,R1,21.6189
2026-02-09T09:50:10Z,2025-12-07,8,R1,21.887
2026-02-09T09:50:10Z,2025-12-07,7,R1,21.6081
2026-02-09T09:50:10Z,2025-12-07,6,R1,21.1534
2026-02-09T09:50:10Z,2025-12-07,5,R1,20.8388
2026-02-09T09:50:10Z,2025-12-07,4,R1,21.153
2026-02-09T09:50:10Z,2025-12-07,3,R1,21.6355
2026-02-09T09:50:10Z,2025-12-07,2,R1,22.3395
2026-02-09T09:50:10Z,2025-12-07,1,R1,23.884
2026-02-09T09:50:10Z,2025-12-07,11,R1,21.5108
2026-02-09T09:50:10Z,2025-12-07,23,R1,30.5682
2026-02-09T09:50:10Z,2025-12-07,48,R1,24.0446
2026-02-09T09:50:10Z,2025-12-07,25,R1,30.2074
2026-02-09T09:50:10Z,2025-12-07,47,R1,24.6975
2026-02-09T09:50:10Z,2025-12-07,46,R1,25.5394
2026-02-09T09:50:10Z,2025-12-07,45,R1,24.7229
2026-02-09T09:50:10Z,2025-12-07,44,R1,25.2512
2026-02-09T09:50:10Z,2025-12-07,43,R1,25.842
2026-02-09T09:50:10Z,2025-12-07,42,R1,27.9687
2026-02-09T09:50:10Z,2025-12-07,41,R1,27.1563
2026-02-09T09:50:10Z,2025-12-07,40,R1,27.5061
2026-02-09T09:50:10Z,2025-12-07,39,R1,28.0141
2026-02-09T09:50:10Z,2025-12-07,38,R1,27.6487
2026-02-09T09:50:10Z,2025-12-07,37,R1,28.7706
2026-02-09T09:50:10Z,2025-12-07,24,R1,30.3132
2026-02-09T09:50:10Z,2025-12-07,35,R1,31.2665
2026-02-09T09:50:10Z,2025-12-07,34,R1,31.7223
2026-02-09T09:50:10Z,2025-12-07,33,R1,32.2678
2026-02-09T09:50:10Z,2025-12-07,32,R1,31.9702
2026-02-09T09:50:10Z,2025-12-07,31,R1,32.6541
2026-02-09T09:50:10Z,2025-12-07,30,R1,34.1973
2026-02-09T09:50:10Z,2025-12-07,29,R1,34.3181
2026-02-09T09:50:10Z,2025-12-07,28,R1,33.8928
2026-02-09T09:50:10Z,2025-12-07,27,R1,31.8102
2026-02-09T09:50:10Z,2025-12-07,26,R1,30.696
2026-02-09T09:50:10Z,2025-12-07,36,R1,29.606
2026-02-09T09:50:10Z,2025-12-08,14,R1,8.3138
2026-02-09T09:50:10Z,2025-12-08,15,R1,9.5417
2026-02-09T09:50:10Z,2025-12-08,16,R1,10.6534
2026-02-09T09:50:10Z,2025-12-08,21,R1,14.1404
2026-02-09T09:50:10Z,2025-12-08,18,R1,12.1196
2026-02-09T09:50:10Z,2025-12-08,19,R1,13.1047
2026-02-09T09:50:10Z,2025-12-08,20,R1,13.1988
2026-02-09T09:50:10Z,2025-12-08,13,R1,8.1471
2026-02-09T09:50:10Z,2025-12-08,17,R1,11.2755
2026-02-09T09:50:10Z,2025-12-08,12,R1,6.8858
2026-02-09T09:50:10Z,2025-12-08,6,R1,5.7203
2026-02-09T09:50:10Z,2025-12-08,10,R1,6.0381
2026-02-09T09:50:10Z,2025-12-08,9,R1,6.0315
2026-02-09T09:50:10Z,2025-12-08,8,R1,5.8075
2026-02-09T09:50:10Z,2025-12-08,7,R1,5.7756
2026-02-09T09:50:10Z,2025-12-08,5,R1,5.6134
2026-02-09T09:50:10Z,2025-12-08,4,R1,5.4493
2026-02-09T09:50:10Z,2025-12-08,3,R1,5.6308
2026-02-09T09:50:10Z,2025-12-08,2,R1,5.7168
2026-02-09T09:50:10Z,2025-12-08,1,R1,5.6256
2026-02-09T09:50:10Z,2025-12-08,22,R1,14.1283
2026-02-09T09:50:10Z,2025-12-08,11,R1,6.4586
2026-02-09T09:50:10Z,2025-12-08,23,R1,14.1238
2026-02-09T09:50:10Z,2025-12-08,24,R1,13.6292
2026-02-09T09:50:10Z,2025-12-08,25,R1,13.0613
2026-02-09T09:50:10Z,2025-12-08,47,R1,6.0291
2026-02-09T09:50:10Z,2025-12-08,46,R1,6.6525
2026-02-09T09:50:10Z,2025-12-08,45,R1,7.2056
2026-02-09T09:50:10Z,2025-12-08,44,R1,7.7756
2026-02-09T09:50:10Z,2025-12-08,43,R1,8.0852
2026-02-09T09:50:10Z,2025-12-08,42,R1,8.2562
2026-02-09T09:50:10Z,2025-12-08,41,R1,8.3695
2026-02-09T09:50:10Z,2025-12-08,40,R1,8.5432
2026-02-09T09:50:10Z,2025-12-08,39,R1,8.6001
2026-02-09T09:50:10Z,2025-12-08,38,R1,9.7496
2026-02-09T09:50:10Z,2025-12-08,37,R1,10.1062
2026-02-09T09:50:10Z,2025-12-08,48,R1,5.5454
2026-02-09T09:50:10Z,2025-12-08,35,R1,11.2422
2026-02-09T09:50:10Z,2025-12-08,34,R1,11.7383
2026-02-09T09:50:10Z,2025-12-08,33,R1,11.8541
2026-02-09T09:50:10Z,2025-12-08,32,R1,12.1937
2026-02-09T09:50:10Z,2025-12-08,31,R1,12.4655
2026-02-09T09:50:10Z,2025-12-08,30,R1,12.84
2026-02-09T09:50:10Z,2025-12-08,29,R1,13.3126
2026-02-09T09:50:10Z,2025-12-08,28,R1,13.8653
2026-02-09T09:50:10Z,2025-12-08,27,R1,13.4042
2026-02-09T09:50:10Z,2025-12-08,26,R1,13.0172
2026-02-09T09:50:10Z,2025-12-08,36,R1,10.8792
2026-02-09T09:50:10Z,2025-12-09,14,R1,21.2245
2026-02-09T09:50:10Z,2025-12-09,15,R1,24.43
2026-02-09T09:50:10Z,2025-12-09,16,R1,25.5151
2026-02-09T09:50:10Z,2025-12-09,21,R1,31.1703
2026-02-09T09:50:10Z,2025-12-09,18,R1,29.2218
2026-02-09T09:50:10Z,2025-12-09,19,R1,30.5301
2026-02-09T09:50:10Z,2025-12-09,20,R1,31.3645
2026-02-09T09:50:10Z,2025-12-09,13,R1,19.3067
2026-02-09T09:50:10Z,2025-12-09,17,R1,26.2914
2026-02-09T09:50:10Z,2025-12-09,12,R1,16.9015
2026-02-09T09:50:10Z,2025-12-09,6,R1,13.3613
2026-02-09T09:50:10Z,2025-12-09,10,R1,15.2126
2026-02-09T09:50:10Z,2025-12-09,9,R1,15.0421
2026-02-09T09:50:10Z,2025-12-09,8,R1,15.019
2026-02-09T09:50:10Z,2025-12-09,7,R1,15.0075
2026-02-09T09:50:10Z,2025-12-09,5,R1,13.8221
2026-02-09T09:50:10Z,2025-12-09,4,R1,13.736
2026-02-09T09:50:10Z,2025-12-09,3,R1,13.515
2026-02-09T09:50:10Z,2025-12-09,2,R1,13.7786
2026-02-09T09:50:10Z,2025-12-09,1,R1,14.3384
2026-02-09T09:50:10Z,2025-12-09,22,R1,25.4689
2026-02-09T09:50:10Z,2025-12-09,11,R1,16.049
2026-02-09T09:50:10Z,2025-12-09,23,R1,23.6778
2026-02-09T09:50:10Z,2025-12-09,24,R1,22.8709
2026-02-09T09:50:10Z,2025-12-09,25,R1,22.6056
2026-02-09T09:50:10Z,2025-12-09,47,R1,16.6399
2026-02-09T09:50:10Z,2025-12-09,46,R1,17.1593
2026-02-09T09:50:10Z,2025-12-09,45,R1,17.2224
2026-02-09T09:50:10Z,2025-12-09,44,R1,17.7611
2026-02-09T09:50:10Z,2025-12-09,43,R1,17.9103
2026-02-09T09:50:10Z,2025-12-09,42,R1,18.3057
2026-02-09T09:50:10Z,2025-12-09,41,R1,18.5826
2026-02-09T09:50:10Z,2025-12-09,40,R1,19.4874
2026-02-09T09:50:10Z,2025-12-09,39,R1,19.4715
2026-02-09T09:50:10Z,2025-12-09,38,R1,20.0121
2026-02-09T09:50:10Z,2025-12-09,37,R1,20.1692
2026-02-09T09:50:10Z,2025-12-09,48,R1,15.7871
2026-02-09T09:50:10Z,2025-12-09,35,R1,21.5708
2026-02-09T09:50:10Z,2025-12-09,34,R1,22.219
2026-02-09T09:50:10Z,2025-12-09,33,R1,22.1982
2026-02-09T09:50:10Z,2025-12-09,32,R1,22.2998
2026-02-09T09:50:10Z,2025-12-09,31,R1,22.5782
2026-02-09T09:50:10Z,2025-12-09,30,R1,22.5179
2026-02-09T09:50:10Z,2025-12-09,29,R1,22.1937
2026-02-09T09:50:10Z,2025-12-09,28,R1,22.7453
2026-02-09T09:50:10Z,2025-12-09,27,R1,22.5425
2026-02-09T09:50:10Z,2025-12-09,26,R1,22.8525
2026-02-09T09:50:10Z,2025-12-09,36,R1,20.9905
2026-03-09T09:50:11Z,2025-12-10,14,R1,26.5006
2026-03-09T09:50:11Z,2025-12-10,15,R1,26.8714
2026-03-09T09:50:11Z,2025-12-10,16,R1,27.422
2026-03-09T09:50:11Z,2025-12-10,21,R1,37.575
2026-03-09T09:50:11Z,2025-12-10,18,R1,29.1958
2026-03-09T09:50:11Z,2025-12-10,19,R1,31.0883
2026-03-09T09:50:11Z,2025-12-10,20,R1,33.9101
2026-03-09T09:50:11Z,2025-12-10,13,R1,26.4824
2026-03-09T09:50:11Z,2025-12-10,17,R1,27.492
2026-03-09T09:50:11Z,2025-12-10,12,R1,26.1501
2026-03-09T09:50:11Z,2025-12-10,6,R1,28.6599
2026-03-09T09:50:11Z,2025-12-10,10,R1,25.9209
2026-03-09T09:50:11Z,2025-12-10,9,R1,26.4906
2026-03-09T09:50:11Z,2025-12-10,8,R1,27.0751
2026-03-09T09:50:11Z,2025-12-10,7,R1,27.8784
2026-03-09T09:50:11Z,2025-12-10,5,R1,28.5154
2026-03-09T09:50:11Z,2025-12-10,4,R1,28.7032
2026-03-09T09:50:11Z,2025-12-10,3,R1,28.388
2026-03-09T09:50:11Z,2025-12-10,2,R1,28.9246
2026-03-09T09:50:11Z,2025-12-10,1,R1,29.3976
2026-03-09T09:50:11Z,2025-12-10,22,R1,40.9376
2026-03-09T09:50:11Z,2025-12-10,11,R1,25.8177
2026-03-09T09:50:11Z,2025-12-10,23,R1,42.2064
2026-03-09T09:50:11Z,2025-12-10,24,R1,43.1872
2026-03-09T09:50:11Z,2025-12-10,25,R1,42.8669
2026-03-09T09:50:11Z,2025-12-10,47,R1,28.7053
2026-03-09T09:50:11Z,2025-12-10,46,R1,27.6944
2026-03-09T09:50:11Z,2025-12-10,45,R1,27.9241
2026-03-09T09:50:11Z,2025-12-10,44,R1,30.3283
2026-03-09T09:50:11Z,2025-12-10,43,R1,28.9518
2026-03-09T09:50:11Z,2025-12-10,42,R1,28.7325
2026-03-09T09:50:11Z,2025-12-10,41,R1,27.0123
2026-03-09T09:50:11Z,2025-12-10,40,R1,26.7564
2026-03-09T09:50:11Z,2025-12-10,39,R1,26.5776
2026-03-09T09:50:11Z,2025-12-10,38,R1,27.325
2026-03-09T09:50:11Z,2025-12-10,37,R1,27.4799
2026-03-09T09:50:11Z,2025-12-10,48,R1,28.6756
2026-03-09T09:50:11Z,2025-12-10,35,R1,27.2724
2026-03-09T09:50:11Z,2025-12-10,34,R1,26.6202
2026-03-09T09:50:11Z,2025-12-10,33,R1,26.3979
2026-03-09T09:50:11Z,2025-12-10,32,R1,27.856
2026-03-09T09:50:11Z,2025-12-10,31,R1,29.3364
2026-03-09T09:50:11Z,2025-12-10,30,R1,33.1179
2026-03-09T09:50:11Z,2025-12-10,29,R1,37.3111
2026-03-09T09:50:11Z,2025-12-10,28,R1,43.004
2026-03-09T09:50:11Z,2025-12-10,27,R1,45.1151
2026-03-09T09:50:11Z,2025-12-10,26,R1,42.6464
2026-03-09T09:50:11Z,2025-12-10,36,R1,27.8393
2026-03-09T09:50:11Z,2025-12-11,14,R1,27.1541
2026-03-09T09:50:11Z,2025-12-11,15,R1,26.9066
2026-03-09T09:50:11Z,2025-12-11,16,R1,27.2053
2026-03-09T09:50:11Z,2025-12-11,21,R1,32.4615
2026-03-09T09:50:11Z,2025-12-11,18,R1,28.2697
2026-03-09T09:50:11Z,2025-12-11,19,R1,30.6375
2026-03-09T09:50:11Z,2025-12-11,20,R1,32.1001
2026-03-09T09:50:11Z,2025-12-11,13,R1,27.5743
2026-03-09T09:50:11Z,2025-12-11,17,R1,27.981
2026-03-09T09:50:11Z,2025-12-11,12,R1,27.3223
2026-03-09T09:50:11Z,2025-12-11,6,R1,27.2755
2026-03-09T09:50:11Z,2025-12-11,10,R1,26.9806
2026-03-09T09:50:11Z,2025-12-11,9,R1,25.7606
2026-03-09T09:50:11Z,2025-12-11,8,R1,24.3899
2026-03-09T09:50:11Z,2025-12-11,7,R1,25.8022
2026-03-09T09:50:11Z,2025-12-11,5,R1,26.3301
2026-03-09T09:50:11Z,2025-12-11,4,R1,27.7247
2026-03-09T09:50:11Z,2025-12-11,3,R1,27.2295
2026-03-09T09:50:11Z,2025-12-11,2,R1,31.1499
2026-03-09T09:50:11Z,2025-12-11,1,R1,28.5235
2026-03-09T09:50:11Z,2025-12-11,22,R1,35.454
2026-03-09T09:50:11Z,2025-12-11,11,R1,26.7758
2026-03-09T09:50:11Z,2025-12-11,23,R1,37.3115
2026-03-09T09:50:11Z,2025-12-11,48,R1,28.6022
2026-03-09T09:50:11Z,2025-12-11,25,R1,36.0552
2026-03-09T09:50:11Z,2025-12-11,47,R1,28.7446
2026-03-09T09:50:11Z,2025-12-11,46,R1,29.1954
2026-03-09T09:50:11Z,2025-12-11,45,R1,29.0227
2026-03-09T09:50:11Z,2025-12-11,44,R1,29.6931
2026-03-09T09:50:11Z,2025-12-11,43,R1,28.8437
2026-03-09T09:50:11Z,2025-12-11,42,R1,28.0682
2026-03-09T09:50:11Z,2025-12-11,41,R1,28.1003
2026-03-09T09:50:11Z,2025-12-11,40,R1,27.5862
2026-03-09T09:50:11Z,2025-12-11,39,R1,27.4276
2026-03-09T09:50:11Z,2025-12-11,38,R1,27.291
2026-03-09T09:50:11Z,2025-12-11,37,R1,27.7375
2026-03-09T09:50:11Z,2025-12-11,24,R1,35.4949
2026-03-09T09:50:11Z,2025-12-11,35,R1,29.4294
2026-03-09T09:50:11Z,2025-12-11,34,R1,29.2257
2026-03-09T09:50:11Z,2025-12-11,33,R1,27.1988
2026-03-09T09:50:11Z,2025-12-11,32,R1,26.0174
2026-03-09T09:50:11Z,2025-12-11,31,R1,25.0844
2026-03-09T09:50:11Z,2025-12-11,30,R1,28.1472
2026-03-09T09:50:11Z,2025-12-11,29,R1,30.4222
2026-03-09T09:50:11Z,2025-12-11,28,R1,32.6267
2026-03-09T09:50:11Z,2025-12-11,27,R1,34.1396
2026-03-09T09:50:11Z,2025-12-11,26,R1,35.7209
2026-03-09T09:50:11Z,2025-12-11,36,R1,28.6673
2026-03-09T09:50:11Z,2025-12-12,14,R1,13.8879
2026-03-09T09:50:11Z,2025-12-12,15,R1,15.6427
2026-03-09T09:50:11Z,2025-12-12,16,R1,16.2545
2026-03-09T09:50:11Z,2025-12-12,21,R1,14.0613
2026-03-09T09:50:11Z,2025-12-12,18,R1,14.749
2026-03-09T09:50:11Z,2025-12-12,19,R1,12.9906
2026-03-09T09:50:11Z,2025-12-12,20,R1,13.2486
2026-03-09T09:50:11Z,2025-12-12,13,R1,12.649
2026-03-09T09:50:11Z,2025-12-12,17,R1,15.1382
2026-03-09T09:50:11Z,2025-12-12,12,R1,12.5484
2026-03-09T09:50:11Z,2025-12-12,6,R1,12.9886
2026-03-09T09:50:11Z,2025-12-12,10,R1,12.7532
2026-03-09T09:50:11Z,2025-12-12,9,R1,12.6836
2026-03-09T09:50:11Z,2025-12-12,8,R1,11.2253
2026-03-09T09:50:11Z,2025-12-12,7,R1,12.6097
2026-03-09T09:50:11Z,2025-12-12,5,R1,12.7585
2026-03-09T09:50:11Z,2025-12-12,4,R1,13.1961
2026-03-09T09:50:11Z,2025-12-12,3,R1,13.7141
2026-03-09T09:50:11Z,2025-12-12,2,R1,20.0067
2026-03-09T09:50:11Z,2025-12-12,1,R1,15.0222
2026-03-09T09:50:11Z,2025-12-12,22,R1,12.8923
2026-03-09T09:50:11Z,2025-12-12,11,R1,11.3762
2026-03-09T09:50:11Z,2025-12-12,23,R1,13.1361
2026-03-09T09:50:11Z,2025-12-12,24,R1,13.2057
2026-03-09T09:50:11Z,2025-12-12,25,R1,13.2333
2026-03-09T09:50:11Z,2025-12-12,47,R1,10.8132
2026-03-09T09:50:11Z,2025-12-12,46,R1,11.917
2026-03-09T09:50:11Z,2025-12-12,45,R1,10.7531
2026-03-09T09:50:11Z,2025-12-12,44,R1,11.0369
2026-03-09T09:50:11Z,2025-12-12,43,R1,12.0118
2026-03-09T09:50:11Z,2025-12-12,42,R1,11.5872
2026-03-09T09:50:11Z,2025-12-12,41,R1,11.9348
2026-03-09T09:50:11Z,2025-12-12,40,R1,12.4969
2026-03-09T09:50:11Z,2025-12-12,39,R1,11.8496
2026-03-09T09:50:11Z,2025-12-12,38,R1,11.9437
2026-03-09T09:50:11Z,2025-12-12,37,R1,12.1492
2026-03-09T09:50:11Z,2025-12-12,48,R1,10.213
2026-03-09T09:50:11Z,2025-12-12,35,R1,12.3382
2026-03-09T09:50:11Z,2025-12-12,34,R1,12.3625
2026-03-09T09:50:11Z,2025-12-12,33,R1,12.4691
2026-03-09T09:50:11Z,2025-12-12,32,R1,11.4922
2026-03-09T09:50:11Z,2025-12-12,31,R1,11.7835
2026-03-09T09:50:11Z,2025-12-12,30,R1,11.9005
2026-03-09T09:50:11Z,2025-12-12,29,R1,12.532
2026-03-09T09:50:11Z,2025-12-12,28,R1,13.482
2026-03-09T09:50:11Z,2025-12-12,27,R1,11.8867
2026-03-09T09:50:11Z,2025-12-12,26,R1,11.9907
2026-03-09T09:50:11Z,2025-12-12,36,R1,13.1674
2026-03-09T09:50:11Z,2025-12-13,14,R1,22.3506
2026-03-09T09:50:11Z,2025-12-13,15,R1,22.7959
2026-03-09T09:50:11Z,2025-12-13,16,R1,22.7664
2026-03-09T09:50:11Z,2025-12-13,21,R1,35.7737
2026-03-09T09:50:11Z,2025-12-13,18,R1,25.719
2026-03-09T09:50:11Z,2025-12-13,19,R1,30.0974
2026-03-09T09:50:11Z,2025-12-13,20,R1,34.5631
2026-03-09T09:50:11Z,2025-12-13,13,R1,21.9351
2026-03-09T09:50:11Z,2025-12-13,17,R1,23.9611
2026-03-09T09:50:11Z,2025-12-13,12,R1,21.0824
2026-03-09T09:50:11Z,2025-12-13,6,R1,21.5862
2026-03-09T09:50:11Z,2025-12-13,10,R1,21.2897
2026-03-09T09:50:11Z,2025-12-13,9,R1,21.2623
2026-03-09T09:50:11Z,2025-12-13,8,R1,21.2532
2026-03-09T09:50:11Z,2025-12-13,7,R1,20.7516
2026-03-09T09:50:11Z,2025-12-13,5,R1,21.5131
2026-03-09T09:50:11Z,2025-12-13,4,R1,21.5241
2026-03-09T09:50:11Z,2025-12-13,3,R1,20.7359
2026-03-09T09:50:11Z,2025-12-13,2,R1,20.4494
2026-03-09T09:50:11Z,2025-12-13,1,R1,21.1519
2026-03-09T09:50:11Z,2025-12-13,22,R1,34.5303
2026-03-09T09:50:11Z,2025-12-13,11,R1,21.3919
2026-03-09T09:50:11Z,2025-12-13,23,R1,35.4375
2026-03-09T09:50:11Z,2025-12-13,48,R1,28.5138
2026-03-09T09:50:11Z,2025-12-13,25,R1,35.4086
2026-03-09T09:50:11Z,2025-12-13,24,R1,34.977
2026-03-09T09:50:11Z,2025-12-13,47,R1,29.212
2026-03-09T09:50:11Z,2025-12-13,46,R1,29.3363
2026-03-09T09:50:11Z,2025-12-13,45,R1,29.1957
2026-03-09T09:50:11Z,2025-12-13,44,R1,29.8347
2026-03-09T09:50:11Z,2025-12-13,43,R1,30.1179
2026-03-09T09:50:11Z,2025-12-13,42,R1,30.3278
2026-03-09T09:50:11Z,2025-12-13,40,R1,30.3382
2026-03-09T09:50:11Z,2025-12-13,39,R1,29.8556
2026-03-09T09:50:11Z,2025-12-13,38,R1,29.6612
2026-03-09T09:50:11Z,2025-12-13,37,R1,29.1803
2026-03-09T09:50:11Z,2025-12-13,41,R1,29.9895
2026-03-09T09:50:11Z,2025-12-13,35,R1,28.6998
2026-03-09T09:50:11Z,2025-12-13,36,R1,29.2932
2026-03-09T09:50:11Z,2025-12-13,27,R1,37.5221
2026-03-09T09:50:11Z,2025-12-13,28,R1,36.3249
2026-03-09T09:50:11Z,2025-12-13,29,R1,35.1317
2026-03-09T09:50:11Z,2025-12-13,30,R1,33.9107
2026-03-09T09:50:11Z,2025-12-13,26,R1,35.9932
2026-03-09T09:50:11Z,2025-12-13,32,R1,29.1531
2026-03-09T09:50:11Z,2025-12-13,33,R1,28.1618
2026-03-09T09:50:11Z,2025-12-13,34,R1,27.913
2026-03-09T09:50:11Z,2025-12-13,31,R1,30.9516
2026-03-09T09:50:11Z,2025-12-14,13,R1,25.5889
2026-03-09T09:50:11Z,2025-12-14,21,R1,34.5653
2026-03-09T09:50:11Z,2025-12-14,20,R1,32.7739
2026-03-09T09:50:11Z,2025-12-14,19,R1,31.1304
2026-03-09T09:50:11Z,2025-12-14,18,R1,30.174
2026-03-09T09:50:11Z,2025-12-14,17,R1,28.1359
2026-03-09T09:50:11Z,2025-12-14,16,R1,25.8834
2026-03-09T09:50:11Z,2025-12-14,15,R1,26.4189
2026-03-09T09:50:11Z,2025-12-14,14,R1,26.5248
2026-03-09T09:50:11Z,2025-12-14,12,R1,25.6864
2026-03-09T09:50:11Z,2025-12-14,22,R1,35.2602
2026-03-09T09:50:11Z,2025-12-14,10,R1,25.7323
2026-03-09T09:50:11Z,2025-12-14,9,R1,25.514
2026-03-09T09:50:11Z,2025-12-14,8,R1,25.3117
2026-03-09T09:50:11Z,2025-12-14,7,R1,26.603
2026-03-09T09:50:11Z,2025-12-14,6,R1,26.4129
2026-03-09T09:50:11Z,2025-12-14,5,R1,26.2225
2026-03-09T09:50:11Z,2025-12-14,4,R1,26.6064
2026-03-09T09:50:11Z,2025-12-14,3,R1,27.2322
2026-03-09T09:50:11Z,2025-12-14,2,R1,27.533
2026-03-09T09:50:11Z,2025-12-14,1,R1,34.2351
2026-03-09T09:50:11Z,2025-12-14,11,R1,25.6993
2026-03-09T09:50:11Z,2025-12-14,23,R1,34.749
2026-03-09T09:50:11Z,2025-12-14,24,R1,33.4137
2026-03-09T09:50:11Z,2025-12-14,25,R1,34.0132
2026-03-09T09:50:11Z,2025-12-14,47,R1,26.9375
2026-03-09T09:50:11Z,2025-12-14,46,R1,29.3328
2026-03-09T09:50:11Z,2025-12-14,45,R1,31.0218
2026-03-09T09:50:11Z,2025-12-14,44,R1,31.618
2026-03-09T09:50:11Z,2025-12-14,43,R1,31.3528
2026-03-09T09:50:11Z,2025-12-14,42,R1,30.9169
2026-03-09T09:50:11Z,2025-12-14,41,R1,30.2986
2026-03-09T09:50:11Z,2025-12-14,40,R1,30.5502
2026-03-09T09:50:11Z,2025-12-14,39,R1,29.9815
2026-03-09T09:50:11Z,2025-12-14,38,R1,30.8656
2026-03-09T09:50:11Z,2025-12-14,37,R1,30.6971
2026-03-09T09:50:11Z,2025-12-14,48,R1,25.775
2026-03-09T09:50:11Z,2025-12-14,35,R1,31.5684
2026-03-09T09:50:11Z,2025-12-14,34,R1,31.6958
2026-03-09T09:50:11Z,2025-12-14,33,R1,31.6667
2026-03-09T09:50:11Z,2025-12-14,32,R1,31.7783
2026-03-09T09:50:11Z,2025-12-14,31,R1,32.7887
2026-03-09T09:50:11Z,2025-12-14,30,R1,33.2858
2026-03-09T09:50:11Z,2025-12-14,29,R1,33.578
2026-03-09T09:50:11Z,2025-12-14,28,R1,34.6108
2026-03-09T09:50:11Z,2025-12-14,27,R1,35.2365
2026-03-09T09:50:11Z,2025-12-14,26,R1,34.9318
2026-03-09T09:50:11Z,2025-12-14,36,R1,31.1922
2026-03-09T09:50:11Z,2025-12-15,14,R1,24.673
2026-03-09T09:50:11Z,2025-12-15,15,R1,25.9753
2026-03-09T09:50:11Z,2025-12-15,16,R1,26.7563
2026-03-09T09:50:11Z,2025-12-15,21,R1,28.6084
2026-03-09T09:50:11Z,2025-12-15,18,R1,26.895
2026-03-09T09:50:11Z,2025-12-15,19,R1,29.1047
2026-03-09T09:50:11Z,2025-12-15,20,R1,29.1667
2026-03-09T09:50:11Z,2025-12-15,13,R1,25.9394
2026-03-09T09:50:11Z,2025-12-15,17,R1,26.4016
2026-03-09T09:50:11Z,2025-12-15,12,R1,25.0503
2026-03-09T09:50:11Z,2025-12-15,6,R1,27.3304
2026-03-09T09:50:11Z,2025-12-15,10,R1,26.1357
2026-03-09T09:50:11Z,2025-12-15,9,R1,26.6698
2026-03-09T09:50:11Z,2025-12-15,8,R1,27.477
2026-03-09T09:50:11Z,2025-12-15,7,R1,26.9722
2026-03-09T09:50:11Z,2025-12-15,5,R1,27.0919
2026-03-09T09:50:11Z,2025-12-15,4,R1,27.1193
2026-03-09T09:50:11Z,2025-12-15,3,R1,27.1342
2026-03-09T09:50:11Z,2025-12-15,2,R1,27.8411
2026-03-09T09:50:11Z,2025-12-15,1,R1,27.9545
2026-03-09T09:50:11Z,2025-12-15,22,R1,28.4175
2026-03-09T09:50:11Z,2025-12-15,11,R1,25.3888
2026-03-09T09:50:11Z,2025-12-15,23,R1,28.2061
2026-03-09T09:50:11Z,2025-12-15,24,R1,28.9667
2026-03-09T09:50:11Z,2025-12-15,25,R1,28.0185
2026-03-09T09:50:11Z,2025-12-15,47,R1,21.9052
2026-03-09T09:50:11Z,2025-12-15,46,R1,21.9658
2026-03-09T09:50:11Z,2025-12-15,45,R1,21.2534
2026-03-09T09:50:11Z,2025-12-15,44,R1,22.1228
2026-03-09T09:50:11Z,2025-12-15,43,R1,22.2059
2026-03-09T09:50:11Z,2025-12-15,42,R1,22.4838
2026-03-09T09:50:11Z,2025-12-15,41,R1,24.1702
2026-03-09T09:50:11Z,2025-12-15,40,R1,23.8932
2026-03-09T09:50:11Z,2025-12-15,39,R1,23.2004
2026-03-09T09:50:11Z,2025-12-15,38,R1,22.5698
2026-03-09T09:50:11Z,2025-12-15,37,R1,22.9825
2026-03-09T09:50:11Z,2025-12-15,48,R1,21.7241
2026-03-09T09:50:11Z,2025-12-15,35,R1,22.495
2026-03-09T09:50:11Z,2025-12-15,34,R1,22.7105
2026-03-09T09:50:11Z,2025-12-15,33,R1,23.151
2026-03-09T09:50:11Z,2025-12-15,32,R1,22.8723
2026-03-09T09:50:11Z,2025-12-15,31,R1,22.3523
2026-03-09T09:50:11Z,2025-12-15,30,R1,24.004
2026-03-09T09:50:11Z,2025-12-15,29,R1,24.9498
2026-03-09T09:50:11Z,2025-12-15,28,R1,25.8451
2026-03-09T09:50:11Z,2025-12-15,27,R1,27.0549
2026-03-09T09:50:11Z,2025-12-15,26,R1,27.5235
2026-03-09T09:50:11Z,2025-12-15,36,R1,22.3739
2026-03-09T09:50:11Z,2025-12-16,14,R1,7.0967
2026-03-09T09:50:11Z,2025-12-16,15,R1,7.0669
2026-03-09T09:50:11Z,2025-12-16,16,R1,7.7011
2026-03-09T09:50:11Z,2025-12-16,21,R1,8.7305
2026-03-09T09:50:11Z,2025-12-16,18,R1,8.7877
2026-03-09T09:50:11Z,2025-12-16,19,R1,8.7609
2026-03-09T09:50:11Z,2025-12-16,20,R1,8.5922
2026-03-09T09:50:11Z,2025-12-16,13,R1,6.8049
2026-03-09T09:50:11Z,2025-12-16,17,R1,7.8267
2026-03-09T09:50:11Z,2025-12-16,12,R1,6.4784
2026-03-09T09:50:11Z,2025-12-16,6,R1,6.2269
2026-03-09T09:50:11Z,2025-12-16,10,R1,5.52
2026-03-09T09:50:11Z,2025-12-16,9,R1,5.1317
2026-03-09T09:50:11Z,2025-12-16,8,R1,4.966
2026-03-09T09:50:11Z,2025-12-16,7,R1,6.094
2026-03-09T09:50:11Z,2025-12-16,5,R1,6.2292
2026-03-09T09:50:11Z,2025-12-16,4,R1,6.2699
2026-03-09T09:50:11Z,2025-12-16,3,R1,6.3314
2026-03-09T09:50:11Z,2025-12-16,2,R1,6.4598
2026-03-09T09:50:11Z,2025-12-16,1,R1,6.6742
2026-03-09T09:50:11Z,2025-12-16,22,R1,8.6031
2026-03-09T09:50:11Z,2025-12-16,11,R1,5.8907
2026-03-09T09:50:11Z,2025-12-16,23,R1,8.4289
2026-03-09T09:50:11Z,2025-12-16,24,R1,8.2609
2026-03-09T09:50:11Z,2025-12-16,25,R1,8.4223
2026-03-09T09:50:11Z,2025-12-16,47,R1,5.3719
2026-03-09T09:50:11Z,2025-12-16,46,R1,5.4209
2026-03-09T09:50:11Z,2025-12-16,45,R1,5.3798
2026-03-09T09:50:11Z,2025-12-16,44,R1,6.0028
2026-03-09T09:50:11Z,2025-12-16,43,R1,6.2821
2026-03-09T09:50:11Z,2025-12-16,42,R1,6.5013
2026-03-09T09:50:11Z,2025-12-16,41,R1,6.3836
2026-03-09T09:50:11Z,2025-12-16,40,R1,6.9424
2026-03-09T09:50:11Z,2025-12-16,39,R1,7.0139
2026-03-09T09:50:11Z,2025-12-16,38,R1,6.5082
2026-03-09T09:50:11Z,2025-12-16,37,R1,6.7006
2026-03-09T09:50:11Z,2025-12-16,48,R1,5.3873
2026-03-09T09:50:11Z,2025-12-16,35,R1,6.263
2026-03-09T09:50:11Z,2025-12-16,34,R1,6.2266
2026-03-09T09:50:11Z,2025-12-16,33,R1,6.4043
2026-03-09T09:50:11Z,2025-12-16,32,R1,5.9816
2026-03-09T09:50:11Z,2025-12-16,31,R1,5.9621
2026-03-09T09:50:11Z,2025-12-16,30,R1,6.8352
2026-03-09T09:50:11Z,2025-12-16,29,R1,7.5178
2026-03-09T09:50:11Z,2025-12-16,28,R1,7.7785
2026-03-09T09:50:11Z,2025-12-16,27,R1,7.1853
2026-03-09T09:50:11Z,2025-12-16,26,R1,8.0861
2026-03-09T09:50:11Z,2025-12-16,36,R1,6.5652
2026-03-09T09:50:11Z,2025-12-17,14,R1,25.9985
2026-03-09T09:50:11Z,2025-12-17,15,R1,25.8101
2026-03-09T09:50:11Z,2025-12-17,16,R1,25.8869
2026-03-09T09:50:11Z,2025-12-17,21,R1,29.9724
2026-03-09T09:50:11Z,2025-12-17,18,R1,29.0475
2026-03-09T09:50:11Z,2025-12-17,19,R1,28.78
2026-03-09T09:50:11Z,2025-12-17,20,R1,29.2165
2026-03-09T09:50:11Z,2025-12-17,13,R1,24.6497
2026-03-09T09:50:11Z,2025-12-17,17,R1,27.1587
2026-03-09T09:50:11Z,2025-12-17,12,R1,23.6662
2026-03-09T09:50:11Z,2025-12-17,6,R1,18.3306
2026-03-09T09:50:11Z,2025-12-17,10,R1,21.8942
2026-03-09T09:50:11Z,2025-12-17,9,R1,21.2343
2026-03-09T09:50:11Z,2025-12-17,8,R1,19.5466
2026-03-09T09:50:11Z,2025-12-17,7,R1,18.8903
2026-03-09T09:50:11Z,2025-12-17,5,R1,17.4174
2026-03-09T09:50:11Z,2025-12-17,4,R1,16.6433
2026-03-09T09:50:11Z,2025-12-17,3,R1,15.9265
2026-03-09T09:50:11Z,2025-12-17,2,R1,15.8087
2026-03-09T09:50:11Z,2025-12-17,1,R1,16.0907
2026-03-09T09:50:11Z,2025-12-17,22,R1,31.1449
2026-03-09T09:50:11Z,2025-12-17,11,R1,23.3322
2026-03-09T09:50:11Z,2025-12-17,23,R1,31.6068
2026-03-09T09:50:11Z,2025-12-17,24,R1,32.3634
2026-03-09T09:50:11Z,2025-12-17,25,R1,32.8394
2026-03-09T09:50:11Z,2025-12-17,47,R1,24.9771
2026-03-09T09:50:11Z,2025-12-17,46,R1,28.0199
2026-03-09T09:50:11Z,2025-12-17,45,R1,28.8766
2026-03-09T09:50:11Z,2025-12-17,44,R1,29.9282
2026-03-09T09:50:11Z,2025-12-17,43,R1,30.8885
2026-03-09T09:50:11Z,2025-12-17,42,R1,31.197
2026-03-09T09:50:11Z,2025-12-17,41,R1,32.3033
2026-03-09T09:50:11Z,2025-12-17,40,R1,32.8399
2026-03-09T09:50:11Z,2025-12-17,39,R1,32.8703
2026-03-09T09:50:11Z,2025-12-17,38,R1,32.7891
2026-03-09T09:50:11Z,2025-12-17,37,R1,33.523
2026-03-09T09:50:11Z,2025-12-17,48,R1,24.0888
2026-03-09T09:50:11Z,2025-12-17,35,R1,33.3897
2026-03-09T09:50:11Z,2025-12-17,34,R1,31.0463
2026-03-09T09:50:11Z,2025-12-17,33,R1,29.8117
2026-03-09T09:50:11Z,2025-12-17,32,R1,30.1925
2026-03-09T09:50:11Z,2025-12-17,31,R1,30.8455
2026-03-09T09:50:11Z,2025-12-17,30,R1,32.4684
2026-03-09T09:50:11Z,2025-12-17,29,R1,35.1949
2026-03-09T09:50:11Z,2025-12-17,28,R1,35.5279
2026-03-09T09:50:11Z,2025-12-17,27,R1,33.4814
2026-03-09T09:50:11Z,2025-12-17,26,R1,33.3467
2026-03-09T09:50:11Z,2025-12-17,36,R1,34.1976
2026-03-09T09:50:11Z,2025-12-18,14,R1,19.2008
2026-03-09T09:50:11Z,2025-12-18,15,R1,18.1244
2026-03-09T09:50:11Z,2025-12-18,16,R1,17.7843
2026-03-09T09:50:11Z,2025-12-18,21,R1,19.532
2026-03-09T09:50:11Z,2025-12-18,18,R1,16.6174
2026-03-09T09:50:11Z,2025-12-18,19,R1,18.9506
2026-03-09T09:50:11Z,2025-12-18,20,R1,18.8575
2026-03-09T09:50:11Z,2025-12-18,13,R1,18.8135
2026-03-09T09:50:11Z,2025-12-18,17,R1,15.9396
2026-03-09T09:50:11Z,2025-12-18,12,R1,18.3663
2026-03-09T09:50:11Z,2025-12-18,6,R1,21.7533
2026-03-09T09:50:11Z,2025-12-18,10,R1,20.8081
2026-03-09T09:50:11Z,2025-12-18,9,R1,21.0772
2026-03-09T09:50:11Z,2025-12-18,8,R1,21.2062
2026-03-09T09:50:11Z,2025-12-18,7,R1,21.6973
2026-03-09T09:50:11Z,2025-12-18,5,R1,21.3131
2026-03-09T09:50:11Z,2025-12-18,4,R1,21.1526
2026-03-09T09:50:11Z,2025-12-18,3,R1,19.8812
2026-03-09T09:50:11Z,2025-12-18,2,R1,20.4274
2026-03-09T09:50:11Z,2025-12-18,1,R1,22.6983
2026-03-09T09:50:11Z,2025-12-18,22,R1,20.9211
2026-03-09T09:50:11Z,2025-12-18,11,R1,19.7119
2026-03-09T09:50:11Z,2025-12-18,23,R1,20.2607
2026-03-09T09:50:11Z,2025-12-18,48,R1,24.847
2026-03-09T09:50:11Z,2025-12-18,25,R1,20.5358
2026-03-09T09:50:11Z,2025-12-18,47,R1,25.2089
2026-03-09T09:50:11Z,2025-12-18,46,R1,25.4098
2026-03-09T09:50:11Z,2025-12-18,45,R1,26.0112
2026-03-09T09:50:11Z,2025-12-18,44,R1,26.6639
2026-03-09T09:50:11Z,2025-12-18,43,R1,28.3513
2026-03-09T09:50:11Z,2025-12-18,42,R1,28.799
2026-03-09T09:50:11Z,2025-12-18,41,R1,28.4127
2026-03-09T09:50:11Z,2025-12-18,40,R1,30.4057
2026-03-09T09:50:11Z,2025-12-18,39,R1,31.0253
2026-03-09T09:50:11Z,2025-12-18,38,R1,32.2811
2026-03-09T09:50:11Z,2025-12-18,37,R1,30.9794
2026-03-09T09:50:11Z,2025-12-18,24,R1,20.4794
2026-03-09T09:50:11Z,2025-12-18,35,R1,25.5979
2026-03-09T09:50:11Z,2025-12-18,34,R1,26.2144
2026-03-09T09:50:11Z,2025-12-18,33,R1,26.1221
2026-03-09T09:50:11Z,2025-12-18,32,R1,25.493
2026-03-09T09:50:11Z,2025-12-18,31,R1,24.8184
2026-03-09T09:50:11Z,2025-12-18,30,R1,22.0705
2026-03-09T09:50:11Z,2025-12-18,29,R1,22.0716
2026-03-09T09:50:11Z,2025-12-18,28,R1,21.7448
2026-03-09T09:50:11Z,2025-12-18,27,R1,21.4266
2026-03-09T09:50:11Z,2025-12-18,26,R1,21.6845
2026-03-09T09:50:11Z,2025-12-18,36,R1,28.3917
2026-03-09T09:50:11Z,2025-12-19,14,R1,27.3696
2026-03-09T09:50:11Z,2025-12-19,15,R1,27.9887
2026-03-09T09:50:11Z,2025-12-19,16,R1,27.9265
2026-03-09T09:50:11Z,2025-12-19,21,R1,32.296
2026-03-09T09:50:11Z,2025-12-19,18,R1,27.0269
2026-03-09T09:50:11Z,2025-12-19,19,R1,27.4524
2026-03-09T09:50:11Z,2025-12-19,20,R1,29.7355
2026-03-09T09:50:11Z,2025-12-19,13,R1,25.296
2026-03-09T09:50:11Z,2025-12-19,17,R1,27.5463
2026-03-09T09:50:11Z,2025-12-19,12,R1,24.4946
2026-03-09T09:50:11Z,2025-12-19,6,R1,22.6048
2026-03-09T09:50:11Z,2025-12-19,10,R1,22.4825
2026-03-09T09:50:11Z,2025-12-19,9,R1,22.3338
2026-03-09T09:50:11Z,2025-12-19,8,R1,22.5873
2026-03-09T09:50:11Z,2025-12-19,7,R1,22.3198
2026-03-09T09:50:11Z,2025-12-19,5,R1,21.8298
2026-03-09T09:50:11Z,2025-12-19,4,R1,22.3258
2026-03-09T09:50:11Z,2025-12-19,3,R1,22.4877
2026-03-09T09:50:11Z,2025-12-19,2,R1,22.6772
2026-03-09T09:50:11Z,2025-12-19,1,R1,32.0867
2026-03-09T09:50:11Z,2025-12-19,22,R1,31.974
2026-03-09T09:50:11Z,2025-12-19,11,R1,22.6158
2026-03-09T09:50:11Z,2025-12-19,23,R1,31.2207
2026-03-09T09:50:11Z,2025-12-19,24,R1,31.5565
2026-03-09T09:50:11Z,2025-12-19,25,R1,32.8513
2026-03-09T09:50:11Z,2025-12-19,47,R1,17.6066
2026-03-09T09:50:11Z,2025-12-19,46,R1,17.4231
2026-03-09T09:50:11Z,2025-12-19,45,R1,17.9753
2026-03-09T09:50:11Z,2025-12-19,44,R1,19.2225
2026-03-09T09:50:11Z,2025-12-19,43,R1,20.0995
2026-03-09T09:50:11Z,2025-12-19,42,R1,18.979
2026-03-09T09:50:11Z,2025-12-19,41,R1,20.0726
2026-03-09T09:50:11Z,2025-12-19,40,R1,22.1992
2026-03-09T09:50:11Z,2025-12-19,39,R1,21.9242
2026-03-09T09:50:11Z,2025-12-19,38,R1,22.322
2026-03-09T09:50:11Z,2025-12-19,37,R1,21.3746
2026-03-09T09:50:11Z,2025-12-19,48,R1,17.2498
2026-03-09T09:50:11Z,2025-12-19,35,R1,21.0197
2026-03-09T09:50:11Z,2025-12-19,34,R1,21.8596
2026-03-09T09:50:11Z,2025-12-19,33,R1,23.2607
2026-03-09T09:50:11Z,2025-12-19,32,R1,23.2509
2026-03-09T09:50:11Z,2025-12-19,31,R1,23.8812
2026-03-09T09:50:11Z,2025-12-19,30,R1,25.5869
2026-03-09T09:50:11Z,2025-12-19,29,R1,27.9307
2026-03-09T09:50:11Z,2025-12-19,28,R1,30.4524
2026-03-09T09:50:11Z,2025-12-19,27,R1,31.92
2026-03-09T09:50:11Z,2025-12-19,26,R1,33.1641
2026-03-09T09:50:11Z,2025-12-19,36,R1,21.0955
2026-03-09T09:50:11Z,2025-12-20,14,R1,24.0263
2026-03-09T09:50:11Z,2025-12-20,15,R1,24.4956
2026-03-09T09:50:11Z,2025-12-20,16,R1,25.4132
2026-03-09T09:50:11Z,2025-12-20,21,R1,28.978
2026-03-09T09:50:11Z,2025-12-20,18,R1,27.9641
2026-03-09T09:50:11Z,2025-12-20,19,R1,29.47
2026-03-09T09:50:11Z,2025-12-20,20,R1,29.6353
2026-03-09T09:50:11Z,2025-12-20,13,R1,23.2398
2026-03-09T09:50:11Z,2025-12-20,17,R1,26.2453
2026-03-09T09:50:11Z,2025-12-20,12,R1,23.4953
2026-03-09T09:50:11Z,2025-12-20,6,R1,23.5759
2026-03-09T09:50:11Z,2025-12-20,10,R1,23.0087
2026-03-09T09:50:11Z,2025-12-20,9,R1,22.7842
2026-03-09T09:50:11Z,2025-12-20,8,R1,23.122
2026-03-09T09:50:11Z,2025-12-20,7,R1,23.2964
2026-03-09T09:50:11Z,2025-12-20,5,R1,21.9958
2026-03-09T09:50:11Z,2025-12-20,4,R1,22.7142
2026-03-09T09:50:11Z,2025-12-20,3,R1,23.4713
2026-03-09T09:50:11Z,2025-12-20,2,R1,23.2778
2026-03-09T09:50:11Z,2025-12-20,1,R1,24.5078
2026-03-09T09:50:11Z,2025-12-20,22,R1,31.5833
2026-03-09T09:50:11Z,2025-12-20,11,R1,23.4338
2026-03-09T09:50:11Z,2025-12-20,23,R1,30.0508
2026-03-09T09:50:11Z,2025-12-20,48,R1,24.3182
2026-03-09T09:50:11Z,2025-12-20,25,R1,30.585
2026-03-09T09:50:11Z,2025-12-20,24,R1,30.9288
2026-03-09T09:50:11Z,2025-12-20,47,R1,24.5195
2026-03-09T09:50:11Z,2025-12-20,46,R1,24.9192
2026-03-09T09:50:11Z,2025-12-20,45,R1,25.9369
2026-03-09T09:50:11Z,2025-12-20,44,R1,26.9488
2026-03-09T09:50:11Z,2025-12-20,43,R1,27.7386
2026-03-09T09:50:11Z,2025-12-20,42,R1,29.2213
2026-03-09T09:50:11Z,2025-12-20,40,R1,29.6253
2026-03-09T09:50:11Z,2025-12-20,39,R1,29.9122
2026-03-09T09:50:11Z,2025-12-20,38,R1,29.5213
2026-03-09T09:50:11Z,2025-12-20,37,R1,29.1756
2026-03-09T09:50:11Z,2025-12-20,41,R1,29.5731
2026-03-09T09:50:11Z,2025-12-20,35,R1,29.6483
2026-03-09T09:50:11Z,2025-12-20,36,R1,29.7941
2026-03-09T09:50:11Z,2025-12-20,27,R1,32.8348
2026-03-09T09:50:11Z,2025-12-20,28,R1,32.0553
2026-03-09T09:50:11Z,2025-12-20,29,R1,31.6991
2026-03-09T09:50:11Z,2025-12-20,30,R1,31.178
2026-03-09T09:50:11Z,2025-12-20,26,R1,31.0936
2026-03-09T09:50:11Z,2025-12-20,32,R1,29.7386
2026-03-09T09:50:11Z,2025-12-20,33,R1,30.4298
2026-03-09T09:50:11Z,2025-12-20,34,R1,30.1888
2026-03-09T09:50:11Z,2025-12-20,31,R1,30.5695
2026-03-09T09:50:11Z,2025-12-21,13,R1,12.0277
2026-03-09T09:50:11Z,2025-12-21,21,R1,15.1247
2026-03-09T09:50:11Z,2025-12-21,20,R1,15.6857
2026-03-09T09:50:11Z,2025-12-21,19,R1,14.3987
2026-03-09T09:50:11Z,2025-12-21,18,R1,14.4696
2026-03-09T09:50:11Z,2025-12-21,17,R1,12.9977
2026-03-09T09:50:11Z,2025-12-21,16,R1,12.2517
2026-03-09T09:50:11Z,2025-12-21,15,R1,11.8406
2026-03-09T09:50:11Z,2025-12-21,14,R1,12.888
2026-03-09T09:50:11Z,2025-12-21,12,R1,11.7946
2026-03-09T09:50:11Z,2025-12-21,22,R1,15.0986
2026-03-09T09:50:11Z,2025-12-21,10,R1,11.5284
2026-03-09T09:50:11Z,2025-12-21,9,R1,11.9898
2026-03-09T09:50:11Z,2025-12-21,8,R1,12.5472
2026-03-09T09:50:11Z,2025-12-21,7,R1,12.4178
2026-03-09T09:50:11Z,2025-12-21,6,R1,12.1406
2026-03-09T09:50:11Z,2025-12-21,5,R1,12.162
2026-03-09T09:50:11Z,2025-12-21,4,R1,12.6251
2026-03-09T09:50:11Z,2025-12-21,3,R1,12.6518
2026-03-09T09:50:11Z,2025-12-21,2,R1,12.9685
2026-03-09T09:50:11Z,2025-12-21,1,R1,13.0471
2026-03-09T09:50:11Z,2025-12-21,11,R1,11.2022
2026-03-09T09:50:11Z,2025-12-21,23,R1,14.4521
2026-03-09T09:50:11Z,2025-12-21,24,R1,14.8001
2026-03-09T09:50:11Z,2025-12-21,25,R1,15.315
2026-03-09T09:50:11Z,2025-12-21,47,R1,13.2368
2026-03-09T09:50:11Z,2025-12-21,46,R1,13.6444
2026-03-09T09:50:11Z,2025-12-21,45,R1,13.7859
2026-03-09T09:50:11Z,2025-12-21,44,R1,13.8834
2026-03-09T09:50:11Z,2025-12-21,43,R1,13.7341
2026-03-09T09:50:11Z,2025-12-21,42,R1,14.2696
2026-03-09T09:50:11Z,2025-12-21,41,R1,13.9131
2026-03-09T09:50:11Z,2025-12-21,40,R1,13.6951
2026-03-09T09:50:11Z,2025-12-21,39,R1,12.8435
2026-03-09T09:50:11Z,2025-12-21,38,R1,12.9166
2026-03-09T09:50:11Z,2025-12-21,37,R1,12.3044
2026-03-09T09:50:11Z,2025-12-21,48,R1,14.0367
2026-03-09T09:50:11Z,2025-12-21,35,R1,11.93
2026-03-09T09:50:11Z,2025-12-21,34,R1,13.4931
2026-03-09T09:50:11Z,2025-12-21,33,R1,13.8884
2026-03-09T09:50:11Z,2025-12-21,32,R1,13.9156
2026-03-09T09:50:11Z,2025-12-21,31,R1,13.884
2026-03-09T09:50:11Z,2025-12-21,30,R1,15.3713
2026-03-09T09:50:11Z,2025-12-21,29,R1,15.0558
2026-03-09T09:50:11Z,2025-12-21,28,R1,14.0482
2026-03-09T09:50:11Z,2025-12-21,27,R1,14.9924
2026-03-09T09:50:11Z,2025-12-21,26,R1,15.1235
2026-03-09T09:50:11Z,2025-12-21,36,R1,11.6097
2026-03-09T09:50:11Z,2025-12-22,14,R1,30.8458
2026-03-09T09:50:11Z,2025-12-22,15,R1,28.6878
2026-03-09T09:50:11Z,2025-12-22,16,R1,29.2059
2026-03-09T09:50:11Z,2025-12-22,21,R1,33.9392
2026-03-09T09:50:11Z,2025-12-22,18,R1,28.9612
2026-03-09T09:50:11Z,2025-12-22,19,R1,29.5119
2026-03-09T09:50:11Z,2025-12-22,20,R1,31.3248
2026-03-09T09:50:11Z,2025-12-22,13,R1,30.5012
2026-03-09T09:50:11Z,2025-12-22,17,R1,29.368
2026-03-09T09:50:11Z,2025-12-22,12,R1,29.6129
2026-03-09T09:50:11Z,2025-12-22,6,R1,26.8801
2026-03-09T09:50:11Z,2025-12-22,10,R1,27.3519
2026-03-09T09:50:11Z,2025-12-22,9,R1,26.6992
2026-03-09T09:50:11Z,2025-12-22,8,R1,26.6801
2026-03-09T09:50:11Z,2025-12-22,7,R1,26.7462
2026-03-09T09:50:11Z,2025-12-22,5,R1,25.8647
2026-03-09T09:50:11Z,2025-12-22,4,R1,26.3615
2026-03-09T09:50:11Z,2025-12-22,3,R1,25.295
2026-03-09T09:50:11Z,2025-12-22,2,R1,32.5293
2026-03-09T09:50:11Z,2025-12-22,1,R1,32.0407
2026-03-09T09:50:11Z,2025-12-22,22,R1,37.3167
2026-03-09T09:50:11Z,2025-12-22,11,R1,28.6876
2026-03-09T09:50:11Z,2025-12-22,23,R1,40.9194
2026-03-09T09:50:11Z,2025-12-22,24,R1,40.0741
2026-03-09T09:50:11Z,2025-12-22,25,R1,38.3121
2026-03-09T09:50:11Z,2025-12-22,47,R1,23.0133
2026-03-09T09:50:11Z,2025-12-22,46,R1,22.7778
2026-03-09T09:50:11Z,2025-12-22,45,R1,23.0042
2026-03-09T09:50:11Z,2025-12-22,44,R1,24.0377
2026-03-09T09:50:11Z,2025-12-22,43,R1,25.345
2026-03-09T09:50:11Z,2025-12-22,42,R1,26.1134
2026-03-09T09:50:11Z,2025-12-22,41,R1,26.9
2026-03-09T09:50:11Z,2025-12-22,40,R1,26.1207
2026-03-09T09:50:11Z,2025-12-22,39,R1,25.7805
2026-03-09T09:50:11Z,2025-12-22,38,R1,27.1226
2026-03-09T09:50:11Z,2025-12-22,37,R1,28.0673
2026-03-09T09:50:11Z,2025-12-22,48,R1,23.6942
2026-03-09T09:50:11Z,2025-12-22,35,R1,29.8253
2026-03-09T09:50:11Z,2025-12-22,34,R1,29.6523
2026-03-09T09:50:11Z,2025-12-22,33,R1,28.5316
2026-03-09T09:50:11Z,2025-12-22,32,R1,27.9532
2026-03-09T09:50:11Z,2025-12-22,31,R1,29.3829
2026-03-09T09:50:11Z,2025-12-22,30,R1,31.6501
2026-03-09T09:50:11Z,2025-12-22,29,R1,35.045
2026-03-09T09:50:11Z,2025-12-22,28,R1,36.0937
2026-03-09T09:50:11Z,2025-12-22,27,R1,35.9184
2026-03-09T09:50:11Z,2025-12-22,26,R1,37.3237
2026-03-09T09:50:11Z,2025-12-22,36,R1,29.7499
2026-03-09T09:50:11Z,2025-12-23,14,R1,14.2773
2026-03-09T09:50:11Z,2025-12-23,15,R1,14.9659
2026-03-09T09:50:11Z,2025-12-23,16,R1,14.6884
2026-03-09T09:50:11Z,2025-12-23,21,R1,16.5444
2026-03-09T09:50:11Z,2025-12-23,18,R1,15.0227
2026-03-09T09:50:11Z,2025-12-23,19,R1,14.4951
2026-03-09T09:50:11Z,2025-12-23,20,R1,15.6268
2026-03-09T09:50:11Z,2025-12-23,13,R1,12.999
2026-03-09T09:50:11Z,2025-12-23,17,R1,14.6475
2026-03-09T09:50:11Z,2025-12-23,12,R1,12.7075
2026-03-09T09:50:11Z,2025-12-23,6,R1,11.4222
2026-03-09T09:50:11Z,2025-12-23,10,R1,11.5164
2026-03-09T09:50:11Z,2025-12-23,9,R1,11.628
2026-03-09T09:50:11Z,2025-12-23,8,R1,11.9037
2026-03-09T09:50:11Z,2025-12-23,7,R1,10.9596
2026-03-09T09:50:11Z,2025-12-23,5,R1,10.4762
2026-03-09T09:50:11Z,2025-12-23,4,R1,11.3697
2026-03-09T09:50:11Z,2025-12-23,3,R1,11.6008
2026-03-09T09:50:11Z,2025-12-23,2,R1,10.998
2026-03-09T09:50:11Z,2025-12-23,1,R1,10.5325
2026-03-09T09:50:11Z,2025-12-23,22,R1,17.9905
2026-03-09T09:50:11Z,2025-12-23,11,R1,11.9289
2026-03-09T09:50:11Z,2025-12-23,23,R1,16.5575
2026-03-09T09:50:11Z,2025-12-23,24,R1,16.4138
2026-03-09T09:50:11Z,2025-12-23,25,R1,17.0017
2026-03-09T09:50:11Z,2025-12-23,47,R1,15.6242
2026-03-09T09:50:11Z,2025-12-23,46,R1,16.0996
2026-03-09T09:50:11Z,2025-12-23,45,R1,16.4805
2026-03-09T09:50:11Z,2025-12-23,44,R1,17.8233
2026-03-09T09:50:11Z,2025-12-23,43,R1,16.8721
2026-03-09T09:50:11Z,2025-12-23,42,R1,16.2913
2026-03-09T09:50:11Z,2025-12-23,41,R1,17.3371
2026-03-09T09:50:11Z,2025-12-23,40,R1,18.0537
2026-03-09T09:50:11Z,2025-12-23,39,R1,17.0164
2026-03-09T09:50:11Z,2025-12-23,38,R1,18.2388
2026-03-09T09:50:11Z,2025-12-23,37,R1,18.0385
2026-03-09T09:50:11Z,2025-12-23,48,R1,15.4401
2026-03-09T09:50:11Z,2025-12-23,35,R1,18.827
2026-03-09T09:50:11Z,2025-12-23,34,R1,16.2967
2026-03-09T09:50:11Z,2025-12-23,33,R1,15.8886
2026-03-09T09:50:11Z,2025-12-23,32,R1,16.1404
2026-03-09T09:50:11Z,2025-12-23,31,R1,16.1243
2026-03-09T09:50:11Z,2025-12-23,30,R1,17.3981
2026-03-09T09:50:11Z,2025-12-23,29,R1,17.5867
2026-03-09T09:50:11Z,2025-12-23,28,R1,16.8669
2026-03-09T09:50:11Z,2025-12-23,27,R1,16.5374
2026-03-09T09:50:11Z,2025-12-23,26,R1,17.321
2026-03-09T09:50:11Z,2025-12-23,36,R1,17.6342
2026-03-09T09:50:11Z,2025-12-24,14,R1,27.9866
2026-03-09T09:50:11Z,2025-12-24,15,R1,27.6309
2026-03-09T09:50:11Z,2025-12-24,16,R1,28.1114
2026-03-09T09:50:11Z,2025-12-24,21,R1,32.2375
2026-03-09T09:50:11Z,2025-12-24,18,R1,29.9436
2026-03-09T09:50:11Z,2025-12-24,19,R1,30.4918
2026-03-09T09:50:11Z,2025-12-24,20,R1,33.5779
2026-03-09T09:50:11Z,2025-12-24,13,R1,27.5557
2026-03-09T09:50:11Z,2025-12-24,17,R1,28.7869
2026-03-09T09:50:11Z,2025-12-24,12,R1,27.2163
2026-03-09T09:50:11Z,2025-12-24,6,R1,25.952
2026-03-09T09:50:11Z,2025-12-24,10,R1,25.5717
2026-03-09T09:50:11Z,2025-12-24,9,R1,25.7513
2026-03-09T09:50:11Z,2025-12-24,8,R1,26.0987
2026-03-09T09:50:11Z,2025-12-24,7,R1,26.0572
2026-03-09T09:50:11Z,2025-12-24,5,R1,26.0862
2026-03-09T09:50:11Z,2025-12-24,4,R1,26.2936
2026-03-09T09:50:11Z,2025-12-24,3,R1,25.7904
2026-03-09T09:50:11Z,2025-12-24,2,R1,26.75
2026-03-09T09:50:11Z,2025-12-24,1,R1,27.3432
2026-03-09T09:50:11Z,2025-12-24,22,R1,35.3843
2026-03-09T09:50:11Z,2025-12-24,11,R1,25.9453
2026-03-09T09:50:11Z,2025-12-24,23,R1,35.2267
2026-03-09T09:50:11Z,2025-12-24,24,R1,34.3583
2026-03-09T09:50:11Z,2025-12-24,25,R1,35.6135
2026-03-09T09:50:11Z,2025-12-24,47,R1,24.1628
2026-03-09T09:50:11Z,2025-12-24,46,R1,24.4816
2026-03-09T09:50:11Z,2025-12-24,45,R1,25.0936
2026-03-09T09:50:11Z,2025-12-24,44,R1,24.2171
2026-03-09T09:50:11Z,2025-12-24,43,R1,23.7972
2026-03-09T09:50:11Z,2025-12-24,42,R1,21.4362
2026-03-09T09:50:11Z,2025-12-24,41,R1,22.926
2026-03-09T09:50:11Z,2025-12-24,40,R1,25.0502
2026-03-09T09:50:11Z,2025-12-24,39,R1,25.8145
2026-03-09T09:50:11Z,2025-12-24,38,R1,25.2164
2026-03-09T09:50:11Z,2025-12-24,37,R1,25.2751
2026-03-09T09:50:11Z,2025-12-24,48,R1,23.5346
2026-03-09T09:50:11Z,2025-12-24,35,R1,26.9828
2026-03-09T09:50:11Z,2025-12-24,34,R1,28.6202
2026-03-09T09:50:11Z,2025-12-24,33,R1,28.2061
2026-03-09T09:50:11Z,2025-12-24,32,R1,28.0651
2026-03-09T09:50:11Z,2025-12-24,31,R1,28.4817
2026-03-09T09:50:11Z,2025-12-24,30,R1,29.769
2026-03-09T09:50:11Z,2025-12-24,29,R1,31.8867
2026-03-09T09:50:11Z,2025-12-24,28,R1,33.2972
2026-03-09T09:50:11Z,2025-12-24,27,R1,32.6562
2026-03-09T09:50:11Z,2025-12-24,26,R1,33.3681
2026-03-09T09:50:11Z,2025-12-24,36,R1,26.146
2026-03-09T09:50:11Z,2025-12-25,14,R1,21.6061
2026-03-09T09:50:11Z,2025-12-25,15,R1,21.9368
2026-03-09T09:50:11Z,2025-12-25,16,R1,22.2306
2026-03-09T09:50:11Z,2025-12-25,21,R1,26.892
2026-03-09T09:50:11Z,2025-12-25,18,R1,23.6477
2026-03-09T09:50:11Z,2025-12-25,19,R1,25.1286
2026-03-09T09:50:11Z,2025-12-25,20,R1,25.6399
2026-03-09T09:50:11Z,2025-12-25,13,R1,21.2811
2026-03-09T09:50:11Z,2025-12-25,17,R1,22.2994
2026-03-09T09:50:11Z,2025-12-25,12,R1,21.0842
2026-03-09T09:50:11Z,2025-12-25,6,R1,21.2083
2026-03-09T09:50:11Z,2025-12-25,10,R1,21.1679
2026-03-09T09:50:11Z,2025-12-25,9,R1,21.137
2026-03-09T09:50:11Z,2025-12-25,8,R1,20.9492
2026-03-09T09:50:11Z,2025-12-25,7,R1,21.2325
2026-03-09T09:50:11Z,2025-12-25,5,R1,21.6091
2026-03-09T09:50:11Z,2025-12-25,4,R1,22.4984
2026-03-09T09:50:11Z,2025-12-25,3,R1,22.4965
2026-03-09T09:50:11Z,2025-12-25,2,R1,22.7531
2026-03-09T09:50:11Z,2025-12-25,1,R1,23.2939
2026-03-09T09:50:11Z,2025-12-25,22,R1,27.3055
2026-03-09T09:50:11Z,2025-12-25,11,R1,21.2124
2026-03-09T09:50:11Z,2025-12-25,23,R1,28.0069
2026-03-09T09:50:11Z,2025-12-25,48,R1,22.364
2026-03-09T09:50:11Z,2025-12-25,25,R1,28.1913
2026-03-09T09:50:11Z,2025-12-25,47,R1,21.9534
2026-03-09T09:50:11Z,2025-12-25,46,R1,21.4341
2026-03-09T09:50:11Z,2025-12-25,45,R1,20.6248
2026-03-09T09:50:11Z,2025-12-25,44,R1,21.8163
2026-03-09T09:50:11Z,2025-12-25,43,R1,22.5557
2026-03-09T09:50:11Z,2025-12-25,42,R1,23.4521
2026-03-09T09:50:11Z,2025-12-25,41,R1,23.7537
2026-03-09T09:50:11Z,2025-12-25,40,R1,23.7647
2026-03-09T09:50:11Z,2025-12-25,39,R1,22.8696
2026-03-09T09:50:11Z,2025-12-25,38,R1,22.0564
2026-03-09T09:50:11Z,2025-12-25,37,R1,21.599
2026-03-09T09:50:11Z,2025-12-25,24,R1,28.1583
2026-03-09T09:50:11Z,2025-12-25,35,R1,23.443
2026-03-09T09:50:11Z,2025-12-25,34,R1,23.5911
2026-03-09T09:50:11Z,2025-12-25,33,R1,23.1996
2026-03-09T09:50:11Z,2025-12-25,32,R1,23.7645
2026-03-09T09:50:11Z,2025-12-25,31,R1,24.1044
2026-03-09T09:50:11Z,2025-12-25,30,R1,25.2043
2026-03-09T09:50:11Z,2025-12-25,29,R1,26.1892
2026-03-09T09:50:11Z,2025-12-25,28,R1,27.1993
2026-03-09T09:50:11Z,2025-12-25,27,R1,27.6801
2026-03-09T09:50:11Z,2025-12-25,26,R1,27.7365
2026-03-09T09:50:11Z,2025-12-25,36,R1,22.9264
2026-03-09T09:50:11Z,2025-12-26,14,R1,16.3025
2026-03-09T09:50:11Z,2025-12-26,15,R1,15.9772
2026-03-09T09:50:11Z,2025-12-26,16,R1,15.768
2026-03-09T09:50:11Z,2025-12-26,21,R1,19.7458
2026-03-09T09:50:11Z,2025-12-26,18,R1,16.6566
2026-03-09T09:50:11Z,2025-12-26,19,R1,16.8416
2026-03-09T09:50:11Z,2025-12-26,20,R1,17.9267
2026-03-09T09:50:11Z,2025-12-26,13,R1,17.0643
2026-03-09T09:50:11Z,2025-12-26,17,R1,16.3758
2026-03-09T09:50:11Z,2025-12-26,12,R1,16.5603
2026-03-09T09:50:11Z,2025-12-26,6,R1,17.7
2026-03-09T09:50:11Z,2025-12-26,10,R1,16.1064
2026-03-09T09:50:11Z,2025-12-26,9,R1,17.1586
2026-03-09T09:50:11Z,2025-12-26,8,R1,17.1767
2026-03-09T09:50:11Z,2025-12-26,7,R1,17.5435
2026-03-09T09:50:11Z,2025-12-26,5,R1,16.7066
2026-03-09T09:50:11Z,2025-12-26,4,R1,17.57
2026-03-09T09:50:11Z,2025-12-26,3,R1,16.8799
2026-03-09T09:50:11Z,2025-12-26,2,R1,17.2618
2026-03-09T09:50:11Z,2025-12-26,1,R1,19.1818
2026-03-09T09:50:11Z,2025-12-26,22,R1,20.5518
2026-03-09T09:50:11Z,2025-12-26,11,R1,15.9824
2026-03-09T09:50:11Z,2025-12-26,23,R1,20.208
2026-03-09T09:50:11Z,2025-12-26,24,R1,20.8926
2026-03-09T09:50:11Z,2025-12-26,25,R1,19.6641
2026-03-09T09:50:11Z,2025-12-26,47,R1,18.3338
2026-03-09T09:50:11Z,2025-12-26,46,R1,17.411
2026-03-09T09:50:11Z,2025-12-26,45,R1,16.5985
2026-03-09T09:50:11Z,2025-12-26,44,R1,16.5325
2026-03-09T09:50:11Z,2025-12-26,43,R1,15.9004
2026-03-09T09:50:11Z,2025-12-26,42,R1,15.7302
2026-03-09T09:50:11Z,2025-12-26,41,R1,16.2892
2026-03-09T09:50:11Z,2025-12-26,40,R1,17.8536
2026-03-09T09:50:11Z,2025-12-26,39,R1,19.1469
2026-03-09T09:50:11Z,2025-12-26,38,R1,19.1438
2026-03-09T09:50:11Z,2025-12-26,37,R1,17.5884
2026-03-09T09:50:11Z,2025-12-26,48,R1,18.6219
2026-03-09T09:50:11Z,2025-12-26,35,R1,18.6142
2026-03-09T09:50:11Z,2025-12-26,34,R1,17.5385
2026-03-09T09:50:11Z,2025-12-26,33,R1,16.8706
2026-03-09T09:50:11Z,2025-12-26,32,R1,17.8529
2026-03-09T09:50:11Z,2025-12-26,31,R1,17.7362
2026-03-09T09:50:11Z,2025-12-26,30,R1,19.5358
2026-03-09T09:50:11Z,2025-12-26,29,R1,20.6509
2026-03-09T09:50:11Z,2025-12-26,28,R1,20.8613
2026-03-09T09:50:11Z,2025-12-26,27,R1,20.4157
2026-03-09T09:50:11Z,2025-12-26,26,R1,19.9938
2026-03-09T09:50:11Z,2025-12-26,36,R1,17.4863
2026-03-09T09:50:11Z,2025-12-27,14,R1,21.9496
2026-03-09T09:50:11Z,2025-12-27,15,R1,22.3394
2026-03-09T09:50:11Z,2025-12-27,16,R1,22.1034
2026-03-09T09:50:11Z,2025-12-27,21,R1,28.0535
2026-03-09T09:50:11Z,2025-12-27,18,R1,22.3632
2026-03-09T09:50:11Z,2025-12-27,19,R1,24.2514
2026-03-09T09:50:11Z,2025-12-27,20,R1,25.9773
2026-03-09T09:50:11Z,2025-12-27,13,R1,22.4285
2026-03-09T09:50:11Z,2025-12-27,17,R1,21.6872
2026-03-09T09:50:11Z,2025-12-27,12,R1,22.3439
2026-03-09T09:50:11Z,2025-12-27,6,R1,21.648
2026-03-09T09:50:11Z,2025-12-27,10,R1,22.734
2026-03-09T09:50:11Z,2025-12-27,9,R1,21.8448
2026-03-09T09:50:11Z,2025-12-27,8,R1,22.5222
2026-03-09T09:50:11Z,2025-12-27,7,R1,22.3515
2026-03-09T09:50:11Z,2025-12-27,5,R1,20.9745
2026-03-09T09:50:11Z,2025-12-27,4,R1,21.1714
2026-03-09T09:50:11Z,2025-12-27,3,R1,21.5297
2026-03-09T09:50:11Z,2025-12-27,2,R1,22.0279
2026-03-09T09:50:11Z,2025-12-27,1,R1,21.2465
2026-03-09T09:50:11Z,2025-12-27,22,R1,28.6229
2026-03-09T09:50:11Z,2025-12-27,11,R1,22.1892
2026-03-09T09:50:11Z,2025-12-27,23,R1,29.0346
2026-03-09T09:50:11Z,2025-12-27,48,R1,21.3567
2026-03-09T09:50:11Z,2025-12-27,25,R1,29.8383
2026-03-09T09:50:11Z,2025-12-27,24,R1,30.7784
2026-03-09T09:50:11Z,2025-12-27,47,R1,22.2925
2026-03-09T09:50:11Z,2025-12-27,46,R1,22.6783
2026-03-09T09:50:11Z,2025-12-27,45,R1,23.0202
2026-03-09T09:50:11Z,2025-12-27,44,R1,23.4295
2026-03-09T09:50:11Z,2025-12-27,43,R1,23.161
2026-03-09T09:50:11Z,2025-12-27,42,R1,23.1328
2026-03-09T09:50:11Z,2025-12-27,40,R1,24.2265
2026-03-09T09:50:11Z,2025-12-27,39,R1,25.6596
2026-03-09T09:50:11Z,2025-12-27,38,R1,27.7353
2026-03-09T09:50:11Z,2025-12-27,37,R1,25.8607
2026-03-09T09:50:11Z,2025-12-27,41,R1,23.9487
2026-03-09T09:50:11Z,2025-12-27,35,R1,26.0479
2026-03-09T09:50:11Z,2025-12-27,36,R1,26.3839
2026-03-09T09:50:11Z,2025-12-27,27,R1,27.8414
2026-03-09T09:50:11Z,2025-12-27,28,R1,26.4781
2026-03-09T09:50:11Z,2025-12-27,29,R1,26.8367
2026-03-09T09:50:11Z,2025-12-27,30,R1,25.3992
2026-03-09T09:50:11Z,2025-12-27,26,R1,29.3423
2026-03-09T09:50:11Z,2025-12-27,32,R1,25.8748
2026-03-09T09:50:11Z,2025-12-27,33,R1,24.5511
2026-03-09T09:50:11Z,2025-12-27,34,R1,24.3289
2026-03-09T09:50:11Z,2025-12-27,31,R1,26.7981
2026-03-09T09:50:11Z,2025-12-28,13,R1,13.0585
2026-03-09T09:50:11Z,2025-12-28,21,R1,13.0251
2026-03-09T09:50:11Z,2025-12-28,20,R1,12.6245
2026-03-09T09:50:11Z,2025-12-28,19,R1,12.8488
2026-03-09T09:50:11Z,2025-12-28,18,R1,12.4777
2026-03-09T09:50:11Z,2025-12-28,17,R1,13.1538
2026-03-09T09:50:11Z,2025-12-28,16,R1,13.299
2026-03-09T09:50:11Z,2025-12-28,15,R1,13.7388
2026-03-09T09:50:11Z,2025-12-28,14,R1,13.6407
2026-03-09T09:50:11Z,2025-12-28,12,R1,12.8226
2026-03-09T09:50:11Z,2025-12-28,22,R1,13.7221
2026-03-09T09:50:11Z,2025-12-28,10,R1,12.2621
2026-03-09T09:50:11Z,2025-12-28,9,R1,11.1936
2026-03-09T09:50:11Z,2025-12-28,8,R1,10.4479
2026-03-09T09:50:11Z,2025-12-28,7,R1,11.0223
2026-03-09T09:50:11Z,2025-12-28,6,R1,11.2473
2026-03-09T09:50:11Z,2025-12-28,5,R1,12.7394
2026-03-09T09:50:11Z,2025-12-28,4,R1,12.2524
2026-03-09T09:50:11Z,2025-12-28,3,R1,12.2046
2026-03-09T09:50:11Z,2025-12-28,2,R1,12.45
2026-03-09T09:50:11Z,2025-12-28,1,R1,13.1649
2026-03-09T09:50:11Z,2025-12-28,11,R1,13.1849
2026-03-09T09:50:11Z,2025-12-28,23,R1,14.435
2026-03-09T09:50:11Z,2025-12-28,24,R1,13.3165
2026-03-09T09:50:11Z,2025-12-28,25,R1,12.2899
2026-03-09T09:50:11Z,2025-12-28,47,R1,8.7486
2026-03-09T09:50:11Z,2025-12-28,46,R1,8.3491
2026-03-09T09:50:11Z,2025-12-28,45,R1,7.9389
2026-03-09T09:50:11Z,2025-12-28,44,R1,7.9795
2026-03-09T09:50:11Z,2025-12-28,43,R1,8.3272
2026-03-09T09:50:11Z,2025-12-28,42,R1,9.0333
2026-03-09T09:50:11Z,2025-12-28,41,R1,9.4281
2026-03-09T09:50:11Z,2025-12-28,40,R1,10.2159
2026-03-09T09:50:11Z,2025-12-28,39,R1,10.9637
2026-03-09T09:50:11Z,2025-12-28,38,R1,11.5782
2026-03-09T09:50:11Z,2025-12-28,37,R1,10.3666
2026-03-09T09:50:11Z,2025-12-28,48,R1,8.7084
2026-03-09T09:50:11Z,2025-12-28,35,R1,10.6812
2026-03-09T09:50:11Z,2025-12-28,34,R1,9.5103
2026-03-09T09:50:11Z,2025-12-28,33,R1,10.9536
2026-03-09T09:50:11Z,2025-12-28,32,R1,11.1705
2026-03-09T09:50:11Z,2025-12-28,31,R1,10.4923
2026-03-09T09:50:11Z,2025-12-28,30,R1,11.0506
2026-03-09T09:50:11Z,2025-12-28,29,R1,11.2735
2026-03-09T09:50:11Z,2025-12-28,28,R1,11.0133
2026-03-09T09:50:11Z,2025-12-28,27,R1,11.1727
2026-03-09T09:50:11Z,2025-12-28,26,R1,11.3909
2026-03-09T09:50:11Z,2025-12-28,36,R1,11.029
2026-03-09T09:50:11Z,2025-12-29,14,R1,12.2906
2026-03-09T09:50:11Z,2025-12-29,15,R1,13.2637
2026-03-09T09:50:11Z,2025-12-29,16,R1,13.1805
2026-03-09T09:50:11Z,2025-12-29,21,R1,13.4664
2026-03-09T09:50:11Z,2025-12-29,18,R1,12.9213
2026-03-09T09:50:11Z,2025-12-29,19,R1,12.9199
2026-03-09T09:50:11Z,2025-12-29,20,R1,12.9391
2026-03-09T09:50:11Z,2025-12-29,13,R1,11.4247
2026-03-09T09:50:11Z,2025-12-29,17,R1,12.4764
2026-03-09T09:50:11Z,2025-12-29,12,R1,11.8277
2026-03-09T09:50:11Z,2025-12-29,6,R1,10.5067
2026-03-09T09:50:11Z,2025-12-29,10,R1,11.6145
2026-03-09T09:50:11Z,2025-12-29,9,R1,11.3328
2026-03-09T09:50:11Z,2025-12-29,8,R1,11.9315
2026-03-09T09:50:11Z,2025-12-29,7,R1,11.2833
2026-03-09T09:50:11Z,2025-12-29,5,R1,9.9882
2026-03-09T09:50:11Z,2025-12-29,4,R1,10.5486
2026-03-09T09:50:11Z,2025-12-29,3,R1,10.1659
2026-03-09T09:50:11Z,2025-12-29,2,R1,9.4102
2026-03-09T09:50:11Z,2025-12-29,1,R1,8.9201
2026-03-09T09:50:11Z,2025-12-29,22,R1,13.4348
2026-03-09T09:50:11Z,2025-12-29,11,R1,12.157
2026-03-09T09:50:11Z,2025-12-29,23,R1,12.8511
2026-03-09T09:50:11Z,2025-12-29,24,R1,12.3983
2026-03-09T09:50:11Z,2025-12-29,25,R1,11.5676
2026-03-09T09:50:11Z,2025-12-29,47,R1,10.0947
2026-03-09T09:50:11Z,2025-12-29,46,R1,9.8836
2026-03-09T09:50:11Z,2025-12-29,45,R1,10.7945
2026-03-09T09:50:11Z,2025-12-29,44,R1,12.4362
2026-03-09T09:50:11Z,2025-12-29,43,R1,11.7557
2026-03-09T09:50:11Z,2025-12-29,42,R1,11.9546
2026-03-09T09:50:11Z,2025-12-29,41,R1,12.0222
2026-03-09T09:50:11Z,2025-12-29,40,R1,12.4856
2026-03-09T09:50:11Z,2025-12-29,39,R1,11.688
2026-03-09T09:50:11Z,2025-12-29,38,R1,11.9831
2026-03-09T09:50:11Z,2025-12-29,37,R1,12.7088
2026-03-09T09:50:11Z,2025-12-29,48,R1,10.1304
2026-03-09T09:50:11Z,2025-12-29,35,R1,12.0
2026-03-09T09:50:11Z,2025-12-29,34,R1,11.2652
2026-03-09T09:50:11Z,2025-12-29,33,R1,11.6406
2026-03-09T09:50:11Z,2025-12-29,32,R1,11.1412
2026-03-09T09:50:11Z,2025-12-29,31,R1,10.3816
2026-03-09T09:50:11Z,2025-12-29,30,R1,10.5728
2026-03-09T09:50:11Z,2025-12-29,29,R1,10.6002
2026-03-09T09:50:11Z,2025-12-29,28,R1,10.8649
2026-03-09T09:50:11Z,2025-12-29,27,R1,11.8005
2026-03-09T09:50:11Z,2025-12-29,26,R1,11.3898
2026-03-09T09:50:11Z,2025-12-29,36,R1,12.8868
2026-03-09T09:50:11Z,2025-12-30,14,R1,7.079
2026-03-09T09:50:11Z,2025-12-30,15,R1,6.8378
2026-03-09T09:50:11Z,2025-12-30,16,R1,6.9164
2026-03-09T09:50:11Z,2025-12-30,21,R1,7.3478
2026-03-09T09:50:11Z,2025-12-30,18,R1,6.9294
2026-03-09T09:50:11Z,2025-12-30,19,R1,7.8321
2026-03-09T09:50:11Z,2025-12-30,20,R1,7.369
2026-03-09T09:50:11Z,2025-12-30,13,R1,6.9597
2026-03-09T09:50:11Z,2025-12-30,17,R1,7.0281
2026-03-09T09:50:11Z,2025-12-30,12,R1,6.5617
2026-03-09T09:50:11Z,2025-12-30,6,R1,5.2603
2026-03-09T09:50:11Z,2025-12-30,10,R1,5.9606
2026-03-09T09:50:11Z,2025-12-30,9,R1,5.7729
2026-03-09T09:50:11Z,2025-12-30,8,R1,5.3372
2026-03-09T09:50:11Z,2025-12-30,7,R1,5.2105
2026-03-09T09:50:11Z,2025-12-30,5,R1,5.2156
2026-03-09T09:50:11Z,2025-12-30,4,R1,5.0374
2026-03-09T09:50:11Z,2025-12-30,3,R1,5.3075
2026-03-09T09:50:11Z,2025-12-30,2,R1,5.3052
2026-03-09T09:50:11Z,2025-12-30,1,R1,5.2349
2026-03-09T09:50:11Z,2025-12-30,22,R1,7.0728
2026-03-09T09:50:11Z,2025-12-30,11,R1,6.3533
2026-03-09T09:50:11Z,2025-12-30,23,R1,7.5326
2026-03-09T09:50:11Z,2025-12-30,24,R1,7.5712
2026-03-09T09:50:11Z,2025-12-30,25,R1,7.5631
2026-03-09T09:50:11Z,2025-12-30,47,R1,6.2408
2026-03-09T09:50:11Z,2025-12-30,46,R1,6.2279
2026-03-09T09:50:11Z,2025-12-30,45,R1,6.2726
2026-03-09T09:50:11Z,2025-12-30,44,R1,6.2923
2026-03-09T09:50:11Z,2025-12-30,43,R1,6.474
2026-03-09T09:50:11Z,2025-12-30,42,R1,6.6856
2026-03-09T09:50:11Z,2025-12-30,41,R1,7.1482
2026-03-09T09:50:11Z,2025-12-30,40,R1,7.4641
2026-03-09T09:50:11Z,2025-12-30,39,R1,7.331
2026-03-09T09:50:11Z,2025-12-30,38,R1,7.4988
2026-03-09T09:50:11Z,2025-12-30,37,R1,7.3808
2026-03-09T09:50:11Z,2025-12-30,48,R1,6.0587
2026-03-09T09:50:11Z,2025-12-30,35,R1,6.9781
2026-03-09T09:50:11Z,2025-12-30,34,R1,6.768
2026-03-09T09:50:11Z,2025-12-30,33,R1,6.4514
2026-03-09T09:50:11Z,2025-12-30,32,R1,6.6854
2026-03-09T09:50:11Z,2025-12-30,31,R1,6.723
2026-03-09T09:50:11Z,2025-12-30,30,R1,7.7447
2026-03-09T09:50:11Z,2025-12-30,29,R1,7.7657
2026-03-09T09:50:11Z,2025-12-30,28,R1,7.6039
2026-03-09T09:50:11Z,2025-12-30,27,R1,8.0051
2026-03-09T09:50:11Z,2025-12-30,26,R1,7.6899
2026-03-09T09:50:11Z,2025-12-30,36,R1,6.9629
2026-03-09T09:50:11Z,2025-12-31,14,R1,20.3896
2026-03-09T09:50:11Z,2025-12-31,15,R1,20.3152
2026-03-09T09:50:11Z,2025-12-31,16,R1,20.1717
2026-03-09T09:50:11Z,2025-12-31,21,R1,25.594
2026-03-09T09:50:11Z,2025-12-31,18,R1,21.694
2026-03-09T09:50:11Z,2025-12-31,19,R1,24.0429
2026-03-09T09:50:11Z,2025-12-31,20,R1,25.1344
2026-03-09T09:50:11Z,2025-12-31,13,R1,20.0137
2026-03-09T09:50:11Z,2025-12-31,17,R1,20.1238
2026-03-09T09:50:11Z,2025-12-31,12,R1,20.2084
2026-03-09T09:50:11Z,2025-12-31,6,R1,19.9718
2026-03-09T09:50:11Z,2025-12-31,10,R1,19.6043
2026-03-09T09:50:11Z,2025-12-31,9,R1,19.4741
2026-03-09T09:50:11Z,2025-12-31,8,R1,19.5328
2026-03-09T09:50:11Z,2025-12-31,7,R1,19.7951
2026-03-09T09:50:11Z,2025-12-31,5,R1,19.4273
2026-03-09T09:50:11Z,2025-12-31,4,R1,19.7326
2026-03-09T09:50:11Z,2025-12-31,3,R1,19.6863
2026-03-09T09:50:11Z,2025-12-31,2,R1,19.6242
2026-03-09T09:50:11Z,2025-12-31,1,R1,20.0679
2026-03-09T09:50:11Z,2025-12-31,22,R1,26.2291
2026-03-09T09:50:11Z,2025-12-31,11,R1,19.7094
2026-03-09T09:50:11Z,2025-12-31,23,R1,26.7085
2026-03-09T09:50:11Z,2025-12-31,24,R1,27.43
2026-03-09T09:50:11Z,2025-12-31,25,R1,27.0219
2026-03-09T09:50:11Z,2025-12-31,47,R1,25.3837
2026-03-09T09:50:11Z,2025-12-31,46,R1,24.5639
2026-03-09T09:50:11Z,2025-12-31,45,R1,24.4988
2026-03-09T09:50:11Z,2025-12-31,44,R1,24.0993
2026-03-09T09:50:11Z,2025-12-31,43,R1,24.3314
2026-03-09T09:50:11Z,2025-12-31,42,R1,23.7913
2026-03-09T09:50:11Z,2025-12-31,41,R1,22.9382
2026-03-09T09:50:11Z,2025-12-31,40,R1,23.787
2026-03-09T09:50:11Z,2025-12-31,39,R1,22.4011
2026-03-09T09:50:11Z,2025-12-31,38,R1,19.8581
2026-03-09T09:50:11Z,2025-12-31,37,R1,20.008
2026-03-09T09:50:11Z,2025-12-31,48,R1,25.6117
2026-03-09T09:50:11Z,2025-12-31,35,R1,20.4676
2026-03-09T09:50:11Z,2025-12-31,34,R1,21.1009
2026-03-09T09:50:11Z,2025-12-31,33,R1,21.0172
2026-03-09T09:50:11Z,2025-12-31,32,R1,20.5146
2026-03-09T09:50:11Z,2025-12-31,31,R1,21.7066
2026-03-09T09:50:11Z,2025-12-31,30,R1,23.109
2026-03-09T09:50:11Z,2025-12-31,29,R1,24.4644
2026-03-09T09:50:11Z,2025-12-31,28,R1,26.2764
2026-03-09T09:50:11Z,2025-12-31,27,R1,27.1506
2026-03-09T09:50:11Z,2025-12-31,26,R1,26.9657
2026-03-09T09:50:11Z,2025-12-31,36,R1,20.3778
2026-03-09T09:50:11Z,2026-01-01,14,R1,25.2904
2026-03-09T09:50:11Z,2026-01-01,15,R1,25.6572
2026-03-09T09:50:11Z,2026-01-01,16,R1,23.5874
2026-03-09T09:50:11Z,2026-01-01,21,R1,27.382
2026-03-09T09:50:11Z,2026-01-01,18,R1,24.9698
2026-03-09T09:50:11Z,2026-01-01,19,R1,26.9494
2026-03-09T09:50:11Z,2026-01-01,20,R1,27.4498
2026-03-09T09:50:11Z,2026-01-01,13,R1,22.2466
2026-03-09T09:50:11Z,2026-01-01,17,R1,24.3881
2026-03-09T09:50:11Z,2026-01-01,12,R1,21.1527
2026-03-09T09:50:11Z,2026-01-01,6,R1,22.0036
2026-03-09T09:50:11Z,2026-01-01,10,R1,22.2926
2026-03-09T09:50:11Z,2026-01-01,9,R1,22.1651
2026-03-09T09:50:11Z,2026-01-01,8,R1,21.2244
2026-03-09T09:50:11Z,2026-01-01,7,R1,22.5708
2026-03-09T09:50:11Z,2026-01-01,5,R1,20.9462
2026-03-09T09:50:11Z,2026-01-01,4,R1,21.1215
2026-03-09T09:50:11Z,2026-01-01,3,R1,20.9704
2026-03-09T09:50:11Z,2026-01-01,2,R1,21.0358
2026-03-09T09:50:11Z,2026-01-01,1,R1,21.4501
2026-03-09T09:50:11Z,2026-01-01,22,R1,27.3466
2026-03-09T09:50:11Z,2026-01-01,11,R1,22.2323
2026-03-09T09:50:11Z,2026-01-01,23,R1,28.0089
2026-03-09T09:50:11Z,2026-01-01,48,R1,20.2308
2026-03-09T09:50:11Z,2026-01-01,25,R1,28.2045
2026-03-09T09:50:11Z,2026-01-01,47,R1,19.6894
2026-03-09T09:50:11Z,2026-01-01,46,R1,21.4278
2026-03-09T09:50:11Z,2026-01-01,45,R1,21.4043
2026-03-09T09:50:11Z,2026-01-01,44,R1,22.4374
2026-03-09T09:50:11Z,2026-01-01,43,R1,22.1872
2026-03-09T09:50:11Z,2026-01-01,42,R1,23.3839
2026-03-09T09:50:11Z,2026-01-01,41,R1,24.3453
2026-03-09T09:50:11Z,2026-01-01,40,R1,24.4142
2026-03-09T09:50:11Z,2026-01-01,39,R1,22.6704
2026-03-09T09:50:11Z,2026-01-01,38,R1,22.7105
2026-03-09T09:50:11Z,2026-01-01,37,R1,22.3991
2026-03-09T09:50:11Z,2026-01-01,24,R1,27.9714
2026-03-09T09:50:11Z,2026-01-01,35,R1,23.307
2026-03-09T09:50:11Z,2026-01-01,34,R1,24.2172
2026-03-09T09:50:11Z,2026-01-01,33,R1,24.0102
2026-03-09T09:50:11Z,2026-01-01,32,R1,24.6635
2026-03-09T09:50:11Z,2026-01-01,31,R1,25.9136
2026-03-09T09:50:11Z,2026-01-01,30,R1,26.0355
2026-03-09T09:50:11Z,2026-01-01,29,R1,27.0606
2026-03-09T09:50:11Z,2026-01-01,28,R1,27.9276
2026-03-09T09:50:11Z,2026-01-01,27,R1,29.6132
2026-03-09T09:50:11Z,2026-01-01,26,R1,29.4262
2026-03-09T09:50:11Z,2026-01-01,36,R1,22.4737
2026-03-09T09:50:11Z,2026-01-02,14,R1,16.7298
2026-03-09T09:50:11Z,2026-01-02,15,R1,17.0221
2026-03-09T09:50:11Z,2026-01-02,16,R1,17.3679
2026-03-09T09:50:11Z,2026-01-02,21,R1,21.5867
2026-03-09T09:50:11Z,2026-01-02,18,R1,18.3146
2026-03-09T09:50:11Z,2026-01-02,19,R1,19.0218
2026-03-09T09:50:11Z,2026-01-02,20,R1,20.3298
2026-03-09T09:50:11Z,2026-01-02,13,R1,16.4497
2026-03-09T09:50:11Z,2026-01-02,17,R1,16.8011
2026-03-09T09:50:11Z,2026-01-02,12,R1,16.2944
2026-03-09T09:50:11Z,2026-01-02,6,R1,16.9878
2026-03-09T09:50:11Z,2026-01-02,10,R1,16.8474
2026-03-09T09:50:11Z,2026-01-02,9,R1,16.9147
2026-03-09T09:50:11Z,2026-01-02,8,R1,16.6761
2026-03-09T09:50:11Z,2026-01-02,7,R1,16.2262
2026-03-09T09:50:11Z,2026-01-02,5,R1,16.5752
2026-03-09T09:50:11Z,2026-01-02,4,R1,16.3968
2026-03-09T09:50:11Z,2026-01-02,3,R1,16.2896
2026-03-09T09:50:11Z,2026-01-02,2,R1,16.3384
2026-03-09T09:50:11Z,2026-01-02,1,R1,16.5814
2026-03-09T09:50:11Z,2026-01-02,22,R1,23.5154
2026-03-09T09:50:11Z,2026-01-02,11,R1,16.5878
2026-03-09T09:50:11Z,2026-01-02,23,R1,25.2282
2026-03-09T09:50:11Z,2026-01-02,24,R1,24.7549
2026-03-09T09:50:11Z,2026-01-02,25,R1,24.0569
2026-03-09T09:50:11Z,2026-01-02,47,R1,19.0645
2026-03-09T09:50:11Z,2026-01-02,46,R1,17.5359
2026-03-09T09:50:11Z,2026-01-02,45,R1,17.1169
2026-03-09T09:50:11Z,2026-01-02,44,R1,17.2159
2026-03-09T09:50:11Z,2026-01-02,43,R1,17.4583
2026-03-09T09:50:11Z,2026-01-02,42,R1,17.714
2026-03-09T09:50:11Z,2026-01-02,41,R1,18.3135
2026-03-09T09:50:11Z,2026-01-02,40,R1,18.2603
2026-03-09T09:50:11Z,2026-01-02,39,R1,18.422
2026-03-09T09:50:11Z,2026-01-02,38,R1,18.286
2026-03-09T09:50:11Z,2026-01-02,37,R1,18.421
2026-03-09T09:50:11Z,2026-01-02,48,R1,18.717
2026-03-09T09:50:11Z,2026-01-02,35,R1,17.9022
2026-03-09T09:50:11Z,2026-01-02,34,R1,18.2018
2026-03-09T09:50:11Z,2026-01-02,33,R1,19.3051
2026-03-09T09:50:11Z,2026-01-02,32,R1,19.9654
2026-03-09T09:50:11Z,2026-01-02,31,R1,20.4388
2026-03-09T09:50:11Z,2026-01-02,30,R1,22.1503
2026-03-09T09:50:11Z,2026-01-02,29,R1,23.2482
2026-03-09T09:50:11Z,2026-01-02,28,R1,24.2792
2026-03-09T09:50:11Z,2026-01-02,27,R1,23.1809
2026-03-09T09:50:11Z,2026-01-02,26,R1,23.2563
2026-03-09T09:50:11Z,2026-01-02,36,R1,18.2746
2026-03-09T09:50:11Z,2026-01-03,14,R1,19.6357
2026-03-09T09:50:11Z,2026-01-03,15,R1,18.4735
2026-03-09T09:50:11Z,2026-01-03,16,R1,19.4527
2026-03-09T09:50:11Z,2026-01-03,21,R1,22.5497
2026-03-09T09:50:11Z,2026-01-03,18,R1,20.3139
2026-03-09T09:50:11Z,2026-01-03,19,R1,20.8375
2026-03-09T09:50:11Z,2026-01-03,20,R1,21.695
2026-03-09T09:50:11Z,2026-01-03,13,R1,19.3765
2026-03-09T09:50:11Z,2026-01-03,17,R1,20.0857
2026-03-09T09:50:11Z,2026-01-03,12,R1,19.0899
2026-03-09T09:50:11Z,2026-01-03,6,R1,18.1498
2026-03-09T09:50:11Z,2026-01-03,10,R1,18.2739
2026-03-09T09:50:11Z,2026-01-03,9,R1,18.6783
2026-03-09T09:50:11Z,2026-01-03,8,R1,17.8825
2026-03-09T09:50:11Z,2026-01-03,7,R1,17.546
2026-03-09T09:50:11Z,2026-01-03,5,R1,18.056
2026-03-09T09:50:11Z,2026-01-03,4,R1,17.7625
2026-03-09T09:50:11Z,2026-01-03,3,R1,17.1355
2026-03-09T09:50:11Z,2026-01-03,2,R1,17.1292
2026-03-09T09:50:11Z,2026-01-03,1,R1,18.5945
2026-03-09T09:50:11Z,2026-01-03,22,R1,23.7528
2026-03-09T09:50:11Z,2026-01-03,11,R1,18.4918
2026-03-09T09:50:11Z,2026-01-03,23,R1,24.8413
2026-03-09T09:50:11Z,2026-01-03,48,R1,17.405
2026-03-09T09:50:11Z,2026-01-03,25,R1,24.7628
2026-03-09T09:50:11Z,2026-01-03,24,R1,25.1361
2026-03-09T09:50:11Z,2026-01-03,47,R1,17.4901
2026-03-09T09:50:11Z,2026-01-03,46,R1,17.5584
2026-03-09T09:50:11Z,2026-01-03,45,R1,18.1988
2026-03-09T09:50:11Z,2026-01-03,44,R1,18.2099
2026-03-09T09:50:11Z,2026-01-03,43,R1,18.0922
2026-03-09T09:50:11Z,2026-01-03,42,R1,18.0022
2026-03-09T09:50:11Z,2026-01-03,40,R1,18.1633
2026-03-09T09:50:11Z,2026-01-03,39,R1,18.2736
2026-03-09T09:50:11Z,2026-01-03,38,R1,18.2371
2026-03-09T09:50:11Z,2026-01-03,37,R1,18.6991
2026-03-09T09:50:11Z,2026-01-03,41,R1,17.9773
2026-03-09T09:50:11Z,2026-01-03,35,R1,17.9527
2026-03-09T09:50:11Z,2026-01-03,36,R1,18.3456
2026-03-09T09:50:11Z,2026-01-03,27,R1,23.8959
2026-03-09T09:50:11Z,2026-01-03,28,R1,23.3116
2026-03-09T09:50:11Z,2026-01-03,29,R1,22.9879
2026-03-09T09:50:11Z,2026-01-03,30,R1,21.8457
2026-03-09T09:50:11Z,2026-01-03,26,R1,24.9908
2026-03-09T09:50:11Z,2026-01-03,32,R1,18.608
2026-03-09T09:50:11Z,2026-01-03,33,R1,18.7635
2026-03-09T09:50:11Z,2026-01-03,34,R1,18.2063
2026-03-09T09:50:11Z,2026-01-03,31,R1,19.4311
2026-03-09T09:50:11Z,2026-01-04,14,R1,6.8788
2026-03-09T09:50:11Z,2026-01-04,22,R1,9.9638
2026-03-09T09:50:11Z,2026-01-04,21,R1,9.4054
2026-03-09T09:50:11Z,2026-01-04,20,R1,9.4179
2026-03-09T09:50:11Z,2026-01-04,19,R1,8.9982
2026-03-09T09:50:11Z,2026-01-04,18,R1,7.9988
2026-03-09T09:50:11Z,2026-01-04,17,R1,7.1756
2026-03-09T09:50:11Z,2026-01-04,16,R1,7.0072
2026-03-09T09:50:11Z,2026-01-04,15,R1,7.0973
2026-03-09T09:50:11Z,2026-01-04,13,R1,6.9016
2026-03-09T09:50:11Z,2026-01-04,1,R1,7.421
2026-03-09T09:50:11Z,2026-01-04,11,R1,6.754
2026-03-09T09:50:11Z,2026-01-04,10,R1,6.5975
2026-03-09T09:50:11Z,2026-01-04,9,R1,6.572
2026-03-09T09:50:11Z,2026-01-04,8,R1,6.6827
2026-03-09T09:50:11Z,2026-01-04,7,R1,6.8217
2026-03-09T09:50:11Z,2026-01-04,6,R1,7.1323
2026-03-09T09:50:11Z,2026-01-04,5,R1,7.2912
2026-03-09T09:50:11Z,2026-01-04,4,R1,7.4751
2026-03-09T09:50:11Z,2026-01-04,3,R1,7.736
2026-03-09T09:50:11Z,2026-01-04,2,R1,7.9679
2026-03-09T09:50:11Z,2026-01-04,23,R1,10.0836
2026-03-09T09:50:11Z,2026-01-04,24,R1,10.1922
2026-03-09T09:50:11Z,2026-01-04,12,R1,6.6939
2026-03-09T09:50:11Z,2026-01-04,26,R1,10.0765
2026-03-09T09:50:11Z,2026-01-04,48,R1,6.5132
2026-03-09T09:50:11Z,2026-01-04,47,R1,6.8153
2026-03-09T09:50:11Z,2026-01-04,46,R1,6.4546
2026-03-09T09:50:11Z,2026-01-04,45,R1,6.3651
2026-03-09T09:50:11Z,2026-01-04,44,R1,6.1825
2026-03-09T09:50:11Z,2026-01-04,43,R1,6.4663
2026-03-09T09:50:11Z,2026-01-04,42,R1,6.6271
2026-03-09T09:50:11Z,2026-01-04,41,R1,6.4559
2026-03-09T09:50:11Z,2026-01-04,40,R1,6.7522
2026-03-09T09:50:11Z,2026-01-04,39,R1,7.2827
2026-03-09T09:50:11Z,2026-01-04,38,R1,7.109
2026-03-09T09:50:11Z,2026-01-04,25,R1,10.2724
2026-03-09T09:50:11Z,2026-01-04,36,R1,6.5819
2026-03-09T09:50:11Z,2026-01-04,35,R1,6.5215
2026-03-09T09:50:11Z,2026-01-04,34,R1,6.465
2026-03-09T09:50:11Z,2026-01-04,33,R1,7.2072
2026-03-09T09:50:11Z,2026-01-04,32,R1,7.3611
2026-03-09T09:50:11Z,2026-01-04,31,R1,7.9359
2026-03-09T09:50:11Z,2026-01-04,30,R1,9.1318
2026-03-09T09:50:11Z,2026-01-04,29,R1,9.3586
2026-03-09T09:50:11Z,2026-01-04,28,R1,9.6971
2026-03-09T09:50:11Z,2026-01-04,27,R1,9.9913
2026-03-09T09:50:11Z,2026-01-04,37,R1,6.6283
2026-03-09T09:50:11Z,2026-01-05,14,R1,20.5569
2026-03-09T09:50:11Z,2026-01-05,15,R1,21.0293
2026-03-09T09:50:11Z,2026-01-05,16,R1,20.6525
2026-03-09T09:50:11Z,2026-01-05,21,R1,31.2775
2026-03-09T09:50:11Z,2026-01-05,18,R1,21.1634
2026-03-09T09:50:11Z,2026-01-05,19,R1,23.1839
2026-03-09T09:50:11Z,2026-01-05,20,R1,27.3723
2026-03-09T09:50:11Z,2026-01-05,13,R1,21.4193
2026-03-09T09:50:11Z,2026-01-05,17,R1,20.376
2026-03-09T09:50:11Z,2026-01-05,12,R1,20.2432
2026-03-09T09:50:11Z,2026-01-05,6,R1,19.3156
2026-03-09T09:50:11Z,2026-01-05,10,R1,19.9206
2026-03-09T09:50:11Z,2026-01-05,9,R1,20.664
2026-03-09T09:50:11Z,2026-01-05,8,R1,19.5381
2026-03-09T09:50:11Z,2026-01-05,7,R1,19.6964
2026-03-09T09:50:11Z,2026-01-05,5,R1,19.4418
2026-03-09T09:50:11Z,2026-01-05,4,R1,19.4881
2026-03-09T09:50:11Z,2026-01-05,3,R1,21.3397
2026-03-09T09:50:11Z,2026-01-05,2,R1,24.3779
2026-03-09T09:50:11Z,2026-01-05,1,R1,26.994
2026-03-09T09:50:11Z,2026-01-05,22,R1,34.4196
2026-03-09T09:50:11Z,2026-01-05,11,R1,19.972
2026-03-09T09:50:11Z,2026-01-05,23,R1,34.58
2026-03-09T09:50:11Z,2026-01-05,24,R1,35.4008
2026-03-09T09:50:11Z,2026-01-05,25,R1,36.5164
2026-03-09T09:50:11Z,2026-01-05,47,R1,19.2589
2026-03-09T09:50:11Z,2026-01-05,46,R1,20.1873
2026-03-09T09:50:11Z,2026-01-05,45,R1,19.6356
2026-03-09T09:50:11Z,2026-01-05,44,R1,19.1817
2026-03-09T09:50:11Z,2026-01-05,43,R1,19.5112
2026-03-09T09:50:11Z,2026-01-05,42,R1,19.5684
2026-03-09T09:50:11Z,2026-01-05,41,R1,19.1336
2026-03-09T09:50:11Z,2026-01-05,40,R1,20.8291
2026-03-09T09:50:11Z,2026-01-05,39,R1,21.1669
2026-03-09T09:50:11Z,2026-01-05,38,R1,20.8768
2026-03-09T09:50:11Z,2026-01-05,37,R1,21.6097
2026-03-09T09:50:11Z,2026-01-05,48,R1,18.3805
2026-03-09T09:50:11Z,2026-01-05,35,R1,23.4439
2026-03-09T09:50:11Z,2026-01-05,34,R1,22.7417
2026-03-09T09:50:11Z,2026-01-05,33,R1,21.6391
2026-03-09T09:50:11Z,2026-01-05,32,R1,22.2672
2026-03-09T09:50:11Z,2026-01-05,31,R1,25.7209
2026-03-09T09:50:11Z,2026-01-05,30,R1,31.4993
2026-03-09T09:50:11Z,2026-01-05,29,R1,35.307
2026-03-09T09:50:11Z,2026-01-05,28,R1,36.2608
2026-03-09T09:50:11Z,2026-01-05,27,R1,36.7568
2026-03-09T09:50:11Z,2026-01-05,26,R1,37.8589
2026-03-09T09:50:11Z,2026-01-05,36,R1,21.8016
2026-03-09T09:50:11Z,2026-01-06,14,R1,18.3172
2026-03-09T09:50:11Z,2026-01-06,15,R1,18.2583
2026-03-09T09:50:11Z,2026-01-06,16,R1,18.8144
2026-03-09T09:50:11Z,2026-01-06,21,R1,31.7903
2026-03-09T09:50:11Z,2026-01-06,18,R1,22.1848
2026-03-09T09:50:11Z,2026-01-06,19,R1,24.5144
2026-03-09T09:50:11Z,2026-01-06,20,R1,28.1591
2026-03-09T09:50:11Z,2026-01-06,13,R1,17.9462
2026-03-09T09:50:11Z,2026-01-06,17,R1,19.7737
2026-03-09T09:50:11Z,2026-01-06,12,R1,17.8029
2026-03-09T09:50:11Z,2026-01-06,6,R1,17.475
2026-03-09T09:50:11Z,2026-01-06,10,R1,17.695
2026-03-09T09:50:11Z,2026-01-06,9,R1,16.6677
2026-03-09T09:50:11Z,2026-01-06,8,R1,15.9447
2026-03-09T09:50:11Z,2026-01-06,7,R1,16.542
2026-03-09T09:50:11Z,2026-01-06,5,R1,17.7
2026-03-09T09:50:11Z,2026-01-06,4,R1,17.432
2026-03-09T09:50:11Z,2026-01-06,3,R1,17.6295
2026-03-09T09:50:11Z,2026-01-06,2,R1,17.315
2026-03-09T09:50:11Z,2026-01-06,1,R1,18.2345
2026-03-09T09:50:11Z,2026-01-06,22,R1,32.0452
2026-03-09T09:50:11Z,2026-01-06,11,R1,17.6593
2026-03-09T09:50:11Z,2026-01-06,23,R1,32.4311
2026-03-09T09:50:11Z,2026-01-06,24,R1,34.5749
2026-03-09T09:50:11Z,2026-01-06,25,R1,33.9965
2026-03-09T09:50:11Z,2026-01-06,47,R1,29.0147
2026-03-09T09:50:11Z,2026-01-06,46,R1,26.6408
2026-03-09T09:50:11Z,2026-01-06,45,R1,26.5069
2026-03-09T09:50:11Z,2026-01-06,44,R1,27.501
2026-03-09T09:50:11Z,2026-01-06,43,R1,27.802
2026-03-09T09:50:11Z,2026-01-06,42,R1,27.4916
2026-03-09T09:50:11Z,2026-01-06,41,R1,28.4471
2026-03-09T09:50:11Z,2026-01-06,40,R1,27.154
2026-03-09T09:50:11Z,2026-01-06,39,R1,25.1127
2026-03-09T09:50:11Z,2026-01-06,38,R1,23.7422
2026-03-09T09:50:11Z,2026-01-06,37,R1,24.2193
2026-03-09T09:50:11Z,2026-01-06,48,R1,30.689
2026-03-09T09:50:11Z,2026-01-06,35,R1,23.6673
2026-03-09T09:50:11Z,2026-01-06,34,R1,23.174
2026-03-09T09:50:11Z,2026-01-06,33,R1,24.1811
2026-03-09T09:50:11Z,2026-01-06,32,R1,26.452
2026-03-09T09:50:11Z,2026-01-06,31,R1,25.8732
2026-03-09T09:50:11Z,2026-01-06,30,R1,27.9207
2026-03-09T09:50:11Z,2026-01-06,29,R1,31.7351
2026-03-09T09:50:11Z,2026-01-06,28,R1,33.3618
2026-03-09T09:50:11Z,2026-01-06,27,R1,33.137
2026-03-09T09:50:11Z,2026-01-06,26,R1,34.4021
2026-03-09T09:50:11Z,2026-01-06,36,R1,24.3067
2026-03-09T09:50:11Z,2026-01-07,14,R1,14.2611
2026-03-09T09:50:11Z,2026-01-07,15,R1,14.9463
2026-03-09T09:50:11Z,2026-01-07,16,R1,15.977
2026-03-09T09:50:11Z,2026-01-07,21,R1,21.3159
2026-03-09T09:50:11Z,2026-01-07,18,R1,20.1049
2026-03-09T09:50:11Z,2026-01-07,19,R1,20.217
2026-03-09T09:50:11Z,2026-01-07,20,R1,19.292
2026-03-09T09:50:11Z,2026-01-07,13,R1,13.5429
2026-03-09T09:50:11Z,2026-01-07,17,R1,18.0895
2026-03-09T09:50:11Z,2026-01-07,12,R1,11.7497
2026-03-09T09:50:11Z,2026-01-07,6,R1,10.2282
2026-03-09T09:50:11Z,2026-01-07,10,R1,10.5759
2026-03-09T09:50:11Z,2026-01-07,9,R1,10.3357
2026-03-09T09:50:11Z,2026-01-07,8,R1,10.7914
2026-03-09T09:50:11Z,2026-01-07,7,R1,10.1656
2026-03-09T09:50:11Z,2026-01-07,5,R1,9.5
2026-03-09T09:50:11Z,2026-01-07,4,R1,10.808
2026-03-09T09:50:11Z,2026-01-07,3,R1,11.3695
2026-03-09T09:50:11Z,2026-01-07,2,R1,10.9529
2026-03-09T09:50:11Z,2026-01-07,1,R1,10.9122
2026-03-09T09:50:11Z,2026-01-07,22,R1,21.1196
2026-03-09T09:50:11Z,2026-01-07,11,R1,11.2348
2026-03-09T09:50:11Z,2026-01-07,23,R1,20.6142
2026-03-09T09:50:11Z,2026-01-07,24,R1,20.1443
2026-03-09T09:50:11Z,2026-01-07,25,R1,19.2349
2026-03-09T09:50:11Z,2026-01-07,47,R1,7.1842
2026-03-09T09:50:11Z,2026-01-07,46,R1,7.3231
2026-03-09T09:50:11Z,2026-01-07,45,R1,7.4125
2026-03-09T09:50:11Z,2026-01-07,44,R1,7.6522
2026-03-09T09:50:11Z,2026-01-07,43,R1,7.8569
2026-03-09T09:50:11Z,2026-01-07,42,R1,7.9913
2026-03-09T09:50:11Z,2026-01-07,41,R1,8.2422
2026-03-09T09:50:11Z,2026-01-07,40,R1,8.6795
2026-03-09T09:50:11Z,2026-01-07,39,R1,9.2726
2026-03-09T09:50:11Z,2026-01-07,38,R1,10.4479
2026-03-09T09:50:11Z,2026-01-07,37,R1,11.2055
2026-03-09T09:50:11Z,2026-01-07,48,R1,7.2091
2026-03-09T09:50:11Z,2026-01-07,35,R1,12.201
2026-03-09T09:50:11Z,2026-01-07,34,R1,13.1676
2026-03-09T09:50:11Z,2026-01-07,33,R1,13.1566
2026-03-09T09:50:11Z,2026-01-07,32,R1,13.455
2026-03-09T09:50:11Z,2026-01-07,31,R1,14.312
2026-03-09T09:50:11Z,2026-01-07,30,R1,16.0527
2026-03-09T09:50:11Z,2026-01-07,29,R1,16.8354
2026-03-09T09:50:11Z,2026-01-07,28,R1,17.881
2026-03-09T09:50:11Z,2026-01-07,27,R1,18.5539
2026-03-09T09:50:11Z,2026-01-07,26,R1,18.9553
2026-03-09T09:50:11Z,2026-01-07,36,R1,11.9776
2026-03-09T09:50:11Z,2026-01-08,14,R1,17.7572
2026-03-09T09:50:11Z,2026-01-08,15,R1,17.2753
2026-03-09T09:50:11Z,2026-01-08,16,R1,17.4056
2026-03-09T09:50:11Z,2026-01-08,21,R1,18.8415
2026-03-09T09:50:11Z,2026-01-08,18,R1,17.5898
2026-03-09T09:50:11Z,2026-01-08,19,R1,18.5516
2026-03-09T09:50:11Z,2026-01-08,20,R1,19.3963
2026-03-09T09:50:11Z,2026-01-08,13,R1,17.1883
2026-03-09T09:50:11Z,2026-01-08,17,R1,17.5048
2026-03-09T09:50:11Z,2026-01-08,12,R1,17.2239
2026-03-09T09:50:11Z,2026-01-08,6,R1,18.9109
2026-03-09T09:50:11Z,2026-01-08,10,R1,16.9363
2026-03-09T09:50:11Z,2026-01-08,9,R1,17.5783
2026-03-09T09:50:11Z,2026-01-08,8,R1,17.7849
2026-03-09T09:50:11Z,2026-01-08,7,R1,18.203
2026-03-09T09:50:11Z,2026-01-08,5,R1,19.1656
2026-03-09T09:50:11Z,2026-01-08,4,R1,18.7415
2026-03-09T09:50:11Z,2026-01-08,3,R1,18.189
2026-03-09T09:50:11Z,2026-01-08,2,R1,17.9086
2026-03-09T09:50:11Z,2026-01-08,1,R1,18.8855
2026-03-09T09:50:11Z,2026-01-08,22,R1,19.4275
2026-03-09T09:50:11Z,2026-01-08,11,R1,16.7371
2026-03-09T09:50:11Z,2026-01-08,23,R1,20.1453
2026-03-09T09:50:11Z,2026-01-08,48,R1,20.5383
2026-03-09T09:50:11Z,2026-01-08,25,R1,20.2817
2026-03-09T09:50:11Z,2026-01-08,47,R1,20.388
2026-03-09T09:50:11Z,2026-01-08,46,R1,21.7261
2026-03-09T09:50:11Z,2026-01-08,45,R1,22.2309
2026-03-09T09:50:11Z,2026-01-08,44,R1,22.6176
2026-03-09T09:50:11Z,2026-01-08,43,R1,21.9213
2026-03-09T09:50:11Z,2026-01-08,42,R1,22.8877
2026-03-09T09:50:11Z,2026-01-08,41,R1,22.0498
2026-03-09T09:50:11Z,2026-01-08,40,R1,20.821
2026-03-09T09:50:11Z,2026-01-08,39,R1,21.099
2026-03-09T09:50:11Z,2026-01-08,38,R1,20.884
2026-03-09T09:50:11Z,2026-01-08,37,R1,20.2125
2026-03-09T09:50:11Z,2026-01-08,24,R1,20.4745
2026-03-09T09:50:11Z,2026-01-08,35,R1,21.0921
2026-03-09T09:50:11Z,2026-01-08,34,R1,20.6828
2026-03-09T09:50:11Z,2026-01-08,33,R1,20.7526
2026-03-09T09:50:11Z,2026-01-08,32,R1,18.6807
2026-03-09T09:50:11Z,2026-01-08,31,R1,19.5366
2026-03-09T09:50:11Z,2026-01-08,30,R1,18.3206
2026-03-09T09:50:11Z,2026-01-08,29,R1,17.351
2026-03-09T09:50:11Z,2026-01-08,28,R1,18.1768
2026-03-09T09:50:11Z,2026-01-08,27,R1,18.0003
2026-03-09T09:50:11Z,2026-01-08,26,R1,18.747
2026-03-09T09:50:11Z,2026-01-08,36,R1,20.7088
2026-03-09T09:50:11Z,2026-01-09,14,R1,18.9608
2026-03-09T09:50:11Z,2026-01-09,15,R1,19.7446
2026-03-09T09:50:11Z,2026-01-09,16,R1,21.2657
2026-03-09T09:50:11Z,2026-01-09,21,R1,24.7527
2026-03-09T09:50:11Z,2026-01-09,18,R1,22.6541
2026-03-09T09:50:11Z,2026-01-09,19,R1,23.436
2026-03-09T09:50:11Z,2026-01-09,20,R1,23.5524
2026-03-09T09:50:11Z,2026-01-09,13,R1,18.822
2026-03-09T09:50:11Z,2026-01-09,17,R1,21.4906
2026-03-09T09:50:11Z,2026-01-09,12,R1,19.0656
2026-03-09T09:50:11Z,2026-01-09,6,R1,18.2162
2026-03-09T09:50:11Z,2026-01-09,10,R1,18.2172
2026-03-09T09:50:11Z,2026-01-09,9,R1,18.3219
2026-03-09T09:50:11Z,2026-01-09,8,R1,18.0728
2026-03-09T09:50:11Z,2026-01-09,7,R1,18.1223
2026-03-09T09:50:11Z,2026-01-09,5,R1,17.984
2026-03-09T09:50:11Z,2026-01-09,4,R1,18.4824
2026-03-09T09:50:11Z,2026-01-09,3,R1,18.7259
2026-03-09T09:50:11Z,2026-01-09,2,R1,18.5849
2026-03-09T09:50:11Z,2026-01-09,1,R1,19.8891
2026-03-09T09:50:11Z,2026-01-09,22,R1,26.9592
2026-03-09T09:50:11Z,2026-01-09,11,R1,18.7876
2026-03-09T09:50:11Z,2026-01-09,23,R1,27.9845
2026-03-09T09:50:11Z,2026-01-09,24,R1,30.2037
2026-03-09T09:50:11Z,2026-01-09,25,R1,31.0605
2026-03-09T09:50:11Z,2026-01-09,47,R1,21.5587
2026-03-09T09:50:11Z,2026-01-09,46,R1,20.5454
2026-03-09T09:50:11Z,2026-01-09,45,R1,20.1506
2026-03-09T09:50:11Z,2026-01-09,44,R1,19.6736
2026-03-09T09:50:11Z,2026-01-09,43,R1,20.4026
2026-03-09T09:50:11Z,2026-01-09,42,R1,20.0577
2026-03-09T09:50:11Z,2026-01-09,41,R1,20.5003
2026-03-09T09:50:11Z,2026-01-09,40,R1,20.6746
2026-03-09T09:50:11Z,2026-01-09,39,R1,20.8532
2026-03-09T09:50:11Z,2026-01-09,38,R1,21.6972
2026-03-09T09:50:11Z,2026-01-09,37,R1,21.8984
2026-03-09T09:50:11Z,2026-01-09,48,R1,21.6416
2026-03-09T09:50:11Z,2026-01-09,35,R1,21.3987
2026-03-09T09:50:11Z,2026-01-09,34,R1,21.247
2026-03-09T09:50:11Z,2026-01-09,33,R1,21.6833
2026-03-09T09:50:11Z,2026-01-09,32,R1,23.0106
2026-03-09T09:50:11Z,2026-01-09,31,R1,23.2431
2026-03-09T09:50:11Z,2026-01-09,30,R1,24.729
2026-03-09T09:50:11Z,2026-01-09,29,R1,26.3696
2026-03-09T09:50:11Z,2026-01-09,28,R1,28.3772
2026-03-09T09:50:11Z,2026-01-09,27,R1,30.0699
2026-03-09T09:50:11Z,2026-01-09,26,R1,30.8436
2026-03-09T09:50:11Z,2026-01-09,36,R1,21.4721
2026-03-09T09:50:11Z,2026-01-10,14,R1,19.6689
2026-03-09T09:50:11Z,2026-01-10,15,R1,19.4235
2026-03-09T09:50:11Z,2026-01-10,16,R1,19.6666
2026-03-09T09:50:11Z,2026-01-10,21,R1,27.2812
2026-03-09T09:50:11Z,2026-01-10,18,R1,21.3302
2026-03-09T09:50:11Z,2026-01-10,19,R1,24.861
2026-03-09T09:50:11Z,2026-01-10,20,R1,26.6408
2026-03-09T09:50:11Z,2026-01-10,13,R1,19.4333
2026-03-09T09:50:11Z,2026-01-10,17,R1,19.6945
2026-03-09T09:50:11Z,2026-01-10,12,R1,19.5067
2026-03-09T09:50:11Z,2026-01-10,6,R1,20.199
2026-03-09T09:50:11Z,2026-01-10,10,R1,19.9512
2026-03-09T09:50:11Z,2026-01-10,9,R1,20.2284
2026-03-09T09:50:11Z,2026-01-10,8,R1,19.1918
2026-03-09T09:50:11Z,2026-01-10,7,R1,19.8107
2026-03-09T09:50:11Z,2026-01-10,5,R1,20.3949
2026-03-09T09:50:11Z,2026-01-10,4,R1,20.6019
2026-03-09T09:50:11Z,2026-01-10,3,R1,20.9695
2026-03-09T09:50:11Z,2026-01-10,2,R1,21.3112
2026-03-09T09:50:11Z,2026-01-10,1,R1,21.4944
2026-03-09T09:50:11Z,2026-01-10,22,R1,28.3424
2026-03-09T09:50:11Z,2026-01-10,11,R1,19.3937
2026-03-09T09:50:11Z,2026-01-10,23,R1,28.6062
2026-03-09T09:50:11Z,2026-01-10,48,R1,21.1564
2026-03-09T09:50:11Z,2026-01-10,25,R1,29.2279
2026-03-09T09:50:11Z,2026-01-10,24,R1,29.2707
2026-03-09T09:50:11Z,2026-01-10,47,R1,20.9303
2026-03-09T09:50:11Z,2026-01-10,46,R1,19.9237
2026-03-09T09:50:11Z,2026-01-10,45,R1,19.2469
2026-03-09T09:50:11Z,2026-01-10,44,R1,18.9381
2026-03-09T09:50:11Z,2026-01-10,43,R1,18.4301
2026-03-09T09:50:11Z,2026-01-10,42,R1,18.9356
2026-03-09T09:50:11Z,2026-01-10,40,R1,18.5154
2026-03-09T09:50:11Z,2026-01-10,39,R1,17.8112
2026-03-09T09:50:11Z,2026-01-10,38,R1,18.9797
2026-03-09T09:50:11Z,2026-01-10,37,R1,18.809
2026-03-09T09:50:11Z,2026-01-10,41,R1,18.8467
2026-03-09T09:50:11Z,2026-01-10,35,R1,18.4061
2026-03-09T09:50:11Z,2026-01-10,36,R1,18.8228
2026-03-09T09:50:11Z,2026-01-10,27,R1,28.7937
2026-03-09T09:50:11Z,2026-01-10,28,R1,27.5025
2026-03-09T09:50:11Z,2026-01-10,29,R1,27.5018
2026-03-09T09:50:11Z,2026-01-10,30,R1,26.7161
2026-03-09T09:50:11Z,2026-01-10,26,R1,29.1503
2026-03-09T09:50:11Z,2026-01-10,32,R1,21.0738
2026-03-09T09:50:11Z,2026-01-10,33,R1,19.6546
2026-03-09T09:50:11Z,2026-01-10,34,R1,19.0795
2026-03-09T09:50:11Z,2026-01-10,31,R1,24.9157
2026-03-09T09:50:11Z,2026-01-11,13,R1,11.4543
2026-03-09T09:50:11Z,2026-01-11,21,R1,14.9312
2026-03-09T09:50:11Z,2026-01-11,20,R1,14.6757
2026-03-09T09:50:11Z,2026-01-11,19,R1,14.1138
2026-03-09T09:50:11Z,2026-01-11,18,R1,13.8272
2026-03-09T09:50:11Z,2026-01-11,17,R1,12.6759
2026-03-09T09:50:11Z,2026-01-11,16,R1,12.2634
2026-03-09T09:50:11Z,2026-01-11,15,R1,11.7591
2026-03-09T09:50:11Z,2026-01-11,14,R1,11.6521
2026-03-09T09:50:11Z,2026-01-11,12,R1,11.0102
2026-03-09T09:50:11Z,2026-01-11,22,R1,15.0454
2026-03-09T09:50:11Z,2026-01-11,10,R1,11.4541
2026-03-09T09:50:11Z,2026-01-11,9,R1,11.5
2026-03-09T09:50:11Z,2026-01-11,8,R1,11.4759
2026-03-09T09:50:11Z,2026-01-11,7,R1,11.4502
2026-03-09T09:50:11Z,2026-01-11,6,R1,11.5071
2026-03-09T09:50:11Z,2026-01-11,5,R1,11.3205
2026-03-09T09:50:11Z,2026-01-11,4,R1,10.7758
2026-03-09T09:50:11Z,2026-01-11,3,R1,10.6268
2026-03-09T09:50:11Z,2026-01-11,2,R1,11.0714
2026-03-09T09:50:11Z,2026-01-11,1,R1,10.4242
2026-03-09T09:50:11Z,2026-01-11,11,R1,10.8821
2026-03-09T09:50:11Z,2026-01-11,23,R1,15.0664
2026-03-09T09:50:11Z,2026-01-11,24,R1,15.1039
2026-03-09T09:50:11Z,2026-01-11,25,R1,15.0794
2026-03-09T09:50:11Z,2026-01-11,47,R1,10.9472
2026-03-09T09:50:11Z,2026-01-11,46,R1,11.5105
2026-03-09T09:50:11Z,2026-01-11,45,R1,11.8875
2026-03-09T09:50:11Z,2026-01-11,44,R1,12.2487
2026-03-09T09:50:11Z,2026-01-11,43,R1,12.3399
2026-03-09T09:50:11Z,2026-01-11,42,R1,12.4838
2026-03-09T09:50:11Z,2026-01-11,41,R1,12.5205
2026-03-09T09:50:11Z,2026-01-11,40,R1,12.7067
2026-03-09T09:50:11Z,2026-01-11,39,R1,12.79
2026-03-09T09:50:11Z,2026-01-11,38,R1,13.0189
2026-03-09T09:50:11Z,2026-01-11,37,R1,13.1286
2026-03-09T09:50:11Z,2026-01-11,48,R1,10.6748
2026-03-09T09:50:11Z,2026-01-11,35,R1,13.0502
2026-03-09T09:50:11Z,2026-01-11,34,R1,13.3397
2026-03-09T09:50:11Z,2026-01-11,33,R1,13.445
2026-03-09T09:50:11Z,2026-01-11,32,R1,13.5678
2026-03-09T09:50:11Z,2026-01-11,31,R1,13.8645
2026-03-09T09:50:11Z,2026-01-11,30,R1,14.3409
2026-03-09T09:50:11Z,2026-01-11,29,R1,14.747
2026-03-09T09:50:11Z,2026-01-11,28,R1,14.8484
2026-03-09T09:50:11Z,2026-01-11,27,R1,14.8055
2026-03-09T09:50:11Z,2026-01-11,26,R1,15.0943
2026-03-09T09:50:11Z,2026-01-11,36,R1,13.288
2026-03-09T09:45:06Z,2026-01-12,14,SF,25.3635
2026-03-09T09:45:06Z,2026-01-12,15,SF,26.8174
2026-03-09T09:45:06Z,2026-01-12,16,SF,28.7371
2026-03-09T09:45:06Z,2026-01-12,21,SF,29.2029
2026-03-09T09:45:06Z,2026-01-12,18,SF,26.9036
2026-03-09T09:45:06Z,2026-01-12,19,SF,27.6951
2026-03-09T09:45:06Z,2026-01-12,20,SF,29.1684
2026-03-09T09:45:06Z,2026-01-12,13,SF,24.9726
2026-03-09T09:45:06Z,2026-01-12,17,SF,27.3917
2026-03-09T09:45:06Z,2026-01-12,12,SF,26.9233
2026-03-09T09:45:06Z,2026-01-12,6,SF,29.1747
2026-03-09T09:45:06Z,2026-01-12,10,SF,27.5342
2026-03-09T09:45:06Z,2026-01-12,9,SF,28.8587
2026-03-09T09:45:06Z,2026-01-12,8,SF,29.9889
2026-03-09T09:45:06Z,2026-01-12,7,SF,30.6266
2026-03-09T09:45:06Z,2026-01-12,5,SF,27.7531
2026-03-09T09:45:06Z,2026-01-12,4,SF,27.8573
2026-03-09T09:45:06Z,2026-01-12,3,SF,28.2939
2026-03-09T09:45:06Z,2026-01-12,2,SF,28.5459
2026-03-09T09:45:06Z,2026-01-12,1,SF,31.495
2026-03-09T09:45:06Z,2026-01-12,22,SF,28.8386
2026-03-09T09:45:06Z,2026-01-12,11,SF,28.3658
2026-03-09T09:45:06Z,2026-01-12,23,SF,30.051
2026-03-09T09:45:06Z,2026-01-12,24,SF,32.4294
2026-03-09T09:45:06Z,2026-01-12,25,SF,31.6545
2026-03-09T09:45:06Z,2026-01-12,47,SF,16.1985
2026-03-09T09:45:06Z,2026-01-12,46,SF,19.163
2026-03-09T09:45:06Z,2026-01-12,45,SF,18.993
2026-03-09T09:45:06Z,2026-01-12,44,SF,22.3541
2026-03-09T09:45:06Z,2026-01-12,43,SF,21.4259
2026-03-09T09:45:06Z,2026-01-12,42,SF,22.3248
2026-03-09T09:45:06Z,2026-01-12,41,SF,21.4177
2026-03-09T09:45:06Z,2026-01-12,40,SF,22.5568
2026-03-09T09:45:06Z,2026-01-12,39,SF,23.2555
2026-03-09T09:45:06Z,2026-01-12,38,SF,23.6121
2026-03-09T09:45:06Z,2026-01-12,37,SF,23.2662
2026-03-09T09:45:06Z,2026-01-12,48,SF,15.3765
2026-03-09T09:45:06Z,2026-01-12,35,SF,21.1201
2026-03-09T09:45:06Z,2026-01-12,34,SF,25.1575
2026-03-09T09:45:06Z,2026-01-12,33,SF,25.8955
2026-03-09T09:45:06Z,2026-01-12,32,SF,25.9418
2026-03-09T09:45:06Z,2026-01-12,31,SF,27.3812
2026-03-09T09:45:06Z,2026-01-12,30,SF,27.5347
2026-03-09T09:45:06Z,2026-01-12,29,SF,27.8455
2026-03-09T09:45:06Z,2026-01-12,28,SF,28.9633
2026-03-09T09:45:06Z,2026-01-12,27,SF,30.3912
2026-03-09T09:45:06Z,2026-01-12,26,SF,31.6709
2026-03-09T09:45:06Z,2026-01-12,36,SF,23.2079
2026-03-09T09:45:06Z,2026-01-13,14,SF,10.7568
2026-03-09T09:45:06Z,2026-01-13,15,SF,11.5229
2026-03-09T09:45:06Z,2026-01-13,16,SF,11.8907
2026-03-09T09:45:06Z,2026-01-13,21,SF,13.7858
2026-03-09T09:45:06Z,2026-01-13,18,SF,11.3437
2026-03-09T09:45:06Z,2026-01-13,19,SF,12.5306
2026-03-09T09:45:06Z,2026-01-13,20,SF,12.1024
2026-03-09T09:45:06Z,2026-01-13,13,SF,10.6214
2026-03-09T09:45:06Z,2026-01-13,17,SF,11.238
2026-03-09T09:45:06Z,2026-01-13,12,SF,9.7932
2026-03-09T09:45:06Z,2026-01-13,6,SF,9.7137
2026-03-09T09:45:06Z,2026-01-13,10,SF,9.9007
2026-03-09T09:45:06Z,2026-01-13,9,SF,9.6495
2026-03-09T09:45:06Z,2026-01-13,8,SF,9.6711
2026-03-09T09:45:06Z,2026-01-13,7,SF,9.9167
2026-03-09T09:45:06Z,2026-01-13,5,SF,9.5052
2026-03-09T09:45:06Z,2026-01-13,4,SF,9.6129
2026-03-09T09:45:06Z,2026-01-13,3,SF,10.2547
2026-03-09T09:45:06Z,2026-01-13,2,SF,13.6754
2026-03-09T09:45:06Z,2026-01-13,1,SF,10.676
2026-03-09T09:45:06Z,2026-01-13,22,SF,13.7945
2026-03-09T09:45:06Z,2026-01-13,11,SF,10.2412
2026-03-09T09:45:06Z,2026-01-13,23,SF,14.5914
2026-03-09T09:45:06Z,2026-01-13,24,SF,14.565
2026-03-09T09:45:06Z,2026-01-13,25,SF,14.3654
2026-03-09T09:45:06Z,2026-01-13,47,SF,9.253
2026-03-09T09:45:06Z,2026-01-13,46,SF,10.1572
2026-03-09T09:45:06Z,2026-01-13,45,SF,10.229
2026-03-09T09:45:06Z,2026-01-13,44,SF,10.6107
2026-03-09T09:45:06Z,2026-01-13,43,SF,10.7535
2026-03-09T09:45:06Z,2026-01-13,42,SF,11.1921
2026-03-09T09:45:06Z,2026-01-13,41,SF,10.8433
2026-03-09T09:45:06Z,2026-01-13,40,SF,11.3
2026-03-09T09:45:06Z,2026-01-13,39,SF,11.3113
2026-03-09T09:45:06Z,2026-01-13,38,SF,13.1141
2026-03-09T09:45:06Z,2026-01-13,37,SF,13.3923
2026-03-09T09:45:06Z,2026-01-13,48,SF,8.6285
2026-03-09T09:45:06Z,2026-01-13,35,SF,13.2941
2026-03-09T09:45:06Z,2026-01-13,34,SF,13.1024
2026-03-09T09:45:06Z,2026-01-13,33,SF,13.1846
2026-03-09T09:45:06Z,2026-01-13,32,SF,13.3591
2026-03-09T09:45:06Z,2026-01-13,31,SF,11.7742
2026-03-09T09:45:06Z,2026-01-13,30,SF,13.0433
2026-03-09T09:45:06Z,2026-01-13,29,SF,13.443
2026-03-09T09:45:06Z,2026-01-13,28,SF,14.2295
2026-03-09T09:45:06Z,2026-01-13,27,SF,14.6566
2026-03-09T09:45:06Z,2026-01-13,26,SF,14.4635
2026-03-09T09:45:06Z,2026-01-13,36,SF,12.9268
2026-03-09T09:45:06Z,2026-01-14,14,SF,21.0339
2026-03-09T09:45:06Z,2026-01-14,15,SF,20.4469
2026-03-09T09:45:06Z,2026-01-14,16,SF,21.6942
2026-03-09T09:45:06Z,2026-01-14,21,SF,38.3843
2026-03-09T09:45:06Z,2026-01-14,18,SF,26.1834
2026-03-09T09:45:06Z,2026-01-14,19,SF,30.4965
2026-03-09T09:45:06Z,2026-01-14,20,SF,35.5866
2026-03-09T09:45:06Z,2026-01-14,13,SF,21.4003
2026-03-09T09:45:06Z,2026-01-14,17,SF,23.0899
2026-03-09T09:45:06Z,2026-01-14,12,SF,22.3961
2026-03-09T09:45:06Z,2026-01-14,6,SF,21.4895
2026-03-09T09:45:06Z,2026-01-14,10,SF,21.8556
2026-03-09T09:45:06Z,2026-01-14,9,SF,22.2517
2026-03-09T09:45:06Z,2026-01-14,8,SF,22.6504
2026-03-09T09:45:06Z,2026-01-14,7,SF,21.9894
2026-03-09T09:45:06Z,2026-01-14,5,SF,21.8644
2026-03-09T09:45:06Z,2026-01-14,4,SF,22.1939
2026-03-09T09:45:06Z,2026-01-14,3,SF,22.6938
2026-03-09T09:45:06Z,2026-01-14,2,SF,22.7942
2026-03-09T09:45:06Z,2026-01-14,1,SF,23.4243
2026-03-09T09:45:06Z,2026-01-14,22,SF,43.2604
2026-03-09T09:45:06Z,2026-01-14,11,SF,22.0842
2026-03-09T09:45:06Z,2026-01-14,23,SF,44.9528
2026-03-09T09:45:06Z,2026-01-14,24,SF,44.2544
2026-03-09T09:45:06Z,2026-01-14,25,SF,42.8996
2026-03-09T09:45:06Z,2026-01-14,47,SF,26.4088
2026-03-09T09:45:06Z,2026-01-14,46,SF,28.6086
2026-03-09T09:45:06Z,2026-01-14,45,SF,28.1773
2026-03-09T09:45:06Z,2026-01-14,44,SF,27.9385
2026-03-09T09:45:06Z,2026-01-14,43,SF,28.3172
2026-03-09T09:45:06Z,2026-01-14,42,SF,29.7081
2026-03-09T09:45:06Z,2026-01-14,41,SF,32.2433
2026-03-09T09:45:06Z,2026-01-14,40,SF,29.8174
2026-03-09T09:45:06Z,2026-01-14,39,SF,28.9805
2026-03-09T09:45:06Z,2026-01-14,38,SF,27.8654
2026-03-09T09:45:06Z,2026-01-14,37,SF,28.1042
2026-03-09T09:45:06Z,2026-01-14,48,SF,25.6701
2026-03-09T09:45:06Z,2026-01-14,35,SF,25.9297
2026-03-09T09:45:06Z,2026-01-14,34,SF,26.386
2026-03-09T09:45:06Z,2026-01-14,33,SF,26.6318
2026-03-09T09:45:06Z,2026-01-14,32,SF,26.125
2026-03-09T09:45:06Z,2026-01-14,31,SF,26.9575
2026-03-09T09:45:06Z,2026-01-14,30,SF,28.9893
2026-03-09T09:45:06Z,2026-01-14,29,SF,30.2369
2026-03-09T09:45:06Z,2026-01-14,28,SF,31.676
2026-03-09T09:45:06Z,2026-01-14,27,SF,35.3935
2026-03-09T09:45:06Z,2026-01-14,26,SF,37.62
2026-03-09T09:45:06Z,2026-01-14,36,SF,25.9765
2026-03-09T09:45:06Z,2026-01-15,14,SF,9.0582
2026-03-09T09:45:06Z,2026-01-15,15,SF,10.755
2026-03-09T09:45:06Z,2026-01-15,16,SF,10.6103
2026-03-09T09:45:06Z,2026-01-15,21,SF,8.2884
2026-03-09T09:45:06Z,2026-01-15,18,SF,9.95
2026-03-09T09:45:06Z,2026-01-15,19,SF,9.5633
2026-03-09T09:45:06Z,2026-01-15,20,SF,8.6442
2026-03-09T09:45:06Z,2026-01-15,13,SF,8.8331
2026-03-09T09:45:06Z,2026-01-15,17,SF,10.3493
2026-03-09T09:45:06Z,2026-01-15,12,SF,7.517
2026-03-09T09:45:06Z,2026-01-15,6,SF,6.706
2026-03-09T09:45:06Z,2026-01-15,10,SF,6.905
2026-03-09T09:45:06Z,2026-01-15,9,SF,6.9713
2026-03-09T09:45:06Z,2026-01-15,8,SF,6.7466
2026-03-09T09:45:06Z,2026-01-15,7,SF,6.6722
2026-03-09T09:45:06Z,2026-01-15,5,SF,6.8295
2026-03-09T09:45:06Z,2026-01-15,4,SF,6.9316
2026-03-09T09:45:06Z,2026-01-15,3,SF,7.2868
2026-03-09T09:45:06Z,2026-01-15,2,SF,7.584
2026-03-09T09:45:06Z,2026-01-15,1,SF,7.798
2026-03-09T09:45:06Z,2026-01-15,22,SF,8.7906
2026-03-09T09:45:06Z,2026-01-15,11,SF,7.2073
2026-03-09T09:45:06Z,2026-01-15,23,SF,9.2512
2026-03-09T09:45:06Z,2026-01-15,48,SF,5.1166
2026-03-09T09:45:06Z,2026-01-15,25,SF,7.2068
2026-03-09T09:45:06Z,2026-01-15,47,SF,4.8767
2026-03-09T09:45:06Z,2026-01-15,46,SF,5.3289
2026-03-09T09:45:06Z,2026-01-15,45,SF,5.1855
2026-03-09T09:45:06Z,2026-01-15,44,SF,5.0865
2026-03-09T09:45:06Z,2026-01-15,43,SF,5.0652
2026-03-09T09:45:06Z,2026-01-15,42,SF,5.2132
2026-03-09T09:45:06Z,2026-01-15,41,SF,5.1194
2026-03-09T09:45:06Z,2026-01-15,40,SF,4.9612
2026-03-09T09:45:06Z,2026-01-15,39,SF,5.0185
2026-03-09T09:45:06Z,2026-01-15,38,SF,4.9205
2026-03-09T09:45:06Z,2026-01-15,37,SF,5.2618
2026-03-09T09:45:06Z,2026-01-15,24,SF,8.3149
2026-03-09T09:45:06Z,2026-01-15,35,SF,5.1115
2026-03-09T09:45:06Z,2026-01-15,34,SF,4.9471
2026-03-09T09:45:06Z,2026-01-15,33,SF,5.0106
2026-03-09T09:45:06Z,2026-01-15,32,SF,5.0908
2026-03-09T09:45:06Z,2026-01-15,31,SF,5.2237
2026-03-09T09:45:06Z,2026-01-15,30,SF,6.8827
2026-03-09T09:45:06Z,2026-01-15,29,SF,7.796
2026-03-09T09:45:06Z,2026-01-15,28,SF,8.1813
2026-03-09T09:45:06Z,2026-01-15,27,SF,8.8423
2026-03-09T09:45:06Z,2026-01-15,26,SF,8.8953
2026-03-09T09:45:06Z,2026-01-15,36,SF,5.3541
2026-03-09T09:45:06Z,2026-01-16,14,SF,9.2448
2026-03-09T09:45:06Z,2026-01-16,15,SF,9.8606
2026-03-09T09:45:06Z,2026-01-16,16,SF,10.04
2026-03-09T09:45:06Z,2026-01-16,21,SF,14.6154
2026-03-09T09:45:06Z,2026-01-16,18,SF,10.9871
2026-03-09T09:45:06Z,2026-01-16,19,SF,12.1362
2026-03-09T09:45:06Z,2026-01-16,20,SF,13.7959
2026-03-09T09:45:06Z,2026-01-16,13,SF,9.621
2026-03-09T09:45:06Z,2026-01-16,17,SF,9.5525
2026-03-09T09:45:06Z,2026-01-16,12,SF,10.0231
2026-03-09T09:45:06Z,2026-01-16,6,SF,9.7424
2026-03-09T09:45:06Z,2026-01-16,10,SF,11.215
2026-03-09T09:45:06Z,2026-01-16,9,SF,10.6508
2026-03-09T09:45:06Z,2026-01-16,8,SF,10.3452
2026-03-09T09:45:06Z,2026-01-16,7,SF,9.6743
2026-03-09T09:45:06Z,2026-01-16,5,SF,9.653
2026-03-09T09:45:06Z,2026-01-16,4,SF,9.5972
2026-03-09T09:45:06Z,2026-01-16,3,SF,10.0205
2026-03-09T09:45:06Z,2026-01-16,2,SF,9.6141
2026-03-09T09:45:06Z,2026-01-16,1,SF,9.1981
2026-03-09T09:45:06Z,2026-01-16,22,SF,15.4214
2026-03-09T09:45:06Z,2026-01-16,11,SF,10.2861
2026-03-09T09:45:06Z,2026-01-16,23,SF,18.8069
2026-03-09T09:45:06Z,2026-01-16,24,SF,20.0608
2026-03-09T09:45:06Z,2026-01-16,25,SF,20.1515
2026-03-09T09:45:06Z,2026-01-16,47,SF,8.3456
2026-03-09T09:45:06Z,2026-01-16,46,SF,10.3491
2026-03-09T09:45:06Z,2026-01-16,45,SF,10.9957
2026-03-09T09:45:06Z,2026-01-16,44,SF,11.5034
2026-03-09T09:45:06Z,2026-01-16,43,SF,9.6159
2026-03-09T09:45:06Z,2026-01-16,42,SF,11.0612
2026-03-09T09:45:06Z,2026-01-16,41,SF,10.4695
2026-03-09T09:45:06Z,2026-01-16,40,SF,11.2135
2026-03-09T09:45:06Z,2026-01-16,39,SF,12.0071
2026-03-09T09:45:06Z,2026-01-16,38,SF,12.9496
2026-03-09T09:45:06Z,2026-01-16,37,SF,13.8834
2026-03-09T09:45:06Z,2026-01-16,48,SF,8.6406
2026-03-09T09:45:06Z,2026-01-16,35,SF,15.0683
2026-03-09T09:45:06Z,2026-01-16,34,SF,14.7458
2026-03-09T09:45:06Z,2026-01-16,33,SF,14.1739
2026-03-09T09:45:06Z,2026-01-16,32,SF,14.5184
2026-03-09T09:45:06Z,2026-01-16,31,SF,14.5496
2026-03-09T09:45:06Z,2026-01-16,30,SF,15.7292
2026-03-09T09:45:06Z,2026-01-16,29,SF,19.5024
2026-03-09T09:45:06Z,2026-01-16,28,SF,19.481
2026-03-09T09:45:06Z,2026-01-16,27,SF,17.2642
2026-03-09T09:45:06Z,2026-01-16,26,SF,20.7236
2026-03-09T09:45:06Z,2026-01-16,36,SF,14.6297
2026-03-09T09:45:06Z,2026-01-17,14,SF,24.6585
2026-03-09T09:45:06Z,2026-01-17,15,SF,24.6245
2026-03-09T09:45:06Z,2026-01-17,16,SF,24.6631
2026-03-09T09:45:06Z,2026-01-17,21,SF,31.0287
2026-03-09T09:45:06Z,2026-01-17,18,SF,27.0768
2026-03-09T09:45:06Z,2026-01-17,19,SF,28.8975
2026-03-09T09:45:06Z,2026-01-17,20,SF,29.6257
2026-03-09T09:45:06Z,2026-01-17,13,SF,23.7849
2026-03-09T09:45:06Z,2026-01-17,17,SF,25.6178
2026-03-09T09:45:06Z,2026-01-17,12,SF,23.6262
2026-03-09T09:45:06Z,2026-01-17,6,SF,21.6927
2026-03-09T09:45:06Z,2026-01-17,10,SF,22.2435
2026-03-09T09:45:06Z,2026-01-17,9,SF,21.6002
2026-03-09T09:45:06Z,2026-01-17,8,SF,21.9984
2026-03-09T09:45:06Z,2026-01-17,7,SF,21.9203
2026-03-09T09:45:06Z,2026-01-17,5,SF,21.5117
2026-03-09T09:45:06Z,2026-01-17,4,SF,21.9031
2026-03-09T09:45:06Z,2026-01-17,3,SF,22.664
2026-03-09T09:45:06Z,2026-01-17,2,SF,23.3214
2026-03-09T09:45:06Z,2026-01-17,1,SF,22.9483
2026-03-09T09:45:06Z,2026-01-17,22,SF,29.0757
2026-03-09T09:45:06Z,2026-01-17,11,SF,22.8771
2026-03-09T09:45:06Z,2026-01-17,23,SF,29.3706
2026-03-09T09:45:06Z,2026-01-17,48,SF,20.9211
2026-03-09T09:45:06Z,2026-01-17,25,SF,29.4077
2026-03-09T09:45:06Z,2026-01-17,24,SF,29.3562
2026-03-09T09:45:06Z,2026-01-17,47,SF,20.9384
2026-03-09T09:45:06Z,2026-01-17,46,SF,21.0558
2026-03-09T09:45:06Z,2026-01-17,45,SF,21.1958
2026-03-09T09:45:06Z,2026-01-17,44,SF,21.8164
2026-03-09T09:45:06Z,2026-01-17,43,SF,23.888
2026-03-09T09:45:06Z,2026-01-17,42,SF,24.3424
2026-03-09T09:45:06Z,2026-01-17,40,SF,22.7422
2026-03-09T09:45:06Z,2026-01-17,39,SF,22.6903
2026-03-09T09:45:06Z,2026-01-17,38,SF,24.0289
2026-03-09T09:45:06Z,2026-01-17,37,SF,23.8605
2026-03-09T09:45:06Z,2026-01-17,41,SF,23.5498
2026-03-09T09:45:06Z,2026-01-17,35,SF,23.3557
2026-03-09T09:45:06Z,2026-01-17,36,SF,23.5883
2026-03-09T09:45:06Z,2026-01-17,27,SF,30.9851
2026-03-09T09:45:06Z,2026-01-17,28,SF,29.6981
2026-03-09T09:45:06Z,2026-01-17,29,SF,29.3991
2026-03-09T09:45:06Z,2026-01-17,30,SF,27.9771
2026-03-09T09:45:06Z,2026-01-17,26,SF,31.6505
2026-03-09T09:45:06Z,2026-01-17,32,SF,24.1759
2026-03-09T09:45:06Z,2026-01-17,33,SF,24.598
2026-03-09T09:45:06Z,2026-01-17,34,SF,24.0088
2026-03-09T09:45:06Z,2026-01-17,31,SF,26.7762
2026-03-09T09:45:06Z,2026-01-18,14,SF,22.0918
2026-03-09T09:45:06Z,2026-01-18,22,SF,24.0727
2026-03-09T09:45:06Z,2026-01-18,21,SF,24.5975
2026-03-09T09:45:06Z,2026-01-18,20,SF,24.2024
2026-03-09T09:45:06Z,2026-01-18,19,SF,23.3904
2026-03-09T09:45:06Z,2026-01-18,18,SF,22.5575
2026-03-09T09:45:06Z,2026-01-18,17,SF,22.3593
2026-03-09T09:45:06Z,2026-01-18,16,SF,22.4688
2026-03-09T09:45:06Z,2026-01-18,15,SF,22.1726
2026-03-09T09:45:06Z,2026-01-18,13,SF,21.5723
2026-03-09T09:45:06Z,2026-01-18,1,SF,22.0874
2026-03-09T09:45:06Z,2026-01-18,11,SF,20.9438
2026-03-09T09:45:06Z,2026-01-18,10,SF,20.7443
2026-03-09T09:45:06Z,2026-01-18,9,SF,21.014
2026-03-09T09:45:06Z,2026-01-18,8,SF,21.5058
2026-03-09T09:45:06Z,2026-01-18,7,SF,21.8624
2026-03-09T09:45:06Z,2026-01-18,6,SF,21.4362
2026-03-09T09:45:06Z,2026-01-18,5,SF,21.6744
2026-03-09T09:45:06Z,2026-01-18,4,SF,21.6078
2026-03-09T09:45:06Z,2026-01-18,3,SF,21.8464
2026-03-09T09:45:06Z,2026-01-18,2,SF,24.6454
2026-03-09T09:45:06Z,2026-01-18,23,SF,24.971
2026-03-09T09:45:06Z,2026-01-18,24,SF,25.3474
2026-03-09T09:45:06Z,2026-01-18,12,SF,20.9001
2026-03-09T09:45:06Z,2026-01-18,26,SF,25.6783
2026-03-09T09:45:06Z,2026-01-18,48,SF,20.3815
2026-03-09T09:45:06Z,2026-01-18,47,SF,20.7969
2026-03-09T09:45:06Z,2026-01-18,46,SF,21.5918
2026-03-09T09:45:06Z,2026-01-18,45,SF,21.7829
2026-03-09T09:45:06Z,2026-01-18,44,SF,22.6031
2026-03-09T09:45:06Z,2026-01-18,43,SF,22.4542
2026-03-09T09:45:06Z,2026-01-18,42,SF,22.1894
2026-03-09T09:45:06Z,2026-01-18,41,SF,22.0762
2026-03-09T09:45:06Z,2026-01-18,40,SF,22.1804
2026-03-09T09:45:06Z,2026-01-18,39,SF,22.5771
2026-03-09T09:45:06Z,2026-01-18,38,SF,23.276
2026-03-09T09:45:06Z,2026-01-18,25,SF,25.2165
2026-03-09T09:45:06Z,2026-01-18,36,SF,23.514
2026-03-09T09:45:06Z,2026-01-18,35,SF,23.3356
2026-03-09T09:45:06Z,2026-01-18,34,SF,23.7065
2026-03-09T09:45:06Z,2026-01-18,33,SF,22.9038
2026-03-09T09:45:06Z,2026-01-18,32,SF,22.9756
2026-03-09T09:45:06Z,2026-01-18,31,SF,23.2902
2026-03-09T09:45:06Z,2026-01-18,30,SF,23.8707
2026-03-09T09:45:06Z,2026-01-18,29,SF,24.5295
2026-03-09T09:45:06Z,2026-01-18,28,SF,24.7472
2026-03-09T09:45:06Z,2026-01-18,27,SF,24.2979
2026-03-09T09:45:06Z,2026-01-18,37,SF,23.2779
2026-03-09T09:45:06Z,2026-01-19,14,SF,7.7672
2026-03-09T09:45:06Z,2026-01-19,15,SF,7.9172
2026-03-09T09:45:06Z,2026-01-19,16,SF,8.2422
2026-03-09T09:45:06Z,2026-01-19,21,SF,10.2378
2026-03-09T09:45:06Z,2026-01-19,18,SF,8.576
2026-03-09T09:45:06Z,2026-01-19,19,SF,8.9567
2026-03-09T09:45:06Z,2026-01-19,20,SF,9.0523
2026-03-09T09:45:06Z,2026-01-19,13,SF,7.1146
2026-03-09T09:45:06Z,2026-01-19,17,SF,8.5506
2026-03-09T09:45:06Z,2026-01-19,12,SF,7.2618
2026-03-09T09:45:06Z,2026-01-19,6,SF,5.9593
2026-03-09T09:45:06Z,2026-01-19,10,SF,6.6475
2026-03-09T09:45:06Z,2026-01-19,9,SF,6.3851
2026-03-09T09:45:06Z,2026-01-19,8,SF,6.2588
2026-03-09T09:45:06Z,2026-01-19,7,SF,6.0588
2026-03-09T09:45:06Z,2026-01-19,5,SF,5.6706
2026-03-09T09:45:06Z,2026-01-19,4,SF,5.6344
2026-03-09T09:45:06Z,2026-01-19,3,SF,5.6887
2026-03-09T09:45:06Z,2026-01-19,2,SF,5.6135
2026-03-09T09:45:06Z,2026-01-19,1,SF,5.7741
2026-03-09T09:45:06Z,2026-01-19,22,SF,10.1716
2026-03-09T09:45:06Z,2026-01-19,11,SF,6.9968
2026-03-09T09:45:06Z,2026-01-19,23,SF,10.3598
2026-03-09T09:45:06Z,2026-01-19,24,SF,10.1528
2026-03-09T09:45:06Z,2026-01-19,25,SF,10.4217
2026-03-09T09:45:06Z,2026-01-19,47,SF,10.6623
2026-03-09T09:45:06Z,2026-01-19,46,SF,10.2646
2026-03-09T09:45:06Z,2026-01-19,45,SF,9.9921
2026-03-09T09:45:06Z,2026-01-19,44,SF,9.5904
2026-03-09T09:45:06Z,2026-01-19,43,SF,9.1789
2026-03-09T09:45:06Z,2026-01-19,42,SF,9.1911
2026-03-09T09:45:06Z,2026-01-19,41,SF,9.453
2026-03-09T09:45:06Z,2026-01-19,40,SF,9.543
2026-03-09T09:45:06Z,2026-01-19,39,SF,9.3951
2026-03-09T09:45:06Z,2026-01-19,38,SF,9.2997
2026-03-09T09:45:06Z,2026-01-19,37,SF,10.0805
2026-03-09T09:45:06Z,2026-01-19,48,SF,11.4164
2026-03-09T09:45:06Z,2026-01-19,35,SF,9.6272
2026-03-09T09:45:06Z,2026-01-19,34,SF,10.4672
2026-03-09T09:45:06Z,2026-01-19,33,SF,9.462
2026-03-09T09:45:06Z,2026-01-19,32,SF,9.9259
2026-03-09T09:45:06Z,2026-01-19,31,SF,11.0885
2026-03-09T09:45:06Z,2026-01-19,30,SF,11.6893
2026-03-09T09:45:06Z,2026-01-19,29,SF,12.1485
2026-03-09T09:45:06Z,2026-01-19,28,SF,10.8581
2026-03-09T09:45:06Z,2026-01-19,27,SF,10.8484
2026-03-09T09:45:06Z,2026-01-19,26,SF,11.069
2026-03-09T09:45:06Z,2026-01-19,36,SF,10.0575
2026-03-09T09:45:06Z,2026-01-20,14,SF,36.5226
2026-03-09T09:45:06Z,2026-01-20,15,SF,36.1791
2026-03-09T09:45:06Z,2026-01-20,16,SF,35.4103
2026-03-09T09:45:06Z,2026-01-20,21,SF,44.2051
2026-03-09T09:45:06Z,2026-01-20,18,SF,39.9221
2026-03-09T09:45:06Z,2026-01-20,19,SF,43.4308
2026-03-09T09:45:06Z,2026-01-20,20,SF,44.735
2026-03-09T09:45:06Z,2026-01-20,13,SF,34.5895
2026-03-09T09:45:06Z,2026-01-20,17,SF,36.9979
2026-03-09T09:45:06Z,2026-01-20,12,SF,33.7217
2026-03-09T09:45:06Z,2026-01-20,6,SF,25.0254
2026-03-09T09:45:06Z,2026-01-20,10,SF,28.7628
2026-03-09T09:45:06Z,2026-01-20,9,SF,26.3888
2026-03-09T09:45:06Z,2026-01-20,8,SF,25.7896
2026-03-09T09:45:06Z,2026-01-20,7,SF,25.205
2026-03-09T09:45:06Z,2026-01-20,5,SF,24.9498
2026-03-09T09:45:06Z,2026-01-20,4,SF,24.7379
2026-03-09T09:45:06Z,2026-01-20,3,SF,25.0526
2026-03-09T09:45:06Z,2026-01-20,2,SF,26.1965
2026-03-09T09:45:06Z,2026-01-20,1,SF,26.5851
2026-03-09T09:45:06Z,2026-01-20,22,SF,46.7029
2026-03-09T09:45:06Z,2026-01-20,11,SF,29.5776
2026-03-09T09:45:06Z,2026-01-20,23,SF,50.5971
2026-03-09T09:45:06Z,2026-01-20,24,SF,53.3252
2026-03-09T09:45:06Z,2026-01-20,25,SF,54.287
2026-03-09T09:45:06Z,2026-01-20,47,SF,29.0228
2026-03-09T09:45:06Z,2026-01-20,46,SF,29.8287
2026-03-09T09:45:06Z,2026-01-20,45,SF,29.4727
2026-03-09T09:45:06Z,2026-01-20,44,SF,31.4224
2026-03-09T09:45:06Z,2026-01-20,43,SF,32.3781
2026-03-09T09:45:06Z,2026-01-20,42,SF,33.4306
2026-03-09T09:45:06Z,2026-01-20,41,SF,32.5593
2026-03-09T09:45:06Z,2026-01-20,40,SF,33.6733
2026-03-09T09:45:06Z,2026-01-20,39,SF,31.0267
2026-03-09T09:45:06Z,2026-01-20,38,SF,30.1275
2026-03-09T09:45:06Z,2026-01-20,37,SF,29.3496
2026-03-09T09:45:06Z,2026-01-20,48,SF,28.6512
2026-03-09T09:45:06Z,2026-01-20,35,SF,28.0736
2026-03-09T09:45:06Z,2026-01-20,34,SF,28.592
2026-03-09T09:45:06Z,2026-01-20,33,SF,29.0734
2026-03-09T09:45:06Z,2026-01-20,32,SF,31.1669
2026-03-09T09:45:06Z,2026-01-20,31,SF,34.7133
2026-03-09T09:45:06Z,2026-01-20,30,SF,38.2356
2026-03-09T09:45:06Z,2026-01-20,29,SF,43.5239
2026-03-09T09:45:06Z,2026-01-20,28,SF,46.1059
2026-03-09T09:45:06Z,2026-01-20,27,SF,52.4631
2026-03-09T09:45:06Z,2026-01-20,26,SF,53.4441
2026-03-09T09:45:06Z,2026-01-20,36,SF,28.6272
2026-03-09T09:45:06Z,2026-01-21,14,SF,40.3317
2026-03-09T09:45:06Z,2026-01-21,15,SF,39.1056
2026-03-09T09:45:06Z,2026-01-21,16,SF,37.5504
2026-03-09T09:45:06Z,2026-01-21,21,SF,43.4434
2026-03-09T09:45:06Z,2026-01-21,18,SF,36.4171
2026-03-09T09:45:06Z,2026-01-21,19,SF,37.9238
2026-03-09T09:45:06Z,2026-01-21,20,SF,40.8379
2026-03-09T09:45:06Z,2026-01-21,13,SF,38.2645
2026-03-09T09:45:06Z,2026-01-21,17,SF,37.9426
2026-03-09T09:45:06Z,2026-01-21,12,SF,35.7377
2026-03-09T09:45:06Z,2026-01-21,6,SF,28.6335
2026-03-09T09:45:06Z,2026-01-21,10,SF,32.0492
2026-03-09T09:45:06Z,2026-01-21,9,SF,29.892
2026-03-09T09:45:06Z,2026-01-21,8,SF,29.0658
2026-03-09T09:45:06Z,2026-01-21,7,SF,29.3488
2026-03-09T09:45:06Z,2026-01-21,5,SF,27.6344
2026-03-09T09:45:06Z,2026-01-21,4,SF,27.2781
2026-03-09T09:45:06Z,2026-01-21,3,SF,28.5084
2026-03-09T09:45:06Z,2026-01-21,2,SF,29.0038
2026-03-09T09:45:06Z,2026-01-21,1,SF,28.8437
2026-03-09T09:45:06Z,2026-01-21,22,SF,43.4513
2026-03-09T09:45:06Z,2026-01-21,11,SF,34.0779
2026-03-09T09:45:06Z,2026-01-21,23,SF,43.3897
2026-03-09T09:45:06Z,2026-01-21,24,SF,44.6913
2026-03-09T09:45:06Z,2026-01-21,25,SF,45.1014
2026-03-09T09:45:06Z,2026-01-21,47,SF,32.6008
2026-03-09T09:45:06Z,2026-01-21,46,SF,32.8837
2026-03-09T09:45:06Z,2026-01-21,45,SF,32.0781
2026-03-09T09:45:06Z,2026-01-21,44,SF,32.6614
2026-03-09T09:45:06Z,2026-01-21,43,SF,31.679
2026-03-09T09:45:06Z,2026-01-21,42,SF,31.9223
2026-03-09T09:45:06Z,2026-01-21,41,SF,31.4207
2026-03-09T09:45:06Z,2026-01-21,40,SF,32.3071
2026-03-09T09:45:06Z,2026-01-21,39,SF,32.6567
2026-03-09T09:45:06Z,2026-01-21,38,SF,33.6795
2026-03-09T09:45:06Z,2026-01-21,37,SF,33.4786
2026-03-09T09:45:06Z,2026-01-21,48,SF,31.8068
2026-03-09T09:45:06Z,2026-01-21,35,SF,33.7669
2026-03-09T09:45:06Z,2026-01-21,34,SF,34.0858
2026-03-09T09:45:06Z,2026-01-21,33,SF,34.5367
2026-03-09T09:45:06Z,2026-01-21,32,SF,36.798
2026-03-09T09:45:06Z,2026-01-21,31,SF,39.4755
2026-03-09T09:45:06Z,2026-01-21,30,SF,39.4667
2026-03-09T09:45:06Z,2026-01-21,29,SF,43.9158
2026-03-09T09:45:06Z,2026-01-21,28,SF,44.7195
2026-03-09T09:45:06Z,2026-01-21,27,SF,46.1437
2026-03-09T09:45:06Z,2026-01-21,26,SF,45.3449
2026-03-09T09:45:06Z,2026-01-21,36,SF,33.8284
2026-03-09T09:45:06Z,2026-01-22,14,SF,16.828
2026-03-09T09:45:06Z,2026-01-22,15,SF,17.9133
2026-03-09T09:45:06Z,2026-01-22,16,SF,18.6475
2026-03-09T09:45:06Z,2026-01-22,21,SF,21.4172
2026-03-09T09:45:06Z,2026-01-22,18,SF,20.0955
2026-03-09T09:45:06Z,2026-01-22,19,SF,21.5371
2026-03-09T09:45:06Z,2026-01-22,20,SF,21.2448
2026-03-09T09:45:06Z,2026-01-22,13,SF,16.0015
2026-03-09T09:45:06Z,2026-01-22,17,SF,19.3835
2026-03-09T09:45:06Z,2026-01-22,12,SF,15.0657
2026-03-09T09:45:06Z,2026-01-22,6,SF,13.9963
2026-03-09T09:45:06Z,2026-01-22,10,SF,14.529
2026-03-09T09:45:06Z,2026-01-22,9,SF,14.2992
2026-03-09T09:45:06Z,2026-01-22,8,SF,13.7242
2026-03-09T09:45:06Z,2026-01-22,7,SF,13.6088
2026-03-09T09:45:06Z,2026-01-22,5,SF,14.3656
2026-03-09T09:45:06Z,2026-01-22,4,SF,14.8757
2026-03-09T09:45:06Z,2026-01-22,3,SF,16.1066
2026-03-09T09:45:06Z,2026-01-22,2,SF,18.0452
2026-03-09T09:45:06Z,2026-01-22,1,SF,17.1664
2026-03-09T09:45:06Z,2026-01-22,22,SF,21.3331
2026-03-09T09:45:06Z,2026-01-22,11,SF,14.704
2026-03-09T09:45:06Z,2026-01-22,23,SF,22.3115
2026-03-09T09:45:06Z,2026-01-22,48,SF,15.5708
2026-03-09T09:45:06Z,2026-01-22,25,SF,22.6734
2026-03-09T09:45:06Z,2026-01-22,47,SF,15.514
2026-03-09T09:45:06Z,2026-01-22,46,SF,14.7152
2026-03-09T09:45:06Z,2026-01-22,45,SF,14.6738
2026-03-09T09:45:06Z,2026-01-22,44,SF,15.4776
2026-03-09T09:45:06Z,2026-01-22,43,SF,16.3861
2026-03-09T09:45:06Z,2026-01-22,42,SF,16.4287
2026-03-09T09:45:06Z,2026-01-22,41,SF,15.9724
2026-03-09T09:45:06Z,2026-01-22,40,SF,16.3609
2026-03-09T09:45:06Z,2026-01-22,39,SF,16.8784
2026-03-09T09:45:06Z,2026-01-22,38,SF,17.0702
2026-03-09T09:45:06Z,2026-01-22,37,SF,18.433
2026-03-09T09:45:06Z,2026-01-22,24,SF,23.504
2026-03-09T09:45:06Z,2026-01-22,35,SF,19.8547
2026-03-09T09:45:06Z,2026-01-22,34,SF,20.3166
2026-03-09T09:45:06Z,2026-01-22,33,SF,20.9869
2026-03-09T09:45:06Z,2026-01-22,32,SF,21.1193
2026-03-09T09:45:06Z,2026-01-22,31,SF,23.4294
2026-03-09T09:45:06Z,2026-01-22,30,SF,22.5028
2026-03-09T09:45:06Z,2026-01-22,29,SF,22.5364
2026-03-09T09:45:06Z,2026-01-22,28,SF,22.0335
2026-03-09T09:45:06Z,2026-01-22,27,SF,22.9537
2026-03-09T09:45:06Z,2026-01-22,26,SF,22.2518
2026-03-09T09:45:06Z,2026-01-22,36,SF,19.7046
2026-03-09T09:45:06Z,2026-01-23,14,SF,20.6695
2026-03-09T09:45:06Z,2026-01-23,15,SF,23.7168
2026-03-09T09:45:06Z,2026-01-23,16,SF,25.2635
2026-03-09T09:45:06Z,2026-01-23,21,SF,30.1893
2026-03-09T09:45:06Z,2026-01-23,18,SF,25.887
2026-03-09T09:45:06Z,2026-01-23,19,SF,28.926
2026-03-09T09:45:06Z,2026-01-23,20,SF,29.6497
2026-03-09T09:45:06Z,2026-01-23,13,SF,22.6138
2026-03-09T09:45:06Z,2026-01-23,17,SF,23.7345
2026-03-09T09:45:06Z,2026-01-23,12,SF,22.615
2026-03-09T09:45:06Z,2026-01-23,6,SF,20.0044
2026-03-09T09:45:06Z,2026-01-23,10,SF,21.4512
2026-03-09T09:45:06Z,2026-01-23,9,SF,21.6102
2026-03-09T09:45:06Z,2026-01-23,8,SF,21.365
2026-03-09T09:45:06Z,2026-01-23,7,SF,20.8572
2026-03-09T09:45:06Z,2026-01-23,5,SF,17.0063
2026-03-09T09:45:06Z,2026-01-23,4,SF,16.6951
2026-03-09T09:45:06Z,2026-01-23,3,SF,16.6803
2026-03-09T09:45:06Z,2026-01-23,2,SF,15.8097
2026-03-09T09:45:06Z,2026-01-23,1,SF,22.2772
2026-03-09T09:45:06Z,2026-01-23,22,SF,30.2677
2026-03-09T09:45:06Z,2026-01-23,11,SF,22.2757
2026-03-09T09:45:06Z,2026-01-23,23,SF,31.1412
2026-03-09T09:45:06Z,2026-01-23,24,SF,31.0097
2026-03-09T09:45:06Z,2026-01-23,25,SF,32.5583
2026-03-09T09:45:06Z,2026-01-23,47,SF,21.4652
2026-03-09T09:45:06Z,2026-01-23,46,SF,22.4628
2026-03-09T09:45:06Z,2026-01-23,45,SF,22.9973
2026-03-09T09:45:06Z,2026-01-23,44,SF,23.8344
2026-03-09T09:45:06Z,2026-01-23,43,SF,24.9283
2026-03-09T09:45:06Z,2026-01-23,42,SF,25.1371
2026-03-09T09:45:06Z,2026-01-23,41,SF,25.6807
2026-03-09T09:45:06Z,2026-01-23,40,SF,26.3777
2026-03-09T09:45:06Z,2026-01-23,39,SF,26.2393
2026-03-09T09:45:06Z,2026-01-23,38,SF,25.9317
2026-03-09T09:45:06Z,2026-01-23,37,SF,27.1194
2026-03-09T09:45:06Z,2026-01-23,48,SF,20.4913
2026-03-09T09:45:06Z,2026-01-23,35,SF,28.3988
2026-03-09T09:45:06Z,2026-01-23,34,SF,28.8647
2026-03-09T09:45:06Z,2026-01-23,33,SF,29.3202
2026-03-09T09:45:06Z,2026-01-23,32,SF,30.4202
2026-03-09T09:45:06Z,2026-01-23,31,SF,31.4784
2026-03-09T09:45:06Z,2026-01-23,30,SF,32.5783
2026-03-09T09:45:06Z,2026-01-23,29,SF,32.9314
2026-03-09T09:45:06Z,2026-01-23,28,SF,33.9056
2026-03-09T09:45:06Z,2026-01-23,27,SF,35.1122
2026-03-09T09:45:06Z,2026-01-23,26,SF,35.3927
2026-03-09T09:45:06Z,2026-01-23,36,SF,28.1867
2026-03-09T09:45:06Z,2026-01-24,14,SF,20.3136
2026-03-09T09:45:06Z,2026-01-24,15,SF,21.4714
2026-03-09T09:45:06Z,2026-01-24,16,SF,22.7539
2026-03-09T09:45:06Z,2026-01-24,21,SF,28.5137
2026-03-09T09:45:06Z,2026-01-24,18,SF,26.1393
2026-03-09T09:45:06Z,2026-01-24,19,SF,27.6474
2026-03-09T09:45:06Z,2026-01-24,20,SF,27.9912
2026-03-09T09:45:06Z,2026-01-24,13,SF,19.513
2026-03-09T09:45:06Z,2026-01-24,17,SF,24.2753
2026-03-09T09:45:06Z,2026-01-24,12,SF,18.9871
2026-03-09T09:45:06Z,2026-01-24,6,SF,18.6195
2026-03-09T09:45:06Z,2026-01-24,10,SF,18.7903
2026-03-09T09:45:06Z,2026-01-24,9,SF,18.5952
2026-03-09T09:45:06Z,2026-01-24,8,SF,18.6614
2026-03-09T09:45:06Z,2026-01-24,7,SF,18.7552
2026-03-09T09:45:06Z,2026-01-24,5,SF,18.6431
2026-03-09T09:45:06Z,2026-01-24,4,SF,18.883
2026-03-09T09:45:06Z,2026-01-24,3,SF,19.3366
2026-03-09T09:45:06Z,2026-01-24,2,SF,19.5418
2026-03-09T09:45:06Z,2026-01-24,1,SF,20.0444
2026-03-09T09:45:06Z,2026-01-24,22,SF,28.4619
2026-03-09T09:45:06Z,2026-01-24,11,SF,19.246
2026-03-09T09:45:06Z,2026-01-24,23,SF,28.2349
2026-03-09T09:45:06Z,2026-01-24,48,SF,15.5514
2026-03-09T09:45:06Z,2026-01-24,25,SF,27.4024
2026-03-09T09:45:06Z,2026-01-24,24,SF,28.0851
2026-03-09T09:45:06Z,2026-01-24,47,SF,15.864
2026-03-09T09:45:06Z,2026-01-24,46,SF,17.809
2026-03-09T09:45:06Z,2026-01-24,45,SF,16.9432
2026-03-09T09:45:06Z,2026-01-24,44,SF,16.8901
2026-03-09T09:45:06Z,2026-01-24,43,SF,17.9181
2026-03-09T09:45:06Z,2026-01-24,42,SF,17.8144
2026-03-09T09:45:06Z,2026-01-24,40,SF,19.5102
2026-03-09T09:45:06Z,2026-01-24,39,SF,19.5298
2026-03-09T09:45:06Z,2026-01-24,38,SF,19.1395
2026-03-09T09:45:06Z,2026-01-24,37,SF,18.9386
2026-03-09T09:45:06Z,2026-01-24,41,SF,18.3543
2026-03-09T09:45:06Z,2026-01-24,35,SF,17.7415
2026-03-09T09:45:06Z,2026-01-24,36,SF,19.1932
2026-03-09T09:45:06Z,2026-01-24,27,SF,22.0756
2026-03-09T09:45:06Z,2026-01-24,28,SF,23.2193
2026-03-09T09:45:06Z,2026-01-24,29,SF,22.7516
2026-03-09T09:45:06Z,2026-01-24,30,SF,22.6814
2026-03-09T09:45:06Z,2026-01-24,26,SF,24.8205
2026-03-09T09:45:06Z,2026-01-24,32,SF,20.2188
2026-03-09T09:45:06Z,2026-01-24,33,SF,19.4072
2026-03-09T09:45:06Z,2026-01-24,34,SF,18.3614
2026-03-09T09:45:06Z,2026-01-24,31,SF,20.4985
2026-03-09T09:45:06Z,2026-01-25,14,SF,14.2978
2026-03-09T09:45:06Z,2026-01-25,22,SF,19.0729
2026-03-09T09:45:06Z,2026-01-25,21,SF,17.3637
2026-03-09T09:45:06Z,2026-01-25,20,SF,15.5871
2026-03-09T09:45:06Z,2026-01-25,19,SF,15.3097
2026-03-09T09:45:06Z,2026-01-25,18,SF,15.1336
2026-03-09T09:45:06Z,2026-01-25,17,SF,14.6077
2026-03-09T09:45:06Z,2026-01-25,16,SF,14.0586
2026-03-09T09:45:06Z,2026-01-25,15,SF,13.9045
2026-03-09T09:45:06Z,2026-01-25,13,SF,15.3684
2026-03-09T09:45:06Z,2026-01-25,1,SF,13.6543
2026-03-09T09:45:06Z,2026-01-25,11,SF,16.212
2026-03-09T09:45:06Z,2026-01-25,10,SF,15.435
2026-03-09T09:45:06Z,2026-01-25,9,SF,15.7651
2026-03-09T09:45:06Z,2026-01-25,8,SF,17.2434
2026-03-09T09:45:06Z,2026-01-25,7,SF,16.4449
2026-03-09T09:45:06Z,2026-01-25,6,SF,14.4515
2026-03-09T09:45:06Z,2026-01-25,5,SF,13.5175
2026-03-09T09:45:06Z,2026-01-25,4,SF,12.9267
2026-03-09T09:45:06Z,2026-01-25,3,SF,12.7276
2026-03-09T09:45:06Z,2026-01-25,2,SF,13.0012
2026-03-09T09:45:06Z,2026-01-25,23,SF,16.247
2026-03-09T09:45:06Z,2026-01-25,24,SF,17.1123
2026-03-09T09:45:06Z,2026-01-25,12,SF,17.0085
2026-03-09T09:45:06Z,2026-01-25,26,SF,15.1304
2026-03-09T09:45:06Z,2026-01-25,48,SF,10.5443
2026-03-09T09:45:06Z,2026-01-25,47,SF,10.8359
2026-03-09T09:45:06Z,2026-01-25,46,SF,11.0441
2026-03-09T09:45:06Z,2026-01-25,45,SF,11.2116
2026-03-09T09:45:06Z,2026-01-25,44,SF,11.8896
2026-03-09T09:45:06Z,2026-01-25,43,SF,12.6268
2026-03-09T09:45:06Z,2026-01-25,42,SF,13.2888
2026-03-09T09:45:06Z,2026-01-25,41,SF,12.6539
2026-03-09T09:45:06Z,2026-01-25,40,SF,12.9848
2026-03-09T09:45:06Z,2026-01-25,39,SF,13.0113
2026-03-09T09:45:06Z,2026-01-25,38,SF,13.0279
2026-03-09T09:45:06Z,2026-01-25,25,SF,16.223
2026-03-09T09:45:06Z,2026-01-25,36,SF,12.8454
2026-03-09T09:45:06Z,2026-01-25,35,SF,12.7307
2026-03-09T09:45:06Z,2026-01-25,34,SF,12.4205
2026-03-09T09:45:06Z,2026-01-25,33,SF,12.5963
2026-03-09T09:45:06Z,2026-01-25,32,SF,14.1617
2026-03-09T09:45:06Z,2026-01-25,31,SF,14.3175
2026-03-09T09:45:06Z,2026-01-25,30,SF,14.1211
2026-03-09T09:45:06Z,2026-01-25,29,SF,14.2138
2026-03-09T09:45:06Z,2026-01-25,28,SF,15.8866
2026-03-09T09:45:06Z,2026-01-25,27,SF,16.7641
2026-03-09T09:45:06Z,2026-01-25,37,SF,13.3298
2026-03-09T09:45:06Z,2026-01-26,14,SF,25.6956
2026-03-09T09:45:06Z,2026-01-26,15,SF,25.947
2026-03-09T09:45:06Z,2026-01-26,16,SF,25.5607
2026-03-09T09:45:06Z,2026-01-26,21,SF,29.4999
2026-03-09T09:45:06Z,2026-01-26,18,SF,25.7549
2026-03-09T09:45:06Z,2026-01-26,19,SF,26.5969
2026-03-09T09:45:06Z,2026-01-26,20,SF,29.3881
2026-03-09T09:45:06Z,2026-01-26,13,SF,25.1167
2026-03-09T09:45:06Z,2026-01-26,17,SF,25.2141
2026-03-09T09:45:06Z,2026-01-26,12,SF,24.2394
2026-03-09T09:45:06Z,2026-01-26,6,SF,24.4301
2026-03-09T09:45:06Z,2026-01-26,10,SF,23.974
2026-03-09T09:45:06Z,2026-01-26,9,SF,24.5256
2026-03-09T09:45:06Z,2026-01-26,8,SF,24.6736
2026-03-09T09:45:06Z,2026-01-26,7,SF,24.4867
2026-03-09T09:45:06Z,2026-01-26,5,SF,24.9532
2026-03-09T09:45:06Z,2026-01-26,4,SF,25.203
2026-03-09T09:45:06Z,2026-01-26,3,SF,25.81
2026-03-09T09:45:06Z,2026-01-26,2,SF,25.8787
2026-03-09T09:45:06Z,2026-01-26,1,SF,24.8937
2026-03-09T09:45:06Z,2026-01-26,22,SF,30.9652
2026-03-09T09:45:06Z,2026-01-26,11,SF,24.1414
2026-03-09T09:45:06Z,2026-01-26,23,SF,32.1471
2026-03-09T09:45:06Z,2026-01-26,24,SF,35.089
2026-03-09T09:45:06Z,2026-01-26,25,SF,33.961
2026-03-09T09:45:06Z,2026-01-26,47,SF,37.7827
2026-03-09T09:45:06Z,2026-01-26,46,SF,38.5024
2026-03-09T09:45:06Z,2026-01-26,45,SF,39.2979
2026-03-09T09:45:06Z,2026-01-26,44,SF,40.3791
2026-03-09T09:45:06Z,2026-01-26,43,SF,40.6898
2026-03-09T09:45:06Z,2026-01-26,42,SF,40.331
2026-03-09T09:45:06Z,2026-01-26,41,SF,39.6926
2026-03-09T09:45:06Z,2026-01-26,40,SF,38.8194
2026-03-09T09:45:06Z,2026-01-26,39,SF,37.9232
2026-03-09T09:45:06Z,2026-01-26,38,SF,37.7688
2026-03-09T09:45:06Z,2026-01-26,37,SF,36.4811
2026-03-09T09:45:06Z,2026-01-26,48,SF,36.7682
2026-03-09T09:45:06Z,2026-01-26,35,SF,33.0608
2026-03-09T09:45:06Z,2026-01-26,34,SF,32.606
2026-03-09T09:45:06Z,2026-01-26,33,SF,32.4125
2026-03-09T09:45:06Z,2026-01-26,32,SF,33.8922
2026-03-09T09:45:06Z,2026-01-26,31,SF,34.054
2026-03-09T09:45:06Z,2026-01-26,30,SF,33.4155
2026-03-09T09:45:06Z,2026-01-26,29,SF,35.0539
2026-03-09T09:45:06Z,2026-01-26,28,SF,35.8963
2026-03-09T09:45:06Z,2026-01-26,27,SF,36.7704
2026-03-09T09:45:06Z,2026-01-26,26,SF,35.3316
2026-03-09T09:45:06Z,2026-01-26,36,SF,35.1576
2026-03-09T09:45:06Z,2026-01-27,14,SF,21.422
2026-03-09T09:45:06Z,2026-01-27,15,SF,22.1591
2026-03-09T09:45:06Z,2026-01-27,16,SF,22.5009
2026-03-09T09:45:06Z,2026-01-27,21,SF,27.056
2026-03-09T09:45:06Z,2026-01-27,18,SF,24.1755
2026-03-09T09:45:06Z,2026-01-27,19,SF,24.7051
2026-03-09T09:45:06Z,2026-01-27,20,SF,26.1938
2026-03-09T09:45:06Z,2026-01-27,13,SF,21.1495
2026-03-09T09:45:06Z,2026-01-27,17,SF,23.3216
2026-03-09T09:45:06Z,2026-01-27,12,SF,21.3682
2026-03-09T09:45:06Z,2026-01-27,6,SF,21.4869
2026-03-09T09:45:06Z,2026-01-27,10,SF,21.247
2026-03-09T09:45:06Z,2026-01-27,9,SF,21.2703
2026-03-09T09:45:06Z,2026-01-27,8,SF,21.6398
2026-03-09T09:45:06Z,2026-01-27,7,SF,21.7977
2026-03-09T09:45:06Z,2026-01-27,5,SF,21.44
2026-03-09T09:45:06Z,2026-01-27,4,SF,22.0632
2026-03-09T09:45:06Z,2026-01-27,3,SF,21.9232
2026-03-09T09:45:06Z,2026-01-27,2,SF,21.472
2026-03-09T09:45:06Z,2026-01-27,1,SF,22.0021
2026-03-09T09:45:06Z,2026-01-27,22,SF,29.1422
2026-03-09T09:45:06Z,2026-01-27,11,SF,21.3283
2026-03-09T09:45:06Z,2026-01-27,23,SF,29.5039
2026-03-09T09:45:06Z,2026-01-27,24,SF,28.2957
2026-03-09T09:45:06Z,2026-01-27,25,SF,28.8921
2026-03-09T09:45:06Z,2026-01-27,47,SF,21.3068
2026-03-09T09:45:06Z,2026-01-27,46,SF,21.1575
2026-03-09T09:45:06Z,2026-01-27,45,SF,20.5791
2026-03-09T09:45:06Z,2026-01-27,44,SF,20.9479
2026-03-09T09:45:06Z,2026-01-27,43,SF,20.802
2026-03-09T09:45:06Z,2026-01-27,42,SF,21.3397
2026-03-09T09:45:06Z,2026-01-27,41,SF,20.4528
2026-03-09T09:45:06Z,2026-01-27,40,SF,20.5162
2026-03-09T09:45:06Z,2026-01-27,39,SF,22.9266
2026-03-09T09:45:06Z,2026-01-27,38,SF,21.7015
2026-03-09T09:45:06Z,2026-01-27,37,SF,21.8765
2026-03-09T09:45:06Z,2026-01-27,48,SF,21.1046
2026-03-09T09:45:06Z,2026-01-27,35,SF,21.4399
2026-03-09T09:45:06Z,2026-01-27,34,SF,23.2782
2026-03-09T09:45:06Z,2026-01-27,33,SF,25.3099
2026-03-09T09:45:06Z,2026-01-27,32,SF,26.3938
2026-03-09T09:45:06Z,2026-01-27,31,SF,28.7524
2026-03-09T09:45:06Z,2026-01-27,30,SF,29.4622
2026-03-09T09:45:06Z,2026-01-27,29,SF,29.6226
2026-03-09T09:45:06Z,2026-01-27,28,SF,29.0105
2026-03-09T09:45:06Z,2026-01-27,27,SF,29.5101
2026-03-09T09:45:06Z,2026-01-27,26,SF,28.9429
2026-03-09T09:45:06Z,2026-01-27,36,SF,22.5124
2026-03-09T09:45:06Z,2026-01-28,14,SF,13.5071
2026-03-09T09:45:06Z,2026-01-28,15,SF,13.499
2026-03-09T09:45:06Z,2026-01-28,16,SF,13.2407
2026-03-09T09:45:06Z,2026-01-28,21,SF,17.0996
2026-03-09T09:45:06Z,2026-01-28,18,SF,13.9005
2026-03-09T09:45:06Z,2026-01-28,19,SF,15.5336
2026-03-09T09:45:06Z,2026-01-28,20,SF,16.1438
2026-03-09T09:45:06Z,2026-01-28,13,SF,13.819
2026-03-09T09:45:06Z,2026-01-28,17,SF,12.614
2026-03-09T09:45:06Z,2026-01-28,12,SF,13.9128
2026-03-09T09:45:06Z,2026-01-28,6,SF,11.9227
2026-03-09T09:45:06Z,2026-01-28,10,SF,12.404
2026-03-09T09:45:06Z,2026-01-28,9,SF,12.639
2026-03-09T09:45:06Z,2026-01-28,8,SF,12.4295
2026-03-09T09:45:06Z,2026-01-28,7,SF,12.5083
2026-03-09T09:45:06Z,2026-01-28,5,SF,12.845
2026-03-09T09:45:06Z,2026-01-28,4,SF,13.0183
2026-03-09T09:45:06Z,2026-01-28,3,SF,13.0653
2026-03-09T09:45:06Z,2026-01-28,2,SF,13.1569
2026-03-09T09:45:06Z,2026-01-28,1,SF,13.4599
2026-03-09T09:45:06Z,2026-01-28,22,SF,18.0124
2026-03-09T09:45:06Z,2026-01-28,11,SF,13.7053
2026-03-09T09:45:06Z,2026-01-28,23,SF,18.341
2026-03-09T09:45:06Z,2026-01-28,24,SF,19.264
2026-03-09T09:45:06Z,2026-01-28,25,SF,19.4457
2026-03-09T09:45:06Z,2026-01-28,47,SF,15.2047
2026-03-09T09:45:06Z,2026-01-28,46,SF,15.8205
2026-03-09T09:45:06Z,2026-01-28,45,SF,14.8221
2026-03-09T09:45:06Z,2026-01-28,44,SF,14.272
2026-03-09T09:45:06Z,2026-01-28,43,SF,14.6451
2026-03-09T09:45:06Z,2026-01-28,42,SF,14.2818
2026-03-09T09:45:06Z,2026-01-28,48,SF,14.9164
2026-03-09T09:45:06Z,2026-01-28,40,SF,14.6579
2026-03-09T09:45:06Z,2026-01-28,39,SF,14.6048
2026-03-09T09:45:06Z,2026-01-28,38,SF,13.8118
2026-03-09T09:45:06Z,2026-01-28,37,SF,14.0342
2026-03-09T09:45:06Z,2026-01-28,41,SF,13.7243
2026-03-09T09:45:06Z,2026-01-28,35,SF,11.2728
2026-03-09T09:45:06Z,2026-01-28,34,SF,10.7356
2026-03-09T09:45:06Z,2026-01-28,33,SF,10.5549
2026-03-09T09:45:06Z,2026-01-28,32,SF,12.677
2026-03-09T09:45:06Z,2026-01-28,31,SF,12.005
2026-03-09T09:45:06Z,2026-01-28,30,SF,12.5632
2026-03-09T09:45:06Z,2026-01-28,29,SF,12.2763
2026-03-09T09:45:06Z,2026-01-28,28,SF,13.996
2026-03-09T09:45:06Z,2026-01-28,27,SF,15.0181
2026-03-09T09:45:06Z,2026-01-28,26,SF,18.6844
2026-03-09T09:45:06Z,2026-01-28,36,SF,13.0492
2026-03-09T09:45:06Z,2026-01-29,13,SF,19.8248
2026-03-09T09:45:06Z,2026-01-29,14,SF,20.4029
2026-03-09T09:45:06Z,2026-01-29,15,SF,19.4652
2026-03-09T09:45:06Z,2026-01-29,16,SF,20.6566
2026-03-09T09:45:06Z,2026-01-29,21,SF,28.8996
2026-03-09T09:45:06Z,2026-01-29,18,SF,22.1482
2026-03-09T09:45:06Z,2026-01-29,19,SF,23.3651
2026-03-09T09:45:06Z,2026-01-29,20,SF,25.5487
2026-03-09T09:45:06Z,2026-01-29,17,SF,20.3108
2026-03-09T09:45:06Z,2026-01-29,12,SF,20.0911
2026-03-09T09:45:06Z,2026-01-29,1,SF,22.0289
2026-03-09T09:45:06Z,2026-01-29,10,SF,20.671
2026-03-09T09:45:06Z,2026-01-29,9,SF,21.0477
2026-03-09T09:45:06Z,2026-01-29,8,SF,20.9653
2026-03-09T09:45:06Z,2026-01-29,7,SF,20.9353
2026-03-09T09:45:06Z,2026-01-29,6,SF,21.0314
2026-03-09T09:45:06Z,2026-01-29,5,SF,20.8315
2026-03-09T09:45:06Z,2026-01-29,4,SF,20.8745
2026-03-09T09:45:06Z,2026-01-29,3,SF,20.4202
2026-03-09T09:45:06Z,2026-01-29,2,SF,21.1781
2026-03-09T09:45:06Z,2026-01-29,22,SF,29.7268
2026-03-09T09:45:06Z,2026-01-29,11,SF,20.3494
2026-03-09T09:45:06Z,2026-01-29,23,SF,27.9135
2026-03-09T09:45:06Z,2026-01-29,36,SF,22.6622
2026-03-09T09:45:06Z,2026-01-29,25,SF,28.2668
2026-03-09T09:45:06Z,2026-01-29,48,SF,22.3515
2026-03-09T09:45:06Z,2026-01-29,47,SF,22.3021
2026-03-09T09:45:06Z,2026-01-29,46,SF,22.5377
2026-03-09T09:45:06Z,2026-01-29,45,SF,22.2167
2026-03-09T09:45:06Z,2026-01-29,44,SF,22.0515
2026-03-09T09:45:06Z,2026-01-29,43,SF,21.694
2026-03-09T09:45:06Z,2026-01-29,42,SF,22.7814
2026-03-09T09:45:06Z,2026-01-29,41,SF,23.1708
2026-03-09T09:45:06Z,2026-01-29,40,SF,23.1893
2026-03-09T09:45:06Z,2026-01-29,39,SF,24.0633
2026-03-09T09:45:06Z,2026-01-29,38,SF,24.0542
2026-03-09T09:45:06Z,2026-01-29,24,SF,27.7703
2026-03-09T09:45:06Z,2026-01-29,35,SF,22.6209
2026-03-09T09:45:06Z,2026-01-29,34,SF,22.0678
2026-03-09T09:45:06Z,2026-01-29,33,SF,22.2775
2026-03-09T09:45:06Z,2026-01-29,32,SF,21.6749
2026-03-09T09:45:06Z,2026-01-29,31,SF,22.1345
2026-03-09T09:45:06Z,2026-01-29,30,SF,24.2979
2026-03-09T09:45:06Z,2026-01-29,29,SF,25.7655
2026-03-09T09:45:06Z,2026-01-29,28,SF,27.2094
2026-03-09T09:45:06Z,2026-01-29,27,SF,26.5159
2026-03-09T09:45:06Z,2026-01-29,26,SF,28.5566
2026-03-09T09:45:06Z,2026-01-29,37,SF,23.3135
2026-03-09T09:45:06Z,2026-01-30,14,SF,16.2601
2026-03-09T09:45:06Z,2026-01-30,15,SF,15.8158
2026-03-09T09:45:06Z,2026-01-30,16,SF,15.9123
2026-03-09T09:45:06Z,2026-01-30,21,SF,20.9869
2026-03-09T09:45:06Z,2026-01-30,18,SF,17.2134
2026-03-09T09:45:06Z,2026-01-30,19,SF,17.7018
2026-03-09T09:45:06Z,2026-01-30,20,SF,18.6966
2026-03-09T09:45:06Z,2026-01-30,13,SF,16.1042
2026-03-09T09:45:06Z,2026-01-30,17,SF,16.5102
2026-03-09T09:45:06Z,2026-01-30,12,SF,16.5504
2026-03-09T09:45:06Z,2026-01-30,6,SF,17.3894
2026-03-09T09:45:06Z,2026-01-30,10,SF,17.2353
2026-03-09T09:45:06Z,2026-01-30,9,SF,16.9984
2026-03-09T09:45:06Z,2026-01-30,8,SF,17.6377
2026-03-09T09:45:06Z,2026-01-30,7,SF,17.4417
2026-03-09T09:45:06Z,2026-01-30,5,SF,16.7599
2026-03-09T09:45:06Z,2026-01-30,4,SF,17.0613
2026-03-09T09:45:06Z,2026-01-30,3,SF,17.6984
2026-03-09T09:45:06Z,2026-01-30,2,SF,18.5079
2026-03-09T09:45:06Z,2026-01-30,1,SF,19.0727
2026-03-09T09:45:06Z,2026-01-30,22,SF,21.3969
2026-03-09T09:45:06Z,2026-01-30,11,SF,16.7189
2026-03-09T09:45:06Z,2026-01-30,23,SF,22.5255
2026-03-09T09:45:06Z,2026-01-30,24,SF,23.07
2026-03-09T09:45:06Z,2026-01-30,25,SF,23.4528
2026-03-09T09:45:06Z,2026-01-30,47,SF,20.9969
2026-03-09T09:45:06Z,2026-01-30,46,SF,20.5976
2026-03-09T09:45:06Z,2026-01-30,45,SF,21.3732
2026-03-09T09:45:06Z,2026-01-30,44,SF,22.3882
2026-03-09T09:45:06Z,2026-01-30,43,SF,21.4949
2026-03-09T09:45:06Z,2026-01-30,42,SF,21.4072
2026-03-09T09:45:06Z,2026-01-30,48,SF,20.5426
2026-03-09T09:45:06Z,2026-01-30,40,SF,21.3563
2026-03-09T09:45:06Z,2026-01-30,39,SF,21.7579
2026-03-09T09:45:06Z,2026-01-30,38,SF,22.5912
2026-03-09T09:45:06Z,2026-01-30,37,SF,21.5715
2026-03-09T09:45:06Z,2026-01-30,41,SF,20.6678
2026-03-09T09:45:06Z,2026-01-30,35,SF,20.4015
2026-03-09T09:45:06Z,2026-01-30,34,SF,21.3108
2026-03-09T09:45:06Z,2026-01-30,33,SF,21.4718
2026-03-09T09:45:06Z,2026-01-30,32,SF,21.983
2026-03-09T09:45:06Z,2026-01-30,31,SF,22.8535
2026-03-09T09:45:06Z,2026-01-30,30,SF,22.8404
2026-03-09T09:45:06Z,2026-01-30,29,SF,23.3064
2026-03-09T09:45:06Z,2026-01-30,28,SF,24.0515
2026-03-09T09:45:06Z,2026-01-30,27,SF,24.7499
2026-03-09T09:45:06Z,2026-01-30,26,SF,24.2197
2026-03-09T09:45:06Z,2026-01-30,36,SF,21.1036
2026-03-09T09:45:06Z,2026-01-31,13,SF,16.7387
2026-03-09T09:45:06Z,2026-01-31,14,SF,16.2365
2026-03-09T09:45:06Z,2026-01-31,15,SF,16.2377
2026-03-09T09:45:06Z,2026-01-31,16,SF,16.5545
2026-03-09T09:45:06Z,2026-01-31,21,SF,20.8133
2026-03-09T09:45:06Z,2026-01-31,18,SF,18.7304
2026-03-09T09:45:06Z,2026-01-31,19,SF,19.7715
2026-03-09T09:45:06Z,2026-01-31,20,SF,21.4305
2026-03-09T09:45:06Z,2026-01-31,17,SF,17.5299
2026-03-09T09:45:06Z,2026-01-31,12,SF,17.0862
2026-03-09T09:45:06Z,2026-01-31,1,SF,18.9268
2026-03-09T09:45:06Z,2026-01-31,10,SF,17.4245
2026-03-09T09:45:06Z,2026-01-31,9,SF,16.847
2026-03-09T09:45:06Z,2026-01-31,8,SF,17.9213
2026-03-09T09:45:06Z,2026-01-31,7,SF,18.2865
2026-03-09T09:45:06Z,2026-01-31,6,SF,17.9606
2026-03-09T09:45:06Z,2026-01-31,5,SF,18.933
2026-03-09T09:45:06Z,2026-01-31,4,SF,19.1403
2026-03-09T09:45:06Z,2026-01-31,3,SF,19.5487
2026-03-09T09:45:06Z,2026-01-31,2,SF,19.3574
2026-03-09T09:45:06Z,2026-01-31,22,SF,21.7926
2026-03-09T09:45:06Z,2026-01-31,11,SF,17.4423
2026-03-09T09:45:06Z,2026-01-31,23,SF,21.686
2026-03-09T09:45:06Z,2026-01-31,36,SF,13.0966
2026-03-09T09:45:06Z,2026-01-31,25,SF,22.709
2026-03-09T09:45:06Z,2026-01-31,48,SF,12.5953
2026-03-09T09:45:06Z,2026-01-31,47,SF,12.4563
2026-03-09T09:45:06Z,2026-01-31,46,SF,13.0582
2026-03-09T09:45:06Z,2026-01-31,45,SF,12.7141
2026-03-09T09:45:06Z,2026-01-31,44,SF,12.5517
2026-03-09T09:45:06Z,2026-01-31,43,SF,12.9689
2026-03-09T09:45:06Z,2026-01-31,24,SF,22.2884
2026-03-09T09:45:06Z,2026-01-31,41,SF,13.4328
2026-03-09T09:45:06Z,2026-01-31,40,SF,13.2883
2026-03-09T09:45:06Z,2026-01-31,39,SF,13.0163
2026-03-09T09:45:06Z,2026-01-31,38,SF,12.9641
2026-03-09T09:45:06Z,2026-01-31,42,SF,13.2098
2026-03-09T09:45:06Z,2026-01-31,35,SF,12.9696
2026-03-09T09:45:06Z,2026-01-31,34,SF,13.6341
2026-03-09T09:45:06Z,2026-01-31,33,SF,14.2964
2026-03-09T09:45:06Z,2026-01-31,32,SF,16.005
2026-03-09T09:45:06Z,2026-01-31,31,SF,17.141
2026-03-09T09:45:06Z,2026-01-31,30,SF,19.1854
2026-03-09T09:45:06Z,2026-01-31,29,SF,19.8376
2026-03-09T09:45:06Z,2026-01-31,28,SF,21.3542
2026-03-09T09:45:06Z,2026-01-31,27,SF,21.1381
2026-03-09T09:45:06Z,2026-01-31,26,SF,20.407
2026-03-09T09:45:06Z,2026-01-31,37,SF,13.2167
2026-03-09T09:45:06Z,2026-02-01,14,SF,11.242
2026-03-09T09:45:06Z,2026-02-01,15,SF,12.0954
2026-03-09T09:45:06Z,2026-02-01,16,SF,11.4631
2026-03-09T09:45:06Z,2026-02-01,17,SF,11.4171
2026-03-09T09:45:06Z,2026-02-01,22,SF,13.0816
2026-03-09T09:45:06Z,2026-02-01,19,SF,12.5118
2026-03-09T09:45:06Z,2026-02-01,20,SF,13.1763
2026-03-09T09:45:06Z,2026-02-01,21,SF,13.6126
2026-03-09T09:45:06Z,2026-02-01,18,SF,11.8721
2026-03-09T09:45:06Z,2026-02-01,13,SF,10.7608
2026-03-09T09:45:06Z,2026-02-01,2,SF,10.7842
2026-03-09T09:45:06Z,2026-02-01,11,SF,10.1514
2026-03-09T09:45:06Z,2026-02-01,10,SF,10.2824
2026-03-09T09:45:06Z,2026-02-01,9,SF,10.3792
2026-03-09T09:45:06Z,2026-02-01,8,SF,10.4289
2026-03-09T09:45:06Z,2026-02-01,7,SF,10.6286
2026-03-09T09:45:06Z,2026-02-01,6,SF,10.0622
2026-03-09T09:45:06Z,2026-02-01,5,SF,9.6269
2026-03-09T09:45:06Z,2026-02-01,4,SF,10.1998
2026-03-09T09:45:06Z,2026-02-01,3,SF,10.8068
2026-03-09T09:45:06Z,2026-02-01,23,SF,13.3122
2026-03-09T09:45:06Z,2026-02-01,12,SF,10.2688
2026-03-09T09:45:06Z,2026-02-01,24,SF,12.9556
2026-03-09T09:45:06Z,2026-02-01,36,SF,10.9836
2026-03-09T09:45:06Z,2026-02-01,26,SF,8.8495
2026-03-09T09:45:06Z,2026-02-01,48,SF,7.2799
2026-03-09T09:45:06Z,2026-02-01,47,SF,7.5809
2026-03-09T09:45:06Z,2026-02-01,46,SF,8.8749
2026-03-09T09:45:06Z,2026-02-01,45,SF,8.917
2026-03-09T09:45:06Z,2026-02-01,44,SF,9.3014
2026-03-09T09:45:06Z,2026-02-01,43,SF,9.4554
2026-03-09T09:45:06Z,2026-02-01,42,SF,9.6777
2026-03-09T09:45:06Z,2026-02-01,41,SF,10.0156
2026-03-09T09:45:06Z,2026-02-01,40,SF,10.5279
2026-03-09T09:45:06Z,2026-02-01,39,SF,10.9335
2026-03-09T09:45:06Z,2026-02-01,38,SF,12.0863
2026-03-09T09:45:06Z,2026-02-01,37,SF,11.067
2026-03-09T09:45:06Z,2026-02-01,35,SF,10.9077
2026-03-09T09:45:06Z,2026-02-01,34,SF,11.6331
2026-03-09T09:45:06Z,2026-02-01,33,SF,14.1755
2026-03-09T09:45:06Z,2026-02-01,32,SF,15.5626
2026-03-09T09:45:06Z,2026-02-01,31,SF,13.1425
2026-03-09T09:45:06Z,2026-02-01,30,SF,14.1135
2026-03-09T09:45:06Z,2026-02-01,29,SF,12.6077
2026-03-09T09:45:06Z,2026-02-01,28,SF,8.0675
2026-03-09T09:45:06Z,2026-02-01,27,SF,8.4948
2026-03-09T09:45:06Z,2026-02-01,25,SF,8.8188
2026-03-09T09:45:06Z,2026-02-01,1,SF,10.9301
