spUTCTime,spClockTime,volume
2025-03-01 00:00:00+00:00,2025-03-01 00:00:00+00:00,-97.23740638888889
2025-03-01 00:30:00+00:00,2025-03-01 00:30:00+00:00,-0.9184931445868946
2025-03-01 01:00:00+00:00,2025-03-01 01:00:00+00:00,-119.1265939403652
2025-03-01 01:30:00+00:00,2025-03-01 01:30:00+00:00,-272.3719696969697
2025-03-01 02:00:00+00:00,2025-03-01 02:00:00+00:00,-185.45878623737374
2025-03-01 02:30:00+00:00,2025-03-01 02:30:00+00:00,-86.8625
2025-03-01 03:00:00+00:00,2025-03-01 03:00:00+00:00,-67.73270798059964
2025-03-01 03:30:00+00:00,2025-03-01 03:30:00+00:00,-98.03136682539683
2025-03-01 04:00:00+00:00,2025-03-01 04:00:00+00:00,29.209876832010583
2025-03-01 04:30:00+00:00,2025-03-01 04:30:00+00:00,10.150669861111112
2025-03-01 05:00:00+00:00,2025-03-01 05:00:00+00:00,-12.688902962962963
2025-03-01 05:30:00+00:00,2025-03-01 05:30:00+00:00,35.063562091503265
2025-03-01 06:00:00+00:00,2025-03-01 06:00:00+00:00,10.219469575163398
2025-03-01 06:30:00+00:00,2025-03-01 06:30:00+00:00,1.3542769874338625
2025-03-01 07:00:00+00:00,2025-03-01 07:00:00+00:00,-225.54549927910054
2025-03-01 07:30:00+00:00,2025-03-01 07:30:00+00:00,-109.70129166666666
2025-03-01 08:00:00+00:00,2025-03-01 08:00:00+00:00,17.166666666666668
2025-03-01 08:30:00+00:00,2025-03-01 08:30:00+00:00,-202.6091715277778
2025-03-01 09:00:00+00:00,2025-03-01 09:00:00+00:00,-151.57608771929824
2025-03-01 09:30:00+00:00,2025-03-01 09:30:00+00:00,-236.99507603174604
2025-03-01 10:00:00+00:00,2025-03-01 10:00:00+00:00,-194.00416666666666
2025-03-01 10:30:00+00:00,2025-03-01 10:30:00+00:00,-231.21944444444443
2025-03-01 11:00:00+00:00,2025-03-01 11:00:00+00:00,-18.31822222222222
2025-03-01 11:30:00+00:00,2025-03-01 11:30:00+00:00,-107.3149436111111
2025-03-01 12:00:00+00:00,2025-03-01 12:00:00+00:00,-378.07006035714284
2025-03-01 12:30:00+00:00,2025-03-01 12:30:00+00:00,-293.37941681856154
2025-03-01 13:00:00+00:00,2025-03-01 13:00:00+00:00,-100.97015994883041
2025-03-01 13:30:00+00:00,2025-03-01 13:30:00+00:00,49.50884777777778
2025-03-01 14:00:00+00:00,2025-03-01 14:00:00+00:00,-49.675756944444444
2025-03-01 14:30:00+00:00,2025-03-01 14:30:00+00:00,44.010737261904765
2025-03-01 15:00:00+00:00,2025-03-01 15:00:00+00:00,-95.64067521825397
2025-03-01 15:30:00+00:00,2025-03-01 15:30:00+00:00,-109.27410441666666
2025-03-01 16:00:00+00:00,2025-03-01 16:00:00+00:00,-83.1759028525641
2025-03-01 16:30:00+00:00,2025-03-01 16:30:00+00:00,10.327920476608186
2025-03-01 17:00:00+00:00,2025-03-01 17:00:00+00:00,-141.38636842105262
2025-03-01 17:30:00+00:00,2025-03-01 17:30:00+00:00,118.99061773504273
2025-03-01 18:00:00+00:00,2025-03-01 18:00:00+00:00,58.071983333333336
2025-03-01 18:30:00+00:00,2025-03-01 18:30:00+00:00,246.81436222222223
2025-03-01 19:00:00+00:00,2025-03-01 19:00:00+00:00,294.5555533333333
2025-03-01 19:30:00+00:00,2025-03-01 19:30:00+00:00,-15.940361527777778
2025-03-01 20:00:00+00:00,2025-03-01 20:00:00+00:00,-138.20625
2025-03-01 20:30:00+00:00,2025-03-01 20:30:00+00:00,-319.0433020192308
2025-03-01 21:00:00+00:00,2025-03-01 21:00:00+00:00,-162.01874495726497
2025-03-01 21:30:00+00:00,2025-03-01 21:30:00+00:00,-194.58242875
2025-03-01 22:00:00+00:00,2025-03-01 22:00:00+00:00,-89.69338320261438
2025-03-01 22:30:00+00:00,2025-03-01 22:30:00+00:00,-13.457771241830065
2025-03-01 23:00:00+00:00,2025-03-01 23:00:00+00:00,31.263345299223857
2025-03-01 23:30:00+00:00,2025-03-01 23:30:00+00:00,148.04640744949495
2025-03-02 00:00:00+00:00,2025-03-02 00:00:00+00:00,162.40701247053872
2025-03-02 00:30:00+00:00,2025-03-02 00:30:00+00:00,124.56017347222222
2025-03-02 01:00:00+00:00,2025-03-02 01:00:00+00:00,131.31587222222223
2025-03-02 01:30:00+00:00,2025-03-02 01:30:00+00:00,81.9586893939394
2025-03-02 02:00:00+00:00,2025-03-02 02:00:00+00:00,187.60036041388062
2025-03-02 02:30:00+00:00,2025-03-02 02:30:00+00:00,6.924723569023569
2025-03-02 03:00:00+00:00,2025-03-02 03:00:00+00:00,41.44499111111111
2025-03-02 03:30:00+00:00,2025-03-02 03:30:00+00:00,123.86435101851852
2025-03-02 04:00:00+00:00,2025-03-02 04:00:00+00:00,403.6074814814815
2025-03-02 04:30:00+00:00,2025-03-02 04:30:00+00:00,262.7839776190476
2025-03-02 05:00:00+00:00,2025-03-02 05:00:00+00:00,303.2663333333333
2025-03-02 05:30:00+00:00,2025-03-02 05:30:00+00:00,228.84449416666666
2025-03-02 06:00:00+00:00,2025-03-02 06:00:00+00:00,183.54666708333335
2025-03-02 06:30:00+00:00,2025-03-02 06:30:00+00:00,204.56809874799626
2025-03-02 07:00:00+00:00,2025-03-02 07:00:00+00:00,127.79635269960636
2025-03-02 07:30:00+00:00,2025-03-02 07:30:00+00:00,129.9910121825397
2025-03-02 08:00:00+00:00,2025-03-02 08:00:00+00:00,-53.823845516699734
2025-03-02 08:30:00+00:00,2025-03-02 08:30:00+00:00,-92.69818997252747
2025-03-02 09:00:00+00:00,2025-03-02 09:00:00+00:00,37.82451963662645
2025-03-02 09:30:00+00:00,2025-03-02 09:30:00+00:00,-7.004020004273504
2025-03-02 10:00:00+00:00,2025-03-02 10:00:00+00:00,-202.41939342864924
2025-03-02 10:30:00+00:00,2025-03-02 10:30:00+00:00,-100.26473206944445
2025-03-02 11:00:00+00:00,2025-03-02 11:00:00+00:00,211.0901617857143
2025-03-02 11:30:00+00:00,2025-03-02 11:30:00+00:00,54.020942090400084
2025-03-02 12:00:00+00:00,2025-03-02 12:00:00+00:00,18.273302675038053
2025-03-02 12:30:00+00:00,2025-03-02 12:30:00+00:00,-4.018403798633906
2025-03-02 13:00:00+00:00,2025-03-02 13:00:00+00:00,-359.39096930555553
2025-03-02 13:30:00+00:00,2025-03-02 13:30:00+00:00,-542.877413693287
2025-03-02 14:00:00+00:00,2025-03-02 14:00:00+00:00,-593.925
2025-03-02 14:30:00+00:00,2025-03-02 14:30:00+00:00,-310.46072595526385
2025-03-02 15:00:00+00:00,2025-03-02 15:00:00+00:00,294.60267735958485
2025-03-02 15:30:00+00:00,2025-03-02 15:30:00+00:00,554.9193674063912
2025-03-02 16:00:00+00:00,2025-03-02 16:00:00+00:00,525.3072591867855
2025-03-02 16:30:00+00:00,2025-03-02 16:30:00+00:00,675.7093283628058
2025-03-02 17:00:00+00:00,2025-03-02 17:00:00+00:00,755.7269884377778
2025-03-02 17:30:00+00:00,2025-03-02 17:30:00+00:00,611.2001580555556
2025-03-02 18:00:00+00:00,2025-03-02 18:00:00+00:00,298.9293363789021
2025-03-02 18:30:00+00:00,2025-03-02 18:30:00+00:00,443.6095125
2025-03-02 19:00:00+00:00,2025-03-02 19:00:00+00:00,247.83628441498317
2025-03-02 19:30:00+00:00,2025-03-02 19:30:00+00:00,316.04214732905984
2025-03-02 20:00:00+00:00,2025-03-02 20:00:00+00:00,472.42344444444444
2025-03-02 20:30:00+00:00,2025-03-02 20:30:00+00:00,524.3712401640702
2025-03-02 21:00:00+00:00,2025-03-02 21:00:00+00:00,344.3770513625614
2025-03-02 21:30:00+00:00,2025-03-02 21:30:00+00:00,85.68558563676467
2025-03-02 22:00:00+00:00,2025-03-02 22:00:00+00:00,-202.8751642694091
2025-03-02 22:30:00+00:00,2025-03-02 22:30:00+00:00,-111.63560190196078
2025-03-02 23:00:00+00:00,2025-03-02 23:00:00+00:00,111.29967675108932
2025-03-02 23:30:00+00:00,2025-03-02 23:30:00+00:00,-89.11406692700818
2025-03-03 00:00:00+00:00,2025-03-03 00:00:00+00:00,-102.80571048280423
2025-03-03 00:30:00+00:00,2025-03-03 00:30:00+00:00,9.195932268518519
2025-03-03 01:00:00+00:00,2025-03-03 01:00:00+00:00,138.35666666666665
2025-03-03 01:30:00+00:00,2025-03-03 01:30:00+00:00,241.69274166666668
2025-03-03 02:00:00+00:00,2025-03-03 02:00:00+00:00,189.5365549259259
2025-03-03 02:30:00+00:00,2025-03-03 02:30:00+00:00,229.06125087218336
2025-03-03 03:00:00+00:00,2025-03-03 03:00:00+00:00,145.49615433333332
2025-03-03 03:30:00+00:00,2025-03-03 03:30:00+00:00,-81.623651497114
2025-03-03 04:00:00+00:00,2025-03-03 04:00:00+00:00,-245.15588346277906
2025-03-03 04:30:00+00:00,2025-03-03 04:30:00+00:00,36.84402232899237
2025-03-03 05:00:00+00:00,2025-03-03 05:00:00+00:00,581.3490265990462
2025-03-03 05:30:00+00:00,2025-03-03 05:30:00+00:00,197.88207758708603
2025-03-03 06:00:00+00:00,2025-03-03 06:00:00+00:00,-157.63644254473306
2025-03-03 06:30:00+00:00,2025-03-03 06:30:00+00:00,203.238380211113
2025-03-03 07:00:00+00:00,2025-03-03 07:00:00+00:00,94.34552784722223
2025-03-03 07:30:00+00:00,2025-03-03 07:30:00+00:00,12.994451527777779
2025-03-03 08:00:00+00:00,2025-03-03 08:00:00+00:00,-140.86971509511784
2025-03-03 08:30:00+00:00,2025-03-03 08:30:00+00:00,-338.0922225
2025-03-03 09:00:00+00:00,2025-03-03 09:00:00+00:00,27.20926641725352
2025-03-03 09:30:00+00:00,2025-03-03 09:30:00+00:00,-208.99202152777778
2025-03-03 10:00:00+00:00,2025-03-03 10:00:00+00:00,-323.8015761322464
2025-03-03 10:30:00+00:00,2025-03-03 10:30:00+00:00,-62.10127824275362
2025-03-03 11:00:00+00:00,2025-03-03 11:00:00+00:00,-22.123481622574957
2025-03-03 11:30:00+00:00,2025-03-03 11:30:00+00:00,-567.5184282539683
2025-03-03 12:00:00+00:00,2025-03-03 12:00:00+00:00,-666.1392793055555
2025-03-03 12:30:00+00:00,2025-03-03 12:30:00+00:00,-340.2271111111111
2025-03-03 13:00:00+00:00,2025-03-03 13:00:00+00:00,-535.6452883760684
2025-03-03 13:30:00+00:00,2025-03-03 13:30:00+00:00,-667.5192361111111
2025-03-03 14:00:00+00:00,2025-03-03 14:00:00+00:00,-400.5982222222222
2025-03-03 14:30:00+00:00,2025-03-03 14:30:00+00:00,-403.2066464336206
2025-03-03 15:00:00+00:00,2025-03-03 15:00:00+00:00,-206.07007142857142
2025-03-03 15:30:00+00:00,2025-03-03 15:30:00+00:00,-396.9916588744589
2025-03-03 16:00:00+00:00,2025-03-03 16:00:00+00:00,-253.33248414862913
2025-03-03 16:30:00+00:00,2025-03-03 16:30:00+00:00,215.76955106003473
2025-03-03 17:00:00+00:00,2025-03-03 17:00:00+00:00,160.95758763071896
2025-03-03 17:30:00+00:00,2025-03-03 17:30:00+00:00,365.37592896464645
2025-03-03 18:00:00+00:00,2025-03-03 18:00:00+00:00,557.3494053315106
2025-03-03 18:30:00+00:00,2025-03-03 18:30:00+00:00,201.9845394736842
2025-03-03 19:00:00+00:00,2025-03-03 19:00:00+00:00,-42.81780601851852
2025-03-03 19:30:00+00:00,2025-03-03 19:30:00+00:00,-39.423167641182566
2025-03-03 20:00:00+00:00,2025-03-03 20:00:00+00:00,-86.23931302706552
2025-03-03 20:30:00+00:00,2025-03-03 20:30:00+00:00,-220.1625547222222
2025-03-03 21:00:00+00:00,2025-03-03 21:00:00+00:00,-128.38264357001665
2025-03-03 21:30:00+00:00,2025-03-03 21:30:00+00:00,-245.94649625
2025-03-03 22:00:00+00:00,2025-03-03 22:00:00+00:00,-437.35479487179487
2025-03-03 22:30:00+00:00,2025-03-03 22:30:00+00:00,-270.97813871406373
2025-03-03 23:00:00+00:00,2025-03-03 23:00:00+00:00,-213.61646333333334
2025-03-03 23:30:00+00:00,2025-03-03 23:30:00+00:00,-34.29296794261294
2025-03-04 00:00:00+00:00,2025-03-04 00:00:00+00:00,-184.3580240873016
2025-03-04 00:30:00+00:00,2025-03-04 00:30:00+00:00,203.2347436080586
2025-03-04 01:00:00+00:00,2025-03-04 01:00:00+00:00,36.683155376984125
2025-03-04 01:30:00+00:00,2025-03-04 01:30:00+00:00,-117.98274708333334
2025-03-04 02:00:00+00:00,2025-03-04 02:00:00+00:00,-230.47857083333332
2025-03-04 02:30:00+00:00,2025-03-04 02:30:00+00:00,-31.656140277777777
2025-03-04 03:00:00+00:00,2025-03-04 03:00:00+00:00,-122.96999041756838
2025-03-04 03:30:00+00:00,2025-03-04 03:30:00+00:00,-204.93823780432263
2025-03-04 04:00:00+00:00,2025-03-04 04:00:00+00:00,59.44900861619076
2025-03-04 04:30:00+00:00,2025-03-04 04:30:00+00:00,-15.81323375
2025-03-04 05:00:00+00:00,2025-03-04 05:00:00+00:00,67.56739298433048
2025-03-04 05:30:00+00:00,2025-03-04 05:30:00+00:00,245.92770317195232
2025-03-04 06:00:00+00:00,2025-03-04 06:00:00+00:00,705.849194469697
2025-03-04 06:30:00+00:00,2025-03-04 06:30:00+00:00,896.4020696241258
2025-03-04 07:00:00+00:00,2025-03-04 07:00:00+00:00,319.50114910487514
2025-03-04 07:30:00+00:00,2025-03-04 07:30:00+00:00,259.3071449622926
2025-03-04 08:00:00+00:00,2025-03-04 08:00:00+00:00,-403.13827019335514
2025-03-04 08:30:00+00:00,2025-03-04 08:30:00+00:00,-548.0258177119478
2025-03-04 09:00:00+00:00,2025-03-04 09:00:00+00:00,-398.8990185830707
2025-03-04 09:30:00+00:00,2025-03-04 09:30:00+00:00,-84.40377701495336
2025-03-04 10:00:00+00:00,2025-03-04 10:00:00+00:00,84.63571608225108
2025-03-04 10:30:00+00:00,2025-03-04 10:30:00+00:00,-412.3465906370146
2025-03-04 11:00:00+00:00,2025-03-04 11:00:00+00:00,-417.1431185515873
2025-03-04 11:30:00+00:00,2025-03-04 11:30:00+00:00,-338.1988809841629
2025-03-04 12:00:00+00:00,2025-03-04 12:00:00+00:00,-291.91260347934474
2025-03-04 12:30:00+00:00,2025-03-04 12:30:00+00:00,-499.9744201851852
2025-03-04 13:00:00+00:00,2025-03-04 13:00:00+00:00,-488.69431574074076
2025-03-04 13:30:00+00:00,2025-03-04 13:30:00+00:00,-659.6840297222222
2025-03-04 14:00:00+00:00,2025-03-04 14:00:00+00:00,-663.977554171147
2025-03-04 14:30:00+00:00,2025-03-04 14:30:00+00:00,-848.8707185793313
2025-03-04 15:00:00+00:00,2025-03-04 15:00:00+00:00,-559.1264471365233
2025-03-04 15:30:00+00:00,2025-03-04 15:30:00+00:00,-336.5318407531484
2025-03-04 16:00:00+00:00,2025-03-04 16:00:00+00:00,-214.64090117541258
2025-03-04 16:30:00+00:00,2025-03-04 16:30:00+00:00,-150.41526896848754
2025-03-04 17:00:00+00:00,2025-03-04 17:00:00+00:00,72.46786043650793
2025-03-04 17:30:00+00:00,2025-03-04 17:30:00+00:00,429.7458934972849
2025-03-04 18:00:00+00:00,2025-03-04 18:00:00+00:00,392.4148090256133
2025-03-04 18:30:00+00:00,2025-03-04 18:30:00+00:00,636.85590748446
2025-03-04 19:00:00+00:00,2025-03-04 19:00:00+00:00,445.3536004145299
2025-03-04 19:30:00+00:00,2025-03-04 19:30:00+00:00,462.2718691363212
2025-03-04 20:00:00+00:00,2025-03-04 20:00:00+00:00,200.1141361706349
2025-03-04 20:30:00+00:00,2025-03-04 20:30:00+00:00,23.344921103763888
2025-03-04 21:00:00+00:00,2025-03-04 21:00:00+00:00,80.32903775873527
2025-03-04 21:30:00+00:00,2025-03-04 21:30:00+00:00,-15.194918372189154
2025-03-04 22:00:00+00:00,2025-03-04 22:00:00+00:00,-128.23279047765007
2025-03-04 22:30:00+00:00,2025-03-04 22:30:00+00:00,-376.87966453680014
2025-03-04 23:00:00+00:00,2025-03-04 23:00:00+00:00,-539.0238952461423
2025-03-04 23:30:00+00:00,2025-03-04 23:30:00+00:00,-501.32260168650794
2025-03-05 00:00:00+00:00,2025-03-05 00:00:00+00:00,-386.7658603009259
2025-03-05 00:30:00+00:00,2025-03-05 00:30:00+00:00,-397.22791333333333
2025-03-05 01:00:00+00:00,2025-03-05 01:00:00+00:00,-407.7640983991452
2025-03-05 01:30:00+00:00,2025-03-05 01:30:00+00:00,-551.9685018774014
2025-03-05 02:00:00+00:00,2025-03-05 02:00:00+00:00,-372.41771805555555
2025-03-05 02:30:00+00:00,2025-03-05 02:30:00+00:00,-177.85749055555556
2025-03-05 03:00:00+00:00,2025-03-05 03:00:00+00:00,-430.1961797222222
2025-03-05 03:30:00+00:00,2025-03-05 03:30:00+00:00,-316.31206210858585
2025-03-05 04:00:00+00:00,2025-03-05 04:00:00+00:00,-93.4214097723927
2025-03-05 04:30:00+00:00,2025-03-05 04:30:00+00:00,-228.97991459632303
2025-03-05 05:00:00+00:00,2025-03-05 05:00:00+00:00,14.100214402584738
2025-03-05 05:30:00+00:00,2025-03-05 05:30:00+00:00,50.603404163759215
2025-03-05 06:00:00+00:00,2025-03-05 06:00:00+00:00,35.03969326334069
2025-03-05 06:30:00+00:00,2025-03-05 06:30:00+00:00,402.05825272907646
2025-03-05 07:00:00+00:00,2025-03-05 07:00:00+00:00,700.0602647730681
2025-03-05 07:30:00+00:00,2025-03-05 07:30:00+00:00,1170.6477889087303
2025-03-05 08:00:00+00:00,2025-03-05 08:00:00+00:00,750.3221583889667
2025-03-05 08:30:00+00:00,2025-03-05 08:30:00+00:00,783.6748404599567
2025-03-05 09:00:00+00:00,2025-03-05 09:00:00+00:00,555.9800161075036
2025-03-05 09:30:00+00:00,2025-03-05 09:30:00+00:00,185.6832394949495
2025-03-05 10:00:00+00:00,2025-03-05 10:00:00+00:00,-164.66763368145743
2025-03-05 10:30:00+00:00,2025-03-05 10:30:00+00:00,-208.16788021825397
2025-03-05 11:00:00+00:00,2025-03-05 11:00:00+00:00,-270.58759087301587
2025-03-05 11:30:00+00:00,2025-03-05 11:30:00+00:00,-730.4317406944444
2025-03-05 12:00:00+00:00,2025-03-05 12:00:00+00:00,-798.2360625
2025-03-05 12:30:00+00:00,2025-03-05 12:30:00+00:00,-872.3952335960167
2025-03-05 13:00:00+00:00,2025-03-05 13:00:00+00:00,-968.0895000198412
2025-03-05 13:30:00+00:00,2025-03-05 13:30:00+00:00,-1068.0054210632245
2025-03-05 14:00:00+00:00,2025-03-05 14:00:00+00:00,-751.5107877275636
2025-03-05 14:30:00+00:00,2025-03-05 14:30:00+00:00,-699.5657018279835
2025-03-05 15:00:00+00:00,2025-03-05 15:00:00+00:00,-290.58732457991977
2025-03-05 15:30:00+00:00,2025-03-05 15:30:00+00:00,-177.53494398140865
2025-03-05 16:00:00+00:00,2025-03-05 16:00:00+00:00,-376.7442324252137
2025-03-05 16:30:00+00:00,2025-03-05 16:30:00+00:00,-46.46805706649832
2025-03-05 17:00:00+00:00,2025-03-05 17:00:00+00:00,-4.7477543055555556
2025-03-05 17:30:00+00:00,2025-03-05 17:30:00+00:00,163.7964786111111
2025-03-05 18:00:00+00:00,2025-03-05 18:00:00+00:00,378.6044440909091
2025-03-05 18:30:00+00:00,2025-03-05 18:30:00+00:00,516.8082368055556
2025-03-05 19:00:00+00:00,2025-03-05 19:00:00+00:00,13.049490081845239
2025-03-05 19:30:00+00:00,2025-03-05 19:30:00+00:00,-195.8550734920635
2025-03-05 20:00:00+00:00,2025-03-05 20:00:00+00:00,-499.29172109126984
2025-03-05 20:30:00+00:00,2025-03-05 20:30:00+00:00,-401.9503946395259
2025-03-05 21:00:00+00:00,2025-03-05 21:00:00+00:00,-87.99417373015874
2025-03-05 21:30:00+00:00,2025-03-05 21:30:00+00:00,123.2267608275815
2025-03-05 22:00:00+00:00,2025-03-05 22:00:00+00:00,-339.5453424761504
2025-03-05 22:30:00+00:00,2025-03-05 22:30:00+00:00,-509.56288172138045
2025-03-05 23:00:00+00:00,2025-03-05 23:00:00+00:00,-285.8010135648148
2025-03-05 23:30:00+00:00,2025-03-05 23:30:00+00:00,-251.03941124798712
2025-03-06 00:00:00+00:00,2025-03-06 00:00:00+00:00,-214.90671070683857
2025-03-06 00:30:00+00:00,2025-03-06 00:30:00+00:00,216.4459826658409
2025-03-06 01:00:00+00:00,2025-03-06 01:00:00+00:00,8.27645231971701
2025-03-06 01:30:00+00:00,2025-03-06 01:30:00+00:00,494.0073286484335
2025-03-06 02:00:00+00:00,2025-03-06 02:00:00+00:00,-18.891768975200538
2025-03-06 02:30:00+00:00,2025-03-06 02:30:00+00:00,468.5076750333819
2025-03-06 03:00:00+00:00,2025-03-06 03:00:00+00:00,272.8360303098958
2025-03-06 03:30:00+00:00,2025-03-06 03:30:00+00:00,639.6277777777777
2025-03-06 04:00:00+00:00,2025-03-06 04:00:00+00:00,363.19024967592594
2025-03-06 04:30:00+00:00,2025-03-06 04:30:00+00:00,471.29437875190695
2025-03-06 05:00:00+00:00,2025-03-06 05:00:00+00:00,845.7608223999309
2025-03-06 05:30:00+00:00,2025-03-06 05:30:00+00:00,1060.4457861721612
2025-03-06 06:00:00+00:00,2025-03-06 06:00:00+00:00,559.3334272520243
2025-03-06 06:30:00+00:00,2025-03-06 06:30:00+00:00,1187.0061028192008
2025-03-06 07:00:00+00:00,2025-03-06 07:00:00+00:00,1328.5064768518519
2025-03-06 07:30:00+00:00,2025-03-06 07:30:00+00:00,1349.5075570036765
2025-03-06 08:00:00+00:00,2025-03-06 08:00:00+00:00,1419.2743452380953
2025-03-06 08:30:00+00:00,2025-03-06 08:30:00+00:00,676.1212519444445
2025-03-06 09:00:00+00:00,2025-03-06 09:00:00+00:00,414.4223061111111
2025-03-06 09:30:00+00:00,2025-03-06 09:30:00+00:00,361.2994
2025-03-06 10:00:00+00:00,2025-03-06 10:00:00+00:00,372.1015698611111
2025-03-06 10:30:00+00:00,2025-03-06 10:30:00+00:00,146.49777006493505
2025-03-06 11:00:00+00:00,2025-03-06 11:00:00+00:00,321.3086305867743
2025-03-06 11:30:00+00:00,2025-03-06 11:30:00+00:00,-179.9875822234941
2025-03-06 12:00:00+00:00,2025-03-06 12:00:00+00:00,-91.0644284920635
2025-03-06 12:30:00+00:00,2025-03-06 12:30:00+00:00,-156.4597910858586
2025-03-06 13:00:00+00:00,2025-03-06 13:00:00+00:00,-244.27570122863247
2025-03-06 13:30:00+00:00,2025-03-06 13:30:00+00:00,-194.79588948565325
2025-03-06 14:00:00+00:00,2025-03-06 14:00:00+00:00,-47.94550938808643
2025-03-06 14:30:00+00:00,2025-03-06 14:30:00+00:00,78.80683097726465
2025-03-06 15:00:00+00:00,2025-03-06 15:00:00+00:00,263.3343792709425
2025-03-06 15:30:00+00:00,2025-03-06 15:30:00+00:00,86.88390835349738
2025-03-06 16:00:00+00:00,2025-03-06 16:00:00+00:00,138.37995898736037
2025-03-06 16:30:00+00:00,2025-03-06 16:30:00+00:00,211.52871994227993
2025-03-06 17:00:00+00:00,2025-03-06 17:00:00+00:00,142.72274311150724
2025-03-06 17:30:00+00:00,2025-03-06 17:30:00+00:00,532.9745857760503
2025-03-06 18:00:00+00:00,2025-03-06 18:00:00+00:00,525.7087786794671
2025-03-06 18:30:00+00:00,2025-03-06 18:30:00+00:00,735.2829597293447
2025-03-06 19:00:00+00:00,2025-03-06 19:00:00+00:00,308.4586848888889
2025-03-06 19:30:00+00:00,2025-03-06 19:30:00+00:00,84.54360235909823
2025-03-06 20:00:00+00:00,2025-03-06 20:00:00+00:00,-36.534653967745214
2025-03-06 20:30:00+00:00,2025-03-06 20:30:00+00:00,-365.5645444428751
2025-03-06 21:00:00+00:00,2025-03-06 21:00:00+00:00,-414.57029845938376
2025-03-06 21:30:00+00:00,2025-03-06 21:30:00+00:00,-302.0185496809835
2025-03-06 22:00:00+00:00,2025-03-06 22:00:00+00:00,-318.9619080687831
2025-03-06 22:30:00+00:00,2025-03-06 22:30:00+00:00,-795.0269563888888
2025-03-06 23:00:00+00:00,2025-03-06 23:00:00+00:00,-542.2267777777778
2025-03-06 23:30:00+00:00,2025-03-06 23:30:00+00:00,-571.5225898403559
2025-03-07 00:00:00+00:00,2025-03-07 00:00:00+00:00,-833.9144995238056
2025-03-07 00:30:00+00:00,2025-03-07 00:30:00+00:00,-554.1165015546595
2025-03-07 01:00:00+00:00,2025-03-07 01:00:00+00:00,-509.4689964157706
2025-03-07 01:30:00+00:00,2025-03-07 01:30:00+00:00,-540.0203853046595
2025-03-07 02:00:00+00:00,2025-03-07 02:00:00+00:00,-399.00047514592933
2025-03-07 02:30:00+00:00,2025-03-07 02:30:00+00:00,-105.10441308243728
2025-03-07 03:00:00+00:00,2025-03-07 03:00:00+00:00,74.46389221083788
2025-03-07 03:30:00+00:00,2025-03-07 03:30:00+00:00,134.03415300546447
2025-03-07 04:00:00+00:00,2025-03-07 04:00:00+00:00,-49.0637274078341
2025-03-07 04:30:00+00:00,2025-03-07 04:30:00+00:00,-47.91248009999958
2025-03-07 05:00:00+00:00,2025-03-07 05:00:00+00:00,108.34228526809449
2025-03-07 05:30:00+00:00,2025-03-07 05:30:00+00:00,55.98916838069338
2025-03-07 06:00:00+00:00,2025-03-07 06:00:00+00:00,162.6698129655067
2025-03-07 06:30:00+00:00,2025-03-07 06:30:00+00:00,34.608439431195904
2025-03-07 07:00:00+00:00,2025-03-07 07:00:00+00:00,27.55576572777778
2025-03-07 07:30:00+00:00,2025-03-07 07:30:00+00:00,-12.140463472222223
2025-03-07 08:00:00+00:00,2025-03-07 08:00:00+00:00,-75.41760375
2025-03-07 08:30:00+00:00,2025-03-07 08:30:00+00:00,-68.05013138888889
2025-03-07 09:00:00+00:00,2025-03-07 09:00:00+00:00,107.00216518518519
2025-03-07 09:30:00+00:00,2025-03-07 09:30:00+00:00,16.664492546296298
2025-03-07 10:00:00+00:00,2025-03-07 10:00:00+00:00,130.32060185185185
2025-03-07 10:30:00+00:00,2025-03-07 10:30:00+00:00,120.8
2025-03-07 11:00:00+00:00,2025-03-07 11:00:00+00:00,249.3679425
2025-03-07 11:30:00+00:00,2025-03-07 11:30:00+00:00,99.28333430555556
2025-03-07 12:00:00+00:00,2025-03-07 12:00:00+00:00,3.316666765873016
2025-03-07 12:30:00+00:00,2025-03-07 12:30:00+00:00,45.41785708333333
2025-03-07 13:00:00+00:00,2025-03-07 13:00:00+00:00,-25.245238650793652
2025-03-07 13:30:00+00:00,2025-03-07 13:30:00+00:00,-122.99140059523809
2025-03-07 14:00:00+00:00,2025-03-07 14:00:00+00:00,-152.5816682986111
2025-03-07 14:30:00+00:00,2025-03-07 14:30:00+00:00,-405.8832876984127
2025-03-07 15:00:00+00:00,2025-03-07 15:00:00+00:00,-41.252
2025-03-07 15:30:00+00:00,2025-03-07 15:30:00+00:00,-159.2707148015873
2025-03-07 16:00:00+00:00,2025-03-07 16:00:00+00:00,20.08132811204482
2025-03-07 16:30:00+00:00,2025-03-07 16:30:00+00:00,86.70902777777778
2025-03-07 17:00:00+00:00,2025-03-07 17:00:00+00:00,241.65883333333332
2025-03-07 17:30:00+00:00,2025-03-07 17:30:00+00:00,169.99165958333333
2025-03-07 18:00:00+00:00,2025-03-07 18:00:00+00:00,60.24583333333333
2025-03-07 18:30:00+00:00,2025-03-07 18:30:00+00:00,-44.19375
2025-03-07 19:00:00+00:00,2025-03-07 19:00:00+00:00,58.36372688492064
2025-03-07 19:30:00+00:00,2025-03-07 19:30:00+00:00,-119.77658728264791
2025-03-07 20:00:00+00:00,2025-03-07 20:00:00+00:00,-5.290809523809524
2025-03-07 20:30:00+00:00,2025-03-07 20:30:00+00:00,-136.5691111111111
2025-03-07 21:00:00+00:00,2025-03-07 21:00:00+00:00,-524.8025155967506
2025-03-07 21:30:00+00:00,2025-03-07 21:30:00+00:00,-480.48448183760684
2025-03-07 22:00:00+00:00,2025-03-07 22:00:00+00:00,-327.4738502457265
2025-03-07 22:30:00+00:00,2025-03-07 22:30:00+00:00,-443.0198443650794
2025-03-07 23:00:00+00:00,2025-03-07 23:00:00+00:00,-394.40665349640284
2025-03-07 23:30:00+00:00,2025-03-07 23:30:00+00:00,40.59673305860806
2025-03-08 00:00:00+00:00,2025-03-08 00:00:00+00:00,4.312491666666666
2025-03-08 00:30:00+00:00,2025-03-08 00:30:00+00:00,257.33931356837604
2025-03-08 01:00:00+00:00,2025-03-08 01:00:00+00:00,252.73104967948717
2025-03-08 01:30:00+00:00,2025-03-08 01:30:00+00:00,175.153409039898
2025-03-08 02:00:00+00:00,2025-03-08 02:00:00+00:00,29.505427436125967
2025-03-08 02:30:00+00:00,2025-03-08 02:30:00+00:00,80.13329124579124
2025-03-08 03:00:00+00:00,2025-03-08 03:00:00+00:00,1.064736224652254
2025-03-08 03:30:00+00:00,2025-03-08 03:30:00+00:00,225.9637757936508
2025-03-08 04:00:00+00:00,2025-03-08 04:00:00+00:00,312.44642857142856
2025-03-08 04:30:00+00:00,2025-03-08 04:30:00+00:00,292.48829319444445
2025-03-08 05:00:00+00:00,2025-03-08 05:00:00+00:00,128.429135
2025-03-08 05:30:00+00:00,2025-03-08 05:30:00+00:00,221.43333333333334
2025-03-08 06:00:00+00:00,2025-03-08 06:00:00+00:00,95.92899159663865
2025-03-08 06:30:00+00:00,2025-03-08 06:30:00+00:00,106.365
2025-03-08 07:00:00+00:00,2025-03-08 07:00:00+00:00,19.336923076923078
2025-03-08 07:30:00+00:00,2025-03-08 07:30:00+00:00,27.219485653235655
2025-03-08 08:00:00+00:00,2025-03-08 08:00:00+00:00,-79.2962223015873
2025-03-08 08:30:00+00:00,2025-03-08 08:30:00+00:00,-474.89142813958915
2025-03-08 09:00:00+00:00,2025-03-08 09:00:00+00:00,62.254114547991335
2025-03-08 09:30:00+00:00,2025-03-08 09:30:00+00:00,130.23789789681945
2025-03-08 10:00:00+00:00,2025-03-08 10:00:00+00:00,-107.43733333333333
2025-03-08 10:30:00+00:00,2025-03-08 10:30:00+00:00,-175.1796523076923
2025-03-08 11:00:00+00:00,2025-03-08 11:00:00+00:00,213.77335897435898
2025-03-08 11:30:00+00:00,2025-03-08 11:30:00+00:00,89.00833333333334
2025-03-08 12:00:00+00:00,2025-03-08 12:00:00+00:00,-140.979
2025-03-08 12:30:00+00:00,2025-03-08 12:30:00+00:00,-144.65000541666666
2025-03-08 13:00:00+00:00,2025-03-08 13:00:00+00:00,-397.13084856060607
2025-03-08 13:30:00+00:00,2025-03-08 13:30:00+00:00,-312.1256941666667
2025-03-08 14:00:00+00:00,2025-03-08 14:00:00+00:00,40.23334361111111
2025-03-08 14:30:00+00:00,2025-03-08 14:30:00+00:00,117.41666666666667
2025-03-08 15:00:00+00:00,2025-03-08 15:00:00+00:00,-56.75494133838384
2025-03-08 15:30:00+00:00,2025-03-08 15:30:00+00:00,-90.81127777777778
2025-03-08 16:00:00+00:00,2025-03-08 16:00:00+00:00,-191.0085263447972
2025-03-08 16:30:00+00:00,2025-03-08 16:30:00+00:00,99.89236378306879
2025-03-08 17:00:00+00:00,2025-03-08 17:00:00+00:00,-116.66785672619048
2025-03-08 17:30:00+00:00,2025-03-08 17:30:00+00:00,-12.571403101851852
2025-03-08 18:00:00+00:00,2025-03-08 18:00:00+00:00,-218.61710791666667
2025-03-08 18:30:00+00:00,2025-03-08 18:30:00+00:00,-155.58415593434344
2025-03-08 19:00:00+00:00,2025-03-08 19:00:00+00:00,-22.949125
2025-03-08 19:30:00+00:00,2025-03-08 19:30:00+00:00,-33.03194444444444
2025-03-08 20:00:00+00:00,2025-03-08 20:00:00+00:00,-105.3561875
2025-03-08 20:30:00+00:00,2025-03-08 20:30:00+00:00,-22.400210622710624
2025-03-08 21:00:00+00:00,2025-03-08 21:00:00+00:00,-264.4618370173226
2025-03-08 21:30:00+00:00,2025-03-08 21:30:00+00:00,-682.5342520600744
2025-03-08 22:00:00+00:00,2025-03-08 22:00:00+00:00,-465.6624189772216
2025-03-08 22:30:00+00:00,2025-03-08 22:30:00+00:00,-344.5463635761994
2025-03-08 23:00:00+00:00,2025-03-08 23:00:00+00:00,-323.9222210505698
2025-03-08 23:30:00+00:00,2025-03-08 23:30:00+00:00,-23.919538194444446
2025-03-09 00:00:00+00:00,2025-03-09 00:00:00+00:00,23.62658875
2025-03-09 00:30:00+00:00,2025-03-09 00:30:00+00:00,122.08595833333334
2025-03-09 01:00:00+00:00,2025-03-09 01:00:00+00:00,79.43391666666666
2025-03-09 01:30:00+00:00,2025-03-09 01:30:00+00:00,63.10666666666667
2025-03-09 02:00:00+00:00,2025-03-09 02:00:00+00:00,200.18044444444445
2025-03-09 02:30:00+00:00,2025-03-09 02:30:00+00:00,-26.946444444444445
2025-03-09 03:00:00+00:00,2025-03-09 03:00:00+00:00,-138.22483333333332
2025-03-09 03:30:00+00:00,2025-03-09 03:30:00+00:00,-86.10875757575758
2025-03-09 04:00:00+00:00,2025-03-09 04:00:00+00:00,60.72178475544923
2025-03-09 04:30:00+00:00,2025-03-09 04:30:00+00:00,307.57045546558703
2025-03-09 05:00:00+00:00,2025-03-09 05:00:00+00:00,319.26666666666665
2025-03-09 05:30:00+00:00,2025-03-09 05:30:00+00:00,367.8611111111111
2025-03-09 06:00:00+00:00,2025-03-09 06:00:00+00:00,285.23571428571427
2025-03-09 06:30:00+00:00,2025-03-09 06:30:00+00:00,13.215674223901098
2025-03-09 07:00:00+00:00,2025-03-09 07:00:00+00:00,237.64491364508083
2025-03-09 07:30:00+00:00,2025-03-09 07:30:00+00:00,48.786790878901805
2025-03-09 08:00:00+00:00,2025-03-09 08:00:00+00:00,188.34185468304844
2025-03-09 08:30:00+00:00,2025-03-09 08:30:00+00:00,280.11666767857145
2025-03-09 09:00:00+00:00,2025-03-09 09:00:00+00:00,281.0416666666667
2025-03-09 09:30:00+00:00,2025-03-09 09:30:00+00:00,410.325
2025-03-09 10:00:00+00:00,2025-03-09 10:00:00+00:00,253.13666666666666
2025-03-09 10:30:00+00:00,2025-03-09 10:30:00+00:00,-42.428333333333335
2025-03-09 11:00:00+00:00,2025-03-09 11:00:00+00:00,-101.30596363095238
2025-03-09 11:30:00+00:00,2025-03-09 11:30:00+00:00,-294.79737974206347
2025-03-09 12:00:00+00:00,2025-03-09 12:00:00+00:00,-314.31666666666666
2025-03-09 12:30:00+00:00,2025-03-09 12:30:00+00:00,-263.95756425925924
2025-03-09 13:00:00+00:00,2025-03-09 13:00:00+00:00,-178.75939102564104
2025-03-09 13:30:00+00:00,2025-03-09 13:30:00+00:00,-191.9111111111111
2025-03-09 14:00:00+00:00,2025-03-09 14:00:00+00:00,-366.7625396825397
2025-03-09 14:30:00+00:00,2025-03-09 14:30:00+00:00,-413.8914987698413
2025-03-09 15:00:00+00:00,2025-03-09 15:00:00+00:00,-360.6203703703704
2025-03-09 15:30:00+00:00,2025-03-09 15:30:00+00:00,-48.98670271445477
2025-03-09 16:00:00+00:00,2025-03-09 16:00:00+00:00,-129.53543956043956
2025-03-09 16:30:00+00:00,2025-03-09 16:30:00+00:00,84.61484694444445
2025-03-09 17:00:00+00:00,2025-03-09 17:00:00+00:00,-189.11277777777778
2025-03-09 17:30:00+00:00,2025-03-09 17:30:00+00:00,-6.477777777777778
2025-03-09 18:00:00+00:00,2025-03-09 18:00:00+00:00,-80.33300708333333
2025-03-09 18:30:00+00:00,2025-03-09 18:30:00+00:00,136.99617180555555
2025-03-09 19:00:00+00:00,2025-03-09 19:00:00+00:00,89.0753388888889
2025-03-09 19:30:00+00:00,2025-03-09 19:30:00+00:00,-87.59902722222222
2025-03-09 20:00:00+00:00,2025-03-09 20:00:00+00:00,216.96768679597702
2025-03-09 20:30:00+00:00,2025-03-09 20:30:00+00:00,169.33025
2025-03-09 21:00:00+00:00,2025-03-09 21:00:00+00:00,49.625998124416434
2025-03-09 21:30:00+00:00,2025-03-09 21:30:00+00:00,-249.0557607873899
2025-03-09 22:00:00+00:00,2025-03-09 22:00:00+00:00,-129.97511722222222
2025-03-09 22:30:00+00:00,2025-03-09 22:30:00+00:00,-354.8433388235294
2025-03-09 23:00:00+00:00,2025-03-09 23:00:00+00:00,-185.57788624708624
2025-03-09 23:30:00+00:00,2025-03-09 23:30:00+00:00,-256.9381666666667
2025-03-10 00:00:00+00:00,2025-03-10 00:00:00+00:00,-259.8944038888889
2025-03-10 00:30:00+00:00,2025-03-10 00:30:00+00:00,-209.35699331348147
2025-03-10 01:00:00+00:00,2025-03-10 01:00:00+00:00,-460.7017975595238
2025-03-10 01:30:00+00:00,2025-03-10 01:30:00+00:00,-386.0487473611111
2025-03-10 02:00:00+00:00,2025-03-10 02:00:00+00:00,-224.5714523611111
2025-03-10 02:30:00+00:00,2025-03-10 02:30:00+00:00,-136.65790384920635
2025-03-10 03:00:00+00:00,2025-03-10 03:00:00+00:00,-4.345655083943834
2025-03-10 03:30:00+00:00,2025-03-10 03:30:00+00:00,-116.54771771367521
2025-03-10 04:00:00+00:00,2025-03-10 04:00:00+00:00,119.2931553125
2025-03-10 04:30:00+00:00,2025-03-10 04:30:00+00:00,-173.60142041666666
2025-03-10 05:00:00+00:00,2025-03-10 05:00:00+00:00,80.99943531283247
2025-03-10 05:30:00+00:00,2025-03-10 05:30:00+00:00,-148.52259375
2025-03-10 06:00:00+00:00,2025-03-10 06:00:00+00:00,-152.11281910300926
2025-03-10 06:30:00+00:00,2025-03-10 06:30:00+00:00,59.572041666666664
2025-03-10 07:00:00+00:00,2025-03-10 07:00:00+00:00,-150.4053425
2025-03-10 07:30:00+00:00,2025-03-10 07:30:00+00:00,37.82071997151278
2025-03-10 08:00:00+00:00,2025-03-10 08:00:00+00:00,-457.6057951388889
2025-03-10 08:30:00+00:00,2025-03-10 08:30:00+00:00,-756.6162495299145
2025-03-10 09:00:00+00:00,2025-03-10 09:00:00+00:00,-671.5358983974359
2025-03-10 09:30:00+00:00,2025-03-10 09:30:00+00:00,-256.0948945019359
2025-03-10 10:00:00+00:00,2025-03-10 10:00:00+00:00,-89.74408299571706
2025-03-10 10:30:00+00:00,2025-03-10 10:30:00+00:00,-117.39885641036945
2025-03-10 11:00:00+00:00,2025-03-10 11:00:00+00:00,-427.607114266251
2025-03-10 11:30:00+00:00,2025-03-10 11:30:00+00:00,-487.08231680555554
2025-03-10 12:00:00+00:00,2025-03-10 12:00:00+00:00,-533.826682215909
2025-03-10 12:30:00+00:00,2025-03-10 12:30:00+00:00,-289.9387537829031
2025-03-10 13:00:00+00:00,2025-03-10 13:00:00+00:00,73.12665088162733
2025-03-10 13:30:00+00:00,2025-03-10 13:30:00+00:00,-179.57191420310778
2025-03-10 14:00:00+00:00,2025-03-10 14:00:00+00:00,-204.48684531445406
2025-03-10 14:30:00+00:00,2025-03-10 14:30:00+00:00,9.527693760405842
2025-03-10 15:00:00+00:00,2025-03-10 15:00:00+00:00,-164.06798475869743
2025-03-10 15:30:00+00:00,2025-03-10 15:30:00+00:00,-256.6118755783797
2025-03-10 16:00:00+00:00,2025-03-10 16:00:00+00:00,-329.07779677287584
2025-03-10 16:30:00+00:00,2025-03-10 16:30:00+00:00,-318.72802453705583
2025-03-10 17:00:00+00:00,2025-03-10 17:00:00+00:00,-451.29773578954223
2025-03-10 17:30:00+00:00,2025-03-10 17:30:00+00:00,281.46833919592393
2025-03-10 18:00:00+00:00,2025-03-10 18:00:00+00:00,152.2543899031008
2025-03-10 18:30:00+00:00,2025-03-10 18:30:00+00:00,261.69814461279464
2025-03-10 19:00:00+00:00,2025-03-10 19:00:00+00:00,-158.22336174242423
2025-03-10 19:30:00+00:00,2025-03-10 19:30:00+00:00,-149.2275
2025-03-10 20:00:00+00:00,2025-03-10 20:00:00+00:00,-68.36063660901056
2025-03-10 20:30:00+00:00,2025-03-10 20:30:00+00:00,167.42146726914186
2025-03-10 21:00:00+00:00,2025-03-10 21:00:00+00:00,116.61481481481482
2025-03-10 21:30:00+00:00,2025-03-10 21:30:00+00:00,70.59166666666667
2025-03-10 22:00:00+00:00,2025-03-10 22:00:00+00:00,-20.36602209776335
2025-03-10 22:30:00+00:00,2025-03-10 22:30:00+00:00,202.27699576599326
2025-03-10 23:00:00+00:00,2025-03-10 23:00:00+00:00,-10.1615997243266
2025-03-10 23:30:00+00:00,2025-03-10 23:30:00+00:00,-126.78715277777778
2025-03-11 00:00:00+00:00,2025-03-11 00:00:00+00:00,-470.28093434343435
2025-03-11 00:30:00+00:00,2025-03-11 00:30:00+00:00,-266.8121212121212
2025-03-11 01:00:00+00:00,2025-03-11 01:00:00+00:00,-82.70833333333333
2025-03-11 01:30:00+00:00,2025-03-11 01:30:00+00:00,-54.35
2025-03-11 02:00:00+00:00,2025-03-11 02:00:00+00:00,1.8882926785714285
2025-03-11 02:30:00+00:00,2025-03-11 02:30:00+00:00,31.783681186868687
2025-03-11 03:00:00+00:00,2025-03-11 03:00:00+00:00,48.78809523809524
2025-03-11 03:30:00+00:00,2025-03-11 03:30:00+00:00,-28.30838652281746
2025-03-11 04:00:00+00:00,2025-03-11 04:00:00+00:00,-238.60833333333332
2025-03-11 04:30:00+00:00,2025-03-11 04:30:00+00:00,-508.7690369246032
2025-03-11 05:00:00+00:00,2025-03-11 05:00:00+00:00,-756.6592830780331
2025-03-11 05:30:00+00:00,2025-03-11 05:30:00+00:00,-843.4034815088107
2025-03-11 06:00:00+00:00,2025-03-11 06:00:00+00:00,-580.5934114474236
2025-03-11 06:30:00+00:00,2025-03-11 06:30:00+00:00,-278.4898594711128
2025-03-11 07:00:00+00:00,2025-03-11 07:00:00+00:00,222.9290409808765
2025-03-11 07:30:00+00:00,2025-03-11 07:30:00+00:00,175.8013102004134
2025-03-11 08:00:00+00:00,2025-03-11 08:00:00+00:00,-428.84215219998526
2025-03-11 08:30:00+00:00,2025-03-11 08:30:00+00:00,-346.9023403053161
2025-03-11 09:00:00+00:00,2025-03-11 09:00:00+00:00,-273.64372434318557
2025-03-11 09:30:00+00:00,2025-03-11 09:30:00+00:00,-424.6354437068965
2025-03-11 10:00:00+00:00,2025-03-11 10:00:00+00:00,-842.3608083333334
2025-03-11 10:30:00+00:00,2025-03-11 10:30:00+00:00,-691.3416606083268
2025-03-11 11:00:00+00:00,2025-03-11 11:00:00+00:00,-729.7861111111112
2025-03-11 11:30:00+00:00,2025-03-11 11:30:00+00:00,-669.3320089296432
2025-03-11 12:00:00+00:00,2025-03-11 12:00:00+00:00,-431.35395880382777
2025-03-11 12:30:00+00:00,2025-03-11 12:30:00+00:00,-461.6941311033951
2025-03-11 13:00:00+00:00,2025-03-11 13:00:00+00:00,-59.579388888888886
2025-03-11 13:30:00+00:00,2025-03-11 13:30:00+00:00,15.63554761904762
2025-03-11 14:00:00+00:00,2025-03-11 14:00:00+00:00,266.85138293650795
2025-03-11 14:30:00+00:00,2025-03-11 14:30:00+00:00,-197.07572148148148
2025-03-11 15:00:00+00:00,2025-03-11 15:00:00+00:00,-347.2554602582846
2025-03-11 15:30:00+00:00,2025-03-11 15:30:00+00:00,-746.5581061070261
2025-03-11 16:00:00+00:00,2025-03-11 16:00:00+00:00,-814.731560476721
2025-03-11 16:30:00+00:00,2025-03-11 16:30:00+00:00,-563.6310338095238
2025-03-11 17:00:00+00:00,2025-03-11 17:00:00+00:00,-465.7232925
2025-03-11 17:30:00+00:00,2025-03-11 17:30:00+00:00,-243.85802051804166
2025-03-11 18:00:00+00:00,2025-03-11 18:00:00+00:00,131.61190675925926
2025-03-11 18:30:00+00:00,2025-03-11 18:30:00+00:00,171.73400483465608
2025-03-11 19:00:00+00:00,2025-03-11 19:00:00+00:00,979.4623102116067
2025-03-11 19:30:00+00:00,2025-03-11 19:30:00+00:00,987.8888886882715
2025-03-11 20:00:00+00:00,2025-03-11 20:00:00+00:00,430.28249363304093
2025-03-11 20:30:00+00:00,2025-03-11 20:30:00+00:00,108.3663620205832
2025-03-11 21:00:00+00:00,2025-03-11 21:00:00+00:00,-178.6983715410053
2025-03-11 21:30:00+00:00,2025-03-11 21:30:00+00:00,-49.34506847731194
2025-03-11 22:00:00+00:00,2025-03-11 22:00:00+00:00,234.74223665318272
2025-03-11 22:30:00+00:00,2025-03-11 22:30:00+00:00,66.95214186217946
2025-03-11 23:00:00+00:00,2025-03-11 23:00:00+00:00,-207.852627878
2025-03-11 23:30:00+00:00,2025-03-11 23:30:00+00:00,-218.4548939112949
2025-03-12 00:00:00+00:00,2025-03-12 00:00:00+00:00,-356.2386727020202
2025-03-12 00:30:00+00:00,2025-03-12 00:30:00+00:00,-405.06632138888887
2025-03-12 01:00:00+00:00,2025-03-12 01:00:00+00:00,-137.0921740705128
2025-03-12 01:30:00+00:00,2025-03-12 01:30:00+00:00,-458.09305289529914
2025-03-12 02:00:00+00:00,2025-03-12 02:00:00+00:00,-437.2948498139881
2025-03-12 02:30:00+00:00,2025-03-12 02:30:00+00:00,-260.9089256914382
2025-03-12 03:00:00+00:00,2025-03-12 03:00:00+00:00,-296.8265999669312
2025-03-12 03:30:00+00:00,2025-03-12 03:30:00+00:00,-214.6676507936508
2025-03-12 04:00:00+00:00,2025-03-12 04:00:00+00:00,85.81621428571428
2025-03-12 04:30:00+00:00,2025-03-12 04:30:00+00:00,-271.2393398989899
2025-03-12 05:00:00+00:00,2025-03-12 05:00:00+00:00,-514.9687986709332
2025-03-12 05:30:00+00:00,2025-03-12 05:30:00+00:00,-713.4931281746032
2025-03-12 06:00:00+00:00,2025-03-12 06:00:00+00:00,-617.7906558779762
2025-03-12 06:30:00+00:00,2025-03-12 06:30:00+00:00,-160.55134370526696
2025-03-12 07:00:00+00:00,2025-03-12 07:00:00+00:00,-26.54738472727273
2025-03-12 07:30:00+00:00,2025-03-12 07:30:00+00:00,380.44241309276447
2025-03-12 08:00:00+00:00,2025-03-12 08:00:00+00:00,380.4958515277778
2025-03-12 08:30:00+00:00,2025-03-12 08:30:00+00:00,114.50772581619769
2025-03-12 09:00:00+00:00,2025-03-12 09:00:00+00:00,28.444980949900792
2025-03-12 09:30:00+00:00,2025-03-12 09:30:00+00:00,-108.30968067460317
2025-03-12 10:00:00+00:00,2025-03-12 10:00:00+00:00,-229.41999958333332
2025-03-12 10:30:00+00:00,2025-03-12 10:30:00+00:00,-41.51982784404806
2025-03-12 11:00:00+00:00,2025-03-12 11:00:00+00:00,360.7038295480263
2025-03-12 11:30:00+00:00,2025-03-12 11:30:00+00:00,184.24920654040403
2025-03-12 12:00:00+00:00,2025-03-12 12:00:00+00:00,-45.44796526296483
2025-03-12 12:30:00+00:00,2025-03-12 12:30:00+00:00,154.376365640681
2025-03-12 13:00:00+00:00,2025-03-12 13:00:00+00:00,335.4043621479193
2025-03-12 13:30:00+00:00,2025-03-12 13:30:00+00:00,305.35396464646465
2025-03-12 14:00:00+00:00,2025-03-12 14:00:00+00:00,293.2875587703105
2025-03-12 14:30:00+00:00,2025-03-12 14:30:00+00:00,-85.17960163471936
2025-03-12 15:00:00+00:00,2025-03-12 15:00:00+00:00,-320.7084951175945
2025-03-12 15:30:00+00:00,2025-03-12 15:30:00+00:00,-422.36616055103667
2025-03-12 16:00:00+00:00,2025-03-12 16:00:00+00:00,-650.800125905144
2025-03-12 16:30:00+00:00,2025-03-12 16:30:00+00:00,-464.54606174603174
2025-03-12 17:00:00+00:00,2025-03-12 17:00:00+00:00,-417.81410416666665
2025-03-12 17:30:00+00:00,2025-03-12 17:30:00+00:00,-52.68854638888889
2025-03-12 18:00:00+00:00,2025-03-12 18:00:00+00:00,-47.11581629251701
2025-03-12 18:30:00+00:00,2025-03-12 18:30:00+00:00,1.8091909970238096
2025-03-12 19:00:00+00:00,2025-03-12 19:00:00+00:00,109.46589947222222
2025-03-12 19:30:00+00:00,2025-03-12 19:30:00+00:00,-36.91243055555555
2025-03-12 20:00:00+00:00,2025-03-12 20:00:00+00:00,-154.50414833333335
2025-03-12 20:30:00+00:00,2025-03-12 20:30:00+00:00,-20.01207401190476
2025-03-12 21:00:00+00:00,2025-03-12 21:00:00+00:00,-122.28741313574736
2025-03-12 21:30:00+00:00,2025-03-12 21:30:00+00:00,-48.185055310354386
2025-03-12 22:00:00+00:00,2025-03-12 22:00:00+00:00,-164.62653153439155
2025-03-12 22:30:00+00:00,2025-03-12 22:30:00+00:00,-172.92615587332958
2025-03-12 23:00:00+00:00,2025-03-12 23:00:00+00:00,-305.982142754329
2025-03-12 23:30:00+00:00,2025-03-12 23:30:00+00:00,-175.94918347222222
2025-03-13 00:00:00+00:00,2025-03-13 00:00:00+00:00,-314.93606652777777
2025-03-13 00:30:00+00:00,2025-03-13 00:30:00+00:00,-62.31243240740741
2025-03-13 01:00:00+00:00,2025-03-13 01:00:00+00:00,-201.82096362040133
2025-03-13 01:30:00+00:00,2025-03-13 01:30:00+00:00,-322.39333119893314
2025-03-13 02:00:00+00:00,2025-03-13 02:00:00+00:00,-234.91027313849858
2025-03-13 02:30:00+00:00,2025-03-13 02:30:00+00:00,-231.79487135701274
2025-03-13 03:00:00+00:00,2025-03-13 03:00:00+00:00,-117.64197462664278
2025-03-13 03:30:00+00:00,2025-03-13 03:30:00+00:00,-59.89899525641026
2025-03-13 04:00:00+00:00,2025-03-13 04:00:00+00:00,-219.68182189062878
2025-03-13 04:30:00+00:00,2025-03-13 04:30:00+00:00,-381.4943131384819
2025-03-13 05:00:00+00:00,2025-03-13 05:00:00+00:00,-387.057534268299
2025-03-13 05:30:00+00:00,2025-03-13 05:30:00+00:00,-225.9917969469971
2025-03-13 06:00:00+00:00,2025-03-13 06:00:00+00:00,552.3789666750209
2025-03-13 06:30:00+00:00,2025-03-13 06:30:00+00:00,615.7374570410628
2025-03-13 07:00:00+00:00,2025-03-13 07:00:00+00:00,702.5314659126984
2025-03-13 07:30:00+00:00,2025-03-13 07:30:00+00:00,548.5093471332372
2025-03-13 08:00:00+00:00,2025-03-13 08:00:00+00:00,-404.77493541093924
2025-03-13 08:30:00+00:00,2025-03-13 08:30:00+00:00,-158.14830586080586
2025-03-13 09:00:00+00:00,2025-03-13 09:00:00+00:00,-531.2849746085859
2025-03-13 09:30:00+00:00,2025-03-13 09:30:00+00:00,-397.1068867243867
2025-03-13 10:00:00+00:00,2025-03-13 10:00:00+00:00,-293.8917317625661
2025-03-13 10:30:00+00:00,2025-03-13 10:30:00+00:00,-352.24551282051283
2025-03-13 11:00:00+00:00,2025-03-13 11:00:00+00:00,-261.0033306254677
2025-03-13 11:30:00+00:00,2025-03-13 11:30:00+00:00,-26.952407222222224
2025-03-13 12:00:00+00:00,2025-03-13 12:00:00+00:00,-86.75624944444445
2025-03-13 12:30:00+00:00,2025-03-13 12:30:00+00:00,-266.6833870967742
2025-03-13 13:00:00+00:00,2025-03-13 13:00:00+00:00,-261.5319060986057
2025-03-13 13:30:00+00:00,2025-03-13 13:30:00+00:00,-8.302939516900363
2025-03-13 14:00:00+00:00,2025-03-13 14:00:00+00:00,-187.15394265232976
2025-03-13 14:30:00+00:00,2025-03-13 14:30:00+00:00,-609.678070172171
2025-03-13 15:00:00+00:00,2025-03-13 15:00:00+00:00,-63.01196531929735
2025-03-13 15:30:00+00:00,2025-03-13 15:30:00+00:00,-112.05430107526881
2025-03-13 16:00:00+00:00,2025-03-13 16:00:00+00:00,-83.98660892952046
2025-03-13 16:30:00+00:00,2025-03-13 16:30:00+00:00,154.26626976457788
2025-03-13 17:00:00+00:00,2025-03-13 17:00:00+00:00,-95.81410258699634
2025-03-13 17:30:00+00:00,2025-03-13 17:30:00+00:00,99.14870305555556
2025-03-13 18:00:00+00:00,2025-03-13 18:00:00+00:00,55.683168888888886
2025-03-13 18:30:00+00:00,2025-03-13 18:30:00+00:00,157.29266654846336
2025-03-13 19:00:00+00:00,2025-03-13 19:00:00+00:00,128.5663585911799
2025-03-13 19:30:00+00:00,2025-03-13 19:30:00+00:00,200.55833333333334
2025-03-13 20:00:00+00:00,2025-03-13 20:00:00+00:00,36.166666666666664
2025-03-13 20:30:00+00:00,2025-03-13 20:30:00+00:00,-67.66507291666667
2025-03-13 21:00:00+00:00,2025-03-13 21:00:00+00:00,-6.345031944444444
2025-03-13 21:30:00+00:00,2025-03-13 21:30:00+00:00,-64.03738591269841
2025-03-13 22:00:00+00:00,2025-03-13 22:00:00+00:00,-81.26111044973545
2025-03-13 22:30:00+00:00,2025-03-13 22:30:00+00:00,-66.40405621693122
2025-03-13 23:00:00+00:00,2025-03-13 23:00:00+00:00,98.58374074074074
2025-03-13 23:30:00+00:00,2025-03-13 23:30:00+00:00,-38.437882025382024
2025-03-14 00:00:00+00:00,2025-03-14 00:00:00+00:00,143.5848468864727
2025-03-14 00:30:00+00:00,2025-03-14 00:30:00+00:00,88.97079402777777
2025-03-14 01:00:00+00:00,2025-03-14 01:00:00+00:00,-50.906864444444444
2025-03-14 01:30:00+00:00,2025-03-14 01:30:00+00:00,-154.9378179834055
2025-03-14 02:00:00+00:00,2025-03-14 02:00:00+00:00,29.48248207070707
2025-03-14 02:30:00+00:00,2025-03-14 02:30:00+00:00,82.02658077380953
2025-03-14 03:00:00+00:00,2025-03-14 03:00:00+00:00,-103.40747702380952
2025-03-14 03:30:00+00:00,2025-03-14 03:30:00+00:00,-68.77683333333333
2025-03-14 04:00:00+00:00,2025-03-14 04:00:00+00:00,167.58742891244316
2025-03-14 04:30:00+00:00,2025-03-14 04:30:00+00:00,-55.88399031352598
2025-03-14 05:00:00+00:00,2025-03-14 05:00:00+00:00,394.1157819017094
2025-03-14 05:30:00+00:00,2025-03-14 05:30:00+00:00,70.59221666666667
2025-03-14 06:00:00+00:00,2025-03-14 06:00:00+00:00,-17.53410861111111
2025-03-14 06:30:00+00:00,2025-03-14 06:30:00+00:00,263.5545002777778
2025-03-14 07:00:00+00:00,2025-03-14 07:00:00+00:00,105.79771305555556
2025-03-14 07:30:00+00:00,2025-03-14 07:30:00+00:00,414.7062697222222
2025-03-14 08:00:00+00:00,2025-03-14 08:00:00+00:00,214.71250375
2025-03-14 08:30:00+00:00,2025-03-14 08:30:00+00:00,204.02906785714285
2025-03-14 09:00:00+00:00,2025-03-14 09:00:00+00:00,501.61168767857146
2025-03-14 09:30:00+00:00,2025-03-14 09:30:00+00:00,256.16176972222223
2025-03-14 10:00:00+00:00,2025-03-14 10:00:00+00:00,8.349578194444444
2025-03-14 10:30:00+00:00,2025-03-14 10:30:00+00:00,-262.1957321518351
2025-03-14 11:00:00+00:00,2025-03-14 11:00:00+00:00,-589.9464218885689
2025-03-14 11:30:00+00:00,2025-03-14 11:30:00+00:00,-360.1632585470085
2025-03-14 12:00:00+00:00,2025-03-14 12:00:00+00:00,-128.89463575396826
2025-03-14 12:30:00+00:00,2025-03-14 12:30:00+00:00,53.23049375
2025-03-14 13:00:00+00:00,2025-03-14 13:00:00+00:00,-1.8357780555555556
2025-03-14 13:30:00+00:00,2025-03-14 13:30:00+00:00,-128.93504365079366
2025-03-14 14:00:00+00:00,2025-03-14 14:00:00+00:00,-25.06929246031746
2025-03-14 14:30:00+00:00,2025-03-14 14:30:00+00:00,-43.94490476190476
2025-03-14 15:00:00+00:00,2025-03-14 15:00:00+00:00,32.39440384615384
2025-03-14 15:30:00+00:00,2025-03-14 15:30:00+00:00,141.12971296296297
2025-03-14 16:00:00+00:00,2025-03-14 16:00:00+00:00,-77.52305393518519
2025-03-14 16:30:00+00:00,2025-03-14 16:30:00+00:00,182.97575
2025-03-14 17:00:00+00:00,2025-03-14 17:00:00+00:00,3.6846666666666668
2025-03-14 17:30:00+00:00,2025-03-14 17:30:00+00:00,-59.03214285714286
2025-03-14 18:00:00+00:00,2025-03-14 18:00:00+00:00,35.41286466269841
2025-03-14 18:30:00+00:00,2025-03-14 18:30:00+00:00,-3.2560719841269843
2025-03-14 19:00:00+00:00,2025-03-14 19:00:00+00:00,93.99440642857142
2025-03-14 19:30:00+00:00,2025-03-14 19:30:00+00:00,77.42448441137566
2025-03-14 20:00:00+00:00,2025-03-14 20:00:00+00:00,-29.68289083333333
2025-03-14 20:30:00+00:00,2025-03-14 20:30:00+00:00,-65.34882042328043
2025-03-14 21:00:00+00:00,2025-03-14 21:00:00+00:00,79.9601535485348
2025-03-14 21:30:00+00:00,2025-03-14 21:30:00+00:00,-351.27605071224633
2025-03-14 22:00:00+00:00,2025-03-14 22:00:00+00:00,-4.228407676767676
2025-03-14 22:30:00+00:00,2025-03-14 22:30:00+00:00,-72.1165732070707
2025-03-14 23:00:00+00:00,2025-03-14 23:00:00+00:00,-15.536576407407408
2025-03-14 23:30:00+00:00,2025-03-14 23:30:00+00:00,-83.46073227693603
2025-03-15 00:00:00+00:00,2025-03-15 00:00:00+00:00,268.842297979798
2025-03-15 00:30:00+00:00,2025-03-15 00:30:00+00:00,250.765873015873
2025-03-15 01:00:00+00:00,2025-03-15 01:00:00+00:00,129.55238111111112
2025-03-15 01:30:00+00:00,2025-03-15 01:30:00+00:00,-150.42473484848486
2025-03-15 02:00:00+00:00,2025-03-15 02:00:00+00:00,-62.42402777777778
2025-03-15 02:30:00+00:00,2025-03-15 02:30:00+00:00,-237.38694444444445
2025-03-15 03:00:00+00:00,2025-03-15 03:00:00+00:00,-152.39212715389186
2025-03-15 03:30:00+00:00,2025-03-15 03:30:00+00:00,-17.342323274144157
2025-03-15 04:00:00+00:00,2025-03-15 04:00:00+00:00,-109.49166666666666
2025-03-15 04:30:00+00:00,2025-03-15 04:30:00+00:00,-174.99119138528138
2025-03-15 05:00:00+00:00,2025-03-15 05:00:00+00:00,15.605951178451178
2025-03-15 05:30:00+00:00,2025-03-15 05:30:00+00:00,27.199231900584795
2025-03-15 06:00:00+00:00,2025-03-15 06:00:00+00:00,-10.19286616161616
2025-03-15 06:30:00+00:00,2025-03-15 06:30:00+00:00,-10.246386946386947
2025-03-15 07:00:00+00:00,2025-03-15 07:00:00+00:00,-46.958333333333336
2025-03-15 07:30:00+00:00,2025-03-15 07:30:00+00:00,-117.98596256684492
2025-03-15 08:00:00+00:00,2025-03-15 08:00:00+00:00,-147.48717740384615
2025-03-15 08:30:00+00:00,2025-03-15 08:30:00+00:00,-163.25000416666666
2025-03-15 09:00:00+00:00,2025-03-15 09:00:00+00:00,-375.9659722222222
2025-03-15 09:30:00+00:00,2025-03-15 09:30:00+00:00,-438.927801729798
2025-03-15 10:00:00+00:00,2025-03-15 10:00:00+00:00,-376.7890873015873
2025-03-15 10:30:00+00:00,2025-03-15 10:30:00+00:00,-346.66039682539684
2025-03-15 11:00:00+00:00,2025-03-15 11:00:00+00:00,-498.1625
2025-03-15 11:30:00+00:00,2025-03-15 11:30:00+00:00,-502.8436507936508
2025-03-15 12:00:00+00:00,2025-03-15 12:00:00+00:00,-148.85106074481075
2025-03-15 12:30:00+00:00,2025-03-15 12:30:00+00:00,-31.2025
2025-03-15 13:00:00+00:00,2025-03-15 13:00:00+00:00,-392.6339452777778
2025-03-15 13:30:00+00:00,2025-03-15 13:30:00+00:00,-267.81433198412697
2025-03-15 14:00:00+00:00,2025-03-15 14:00:00+00:00,-312.328125
2025-03-15 14:30:00+00:00,2025-03-15 14:30:00+00:00,-468.74981112637363
2025-03-15 15:00:00+00:00,2025-03-15 15:00:00+00:00,-386.14877525252524
2025-03-15 15:30:00+00:00,2025-03-15 15:30:00+00:00,-540.4964902223239
2025-03-15 16:00:00+00:00,2025-03-15 16:00:00+00:00,-627.452017243266
2025-03-15 16:30:00+00:00,2025-03-15 16:30:00+00:00,-504.62232860385774
2025-03-15 17:00:00+00:00,2025-03-15 17:00:00+00:00,-406.0961455892256
2025-03-15 17:30:00+00:00,2025-03-15 17:30:00+00:00,57.11893939393939
2025-03-15 18:00:00+00:00,2025-03-15 18:00:00+00:00,8.141666666666667
2025-03-15 18:30:00+00:00,2025-03-15 18:30:00+00:00,39.078125
2025-03-15 19:00:00+00:00,2025-03-15 19:00:00+00:00,1.4126130952380953
2025-03-15 19:30:00+00:00,2025-03-15 19:30:00+00:00,-29.529455277777778
2025-03-15 20:00:00+00:00,2025-03-15 20:00:00+00:00,-74.02460507936507
2025-03-15 20:30:00+00:00,2025-03-15 20:30:00+00:00,-316.51666666666665
2025-03-15 21:00:00+00:00,2025-03-15 21:00:00+00:00,-162.5004835084541
2025-03-15 21:30:00+00:00,2025-03-15 21:30:00+00:00,-240.28592746008218
2025-03-15 22:00:00+00:00,2025-03-15 22:00:00+00:00,-19.363756613756614
2025-03-15 22:30:00+00:00,2025-03-15 22:30:00+00:00,-64.2641835016835
2025-03-15 23:00:00+00:00,2025-03-15 23:00:00+00:00,-55.30099
2025-03-15 23:30:00+00:00,2025-03-15 23:30:00+00:00,5.9907
2025-03-16 00:00:00+00:00,2025-03-16 00:00:00+00:00,-84.39253472222222
2025-03-16 00:30:00+00:00,2025-03-16 00:30:00+00:00,20.186374305555557
2025-03-16 01:00:00+00:00,2025-03-16 01:00:00+00:00,58.70865111111111
2025-03-16 01:30:00+00:00,2025-03-16 01:30:00+00:00,-268.4390046296296
2025-03-16 02:00:00+00:00,2025-03-16 02:00:00+00:00,-146.27916666666667
2025-03-16 02:30:00+00:00,2025-03-16 02:30:00+00:00,-145.79583333333332
2025-03-16 03:00:00+00:00,2025-03-16 03:00:00+00:00,-253.27090336134455
2025-03-16 03:30:00+00:00,2025-03-16 03:30:00+00:00,-116.0636574074074
2025-03-16 04:00:00+00:00,2025-03-16 04:00:00+00:00,-42.092592592592595
2025-03-16 04:30:00+00:00,2025-03-16 04:30:00+00:00,106.04123515873016
2025-03-16 05:00:00+00:00,2025-03-16 05:00:00+00:00,12.456746031746032
2025-03-16 05:30:00+00:00,2025-03-16 05:30:00+00:00,77.72797619047618
2025-03-16 06:00:00+00:00,2025-03-16 06:00:00+00:00,9.066666666666666
2025-03-16 06:30:00+00:00,2025-03-16 06:30:00+00:00,17.500833333333333
2025-03-16 07:00:00+00:00,2025-03-16 07:00:00+00:00,-222.2578472222222
2025-03-16 07:30:00+00:00,2025-03-16 07:30:00+00:00,-176.91087301587302
2025-03-16 08:00:00+00:00,2025-03-16 08:00:00+00:00,-190.6406746031746
2025-03-16 08:30:00+00:00,2025-03-16 08:30:00+00:00,-106.07446733821733
2025-03-16 09:00:00+00:00,2025-03-16 09:00:00+00:00,1.1716140782828284
2025-03-16 09:30:00+00:00,2025-03-16 09:30:00+00:00,-9.261634615384615
2025-03-16 10:00:00+00:00,2025-03-16 10:00:00+00:00,-76.97402014652015
2025-03-16 10:30:00+00:00,2025-03-16 10:30:00+00:00,-172.67440476190475
2025-03-16 11:00:00+00:00,2025-03-16 11:00:00+00:00,34.6404358974359
2025-03-16 11:30:00+00:00,2025-03-16 11:30:00+00:00,71.30833333333334
2025-03-16 12:00:00+00:00,2025-03-16 12:00:00+00:00,221.41384861111112
2025-03-16 12:30:00+00:00,2025-03-16 12:30:00+00:00,414.4443901388889
2025-03-16 13:00:00+00:00,2025-03-16 13:00:00+00:00,415.03826680555557
2025-03-16 13:30:00+00:00,2025-03-16 13:30:00+00:00,226.76299626984127
2025-03-16 14:00:00+00:00,2025-03-16 14:00:00+00:00,107.22434187996032
2025-03-16 14:30:00+00:00,2025-03-16 14:30:00+00:00,75.50711361111111
2025-03-16 15:00:00+00:00,2025-03-16 15:00:00+00:00,154.69385958333334
2025-03-16 15:30:00+00:00,2025-03-16 15:30:00+00:00,-110.22719298245615
2025-03-16 16:00:00+00:00,2025-03-16 16:00:00+00:00,-188.56527777777777
2025-03-16 16:30:00+00:00,2025-03-16 16:30:00+00:00,-41.647222222222226
2025-03-16 17:00:00+00:00,2025-03-16 17:00:00+00:00,52.11354166666667
2025-03-16 17:30:00+00:00,2025-03-16 17:30:00+00:00,108.61475619047619
2025-03-16 18:00:00+00:00,2025-03-16 18:00:00+00:00,304.9086046031746
2025-03-16 18:30:00+00:00,2025-03-16 18:30:00+00:00,-30.459027777777777
2025-03-16 19:00:00+00:00,2025-03-16 19:00:00+00:00,79.99448263888888
2025-03-16 19:30:00+00:00,2025-03-16 19:30:00+00:00,-114.6817075
2025-03-16 20:00:00+00:00,2025-03-16 20:00:00+00:00,36.40889226190476
2025-03-16 20:30:00+00:00,2025-03-16 20:30:00+00:00,-300.39142862783353
2025-03-16 21:00:00+00:00,2025-03-16 21:00:00+00:00,-331.51160868409005
2025-03-16 21:30:00+00:00,2025-03-16 21:30:00+00:00,-158.94029179761904
2025-03-16 22:00:00+00:00,2025-03-16 22:00:00+00:00,20.345244742063493
2025-03-16 22:30:00+00:00,2025-03-16 22:30:00+00:00,-153.16395479797978
2025-03-16 23:00:00+00:00,2025-03-16 23:00:00+00:00,-73.46873885653409
2025-03-16 23:30:00+00:00,2025-03-16 23:30:00+00:00,-265.56424566239315
2025-03-17 00:00:00+00:00,2025-03-17 00:00:00+00:00,-245.25576127442002
2025-03-17 00:30:00+00:00,2025-03-17 00:30:00+00:00,-131.1413985042735
2025-03-17 01:00:00+00:00,2025-03-17 01:00:00+00:00,-147.6472222222222
2025-03-17 01:30:00+00:00,2025-03-17 01:30:00+00:00,-163.48576922979797
2025-03-17 02:00:00+00:00,2025-03-17 02:00:00+00:00,-188.9111111111111
2025-03-17 02:30:00+00:00,2025-03-17 02:30:00+00:00,-62.843518637566135
2025-03-17 03:00:00+00:00,2025-03-17 03:00:00+00:00,41.02916666666667
2025-03-17 03:30:00+00:00,2025-03-17 03:30:00+00:00,-104.14651865740741
2025-03-17 04:00:00+00:00,2025-03-17 04:00:00+00:00,-61.84188034188034
2025-03-17 04:30:00+00:00,2025-03-17 04:30:00+00:00,-192.42598052666017
2025-03-17 05:00:00+00:00,2025-03-17 05:00:00+00:00,668.184448454786
2025-03-17 05:30:00+00:00,2025-03-17 05:30:00+00:00,489.4484653698002
2025-03-17 06:00:00+00:00,2025-03-17 06:00:00+00:00,320.4436507936508
2025-03-17 06:30:00+00:00,2025-03-17 06:30:00+00:00,415.2393061276455
2025-03-17 07:00:00+00:00,2025-03-17 07:00:00+00:00,-79.6476033399471
2025-03-17 07:30:00+00:00,2025-03-17 07:30:00+00:00,45.2666625
2025-03-17 08:00:00+00:00,2025-03-17 08:00:00+00:00,157.9543461111111
2025-03-17 08:30:00+00:00,2025-03-17 08:30:00+00:00,245.33332791666666
2025-03-17 09:00:00+00:00,2025-03-17 09:00:00+00:00,416.44933333333336
2025-03-17 09:30:00+00:00,2025-03-17 09:30:00+00:00,546.1756629292929
2025-03-17 10:00:00+00:00,2025-03-17 10:00:00+00:00,714.4708809469697
2025-03-17 10:30:00+00:00,2025-03-17 10:30:00+00:00,426.7874225761389
2025-03-17 11:00:00+00:00,2025-03-17 11:00:00+00:00,377.5885185185185
2025-03-17 11:30:00+00:00,2025-03-17 11:30:00+00:00,200.26208217592594
2025-03-17 12:00:00+00:00,2025-03-17 12:00:00+00:00,47.5604175
2025-03-17 12:30:00+00:00,2025-03-17 12:30:00+00:00,64.14166666666667
2025-03-17 13:00:00+00:00,2025-03-17 13:00:00+00:00,123.61666666666666
2025-03-17 13:30:00+00:00,2025-03-17 13:30:00+00:00,113.6
2025-03-17 14:00:00+00:00,2025-03-17 14:00:00+00:00,24.602191666666666
2025-03-17 14:30:00+00:00,2025-03-17 14:30:00+00:00,-67.1921775
2025-03-17 15:00:00+00:00,2025-03-17 15:00:00+00:00,-75.99928486111111
2025-03-17 15:30:00+00:00,2025-03-17 15:30:00+00:00,-311.4127540674603
2025-03-17 16:00:00+00:00,2025-03-17 16:00:00+00:00,-683.8272174443914
2025-03-17 16:30:00+00:00,2025-03-17 16:30:00+00:00,-642.7724151452412
2025-03-17 17:00:00+00:00,2025-03-17 17:00:00+00:00,-350.7085132467532
2025-03-17 17:30:00+00:00,2025-03-17 17:30:00+00:00,-123.43395156746031
2025-03-17 18:00:00+00:00,2025-03-17 18:00:00+00:00,-220.67638888888888
2025-03-17 18:30:00+00:00,2025-03-17 18:30:00+00:00,-187.35208319444445
2025-03-17 19:00:00+00:00,2025-03-17 19:00:00+00:00,111.77426305555555
2025-03-17 19:30:00+00:00,2025-03-17 19:30:00+00:00,33.215237361111114
2025-03-17 20:00:00+00:00,2025-03-17 20:00:00+00:00,203.18248941545022
2025-03-17 20:30:00+00:00,2025-03-17 20:30:00+00:00,190.17793737987012
2025-03-17 21:00:00+00:00,2025-03-17 21:00:00+00:00,-270.07725064694563
2025-03-17 21:30:00+00:00,2025-03-17 21:30:00+00:00,9.298891663059162
2025-03-17 22:00:00+00:00,2025-03-17 22:00:00+00:00,-66.47691622103387
2025-03-17 22:30:00+00:00,2025-03-17 22:30:00+00:00,-312.08481617604616
2025-03-17 23:00:00+00:00,2025-03-17 23:00:00+00:00,121.88885878739316
2025-03-17 23:30:00+00:00,2025-03-17 23:30:00+00:00,69.59993055555556
2025-03-18 00:00:00+00:00,2025-03-18 00:00:00+00:00,46.96523420634921
2025-03-18 00:30:00+00:00,2025-03-18 00:30:00+00:00,-10.08208662037037
2025-03-18 01:00:00+00:00,2025-03-18 01:00:00+00:00,-44.36900462962963
2025-03-18 01:30:00+00:00,2025-03-18 01:30:00+00:00,-81.73055555555555
2025-03-18 02:00:00+00:00,2025-03-18 02:00:00+00:00,-159.32488063492065
2025-03-18 02:30:00+00:00,2025-03-18 02:30:00+00:00,-50.76034722222222
2025-03-18 03:00:00+00:00,2025-03-18 03:00:00+00:00,79.18274865591398
2025-03-18 03:30:00+00:00,2025-03-18 03:30:00+00:00,202.7509828014091
2025-03-18 04:00:00+00:00,2025-03-18 04:00:00+00:00,154.45294437091502
2025-03-18 04:30:00+00:00,2025-03-18 04:30:00+00:00,-96.00671957491582
2025-03-18 05:00:00+00:00,2025-03-18 05:00:00+00:00,20.978863425925926
2025-03-18 05:30:00+00:00,2025-03-18 05:30:00+00:00,67.05555555555556
2025-03-18 06:00:00+00:00,2025-03-18 06:00:00+00:00,191.7917573611111
2025-03-18 06:30:00+00:00,2025-03-18 06:30:00+00:00,191.8697525
2025-03-18 07:00:00+00:00,2025-03-18 07:00:00+00:00,169.98189204741985
2025-03-18 07:30:00+00:00,2025-03-18 07:30:00+00:00,-14.13749861645299
2025-03-18 08:00:00+00:00,2025-03-18 08:00:00+00:00,-72.91666666666667
2025-03-18 08:30:00+00:00,2025-03-18 08:30:00+00:00,-207.77499833333334
2025-03-18 09:00:00+00:00,2025-03-18 09:00:00+00:00,-246.4614366656837
2025-03-18 09:30:00+00:00,2025-03-18 09:30:00+00:00,-411.6256746031746
2025-03-18 10:00:00+00:00,2025-03-18 10:00:00+00:00,-180.477876984127
2025-03-18 10:30:00+00:00,2025-03-18 10:30:00+00:00,-63.4270821875
2025-03-18 11:00:00+00:00,2025-03-18 11:00:00+00:00,109.38963766975309
2025-03-18 11:30:00+00:00,2025-03-18 11:30:00+00:00,-59.00833333333333
2025-03-18 12:00:00+00:00,2025-03-18 12:00:00+00:00,-103.75277777777778
2025-03-18 12:30:00+00:00,2025-03-18 12:30:00+00:00,-337.18888888888887
2025-03-18 13:00:00+00:00,2025-03-18 13:00:00+00:00,-551.4749970833333
2025-03-18 13:30:00+00:00,2025-03-18 13:30:00+00:00,-737.7878032236843
2025-03-18 14:00:00+00:00,2025-03-18 14:00:00+00:00,-628.4337396750524
2025-03-18 14:30:00+00:00,2025-03-18 14:30:00+00:00,-769.4960335498004
2025-03-18 15:00:00+00:00,2025-03-18 15:00:00+00:00,-1004.5436782617845
2025-03-18 15:30:00+00:00,2025-03-18 15:30:00+00:00,-905.2265246476085
2025-03-18 16:00:00+00:00,2025-03-18 16:00:00+00:00,-829.6837839433252
2025-03-18 16:30:00+00:00,2025-03-18 16:30:00+00:00,-730.8158775497759
2025-03-18 17:00:00+00:00,2025-03-18 17:00:00+00:00,-668.5971157503608
2025-03-18 17:30:00+00:00,2025-03-18 17:30:00+00:00,-44.7157424476912
2025-03-18 18:00:00+00:00,2025-03-18 18:00:00+00:00,313.86086630952383
2025-03-18 18:30:00+00:00,2025-03-18 18:30:00+00:00,243.0605001388889
2025-03-18 19:00:00+00:00,2025-03-18 19:00:00+00:00,16.477129023569024
2025-03-18 19:30:00+00:00,2025-03-18 19:30:00+00:00,74.35926347222222
2025-03-18 20:00:00+00:00,2025-03-18 20:00:00+00:00,-48.19099666666666
2025-03-18 20:30:00+00:00,2025-03-18 20:30:00+00:00,7.895588888888889
2025-03-18 21:00:00+00:00,2025-03-18 21:00:00+00:00,178.85317710200746
2025-03-18 21:30:00+00:00,2025-03-18 21:30:00+00:00,-420.45169916292457
2025-03-18 22:00:00+00:00,2025-03-18 22:00:00+00:00,-529.9609275774457
2025-03-18 22:30:00+00:00,2025-03-18 22:30:00+00:00,-210.15895449626456
2025-03-18 23:00:00+00:00,2025-03-18 23:00:00+00:00,-204.76053079567023
2025-03-18 23:30:00+00:00,2025-03-18 23:30:00+00:00,-123.64764474902535
2025-03-19 00:00:00+00:00,2025-03-19 00:00:00+00:00,-120.03272118276014
2025-03-19 00:30:00+00:00,2025-03-19 00:30:00+00:00,140.87298551311727
2025-03-19 01:00:00+00:00,2025-03-19 01:00:00+00:00,13.857783671875
2025-03-19 01:30:00+00:00,2025-03-19 01:30:00+00:00,59.95166666666667
2025-03-19 02:00:00+00:00,2025-03-19 02:00:00+00:00,34.44457264957265
2025-03-19 02:30:00+00:00,2025-03-19 02:30:00+00:00,-151.49679302960928
2025-03-19 03:00:00+00:00,2025-03-19 03:00:00+00:00,-13.318452380952381
2025-03-19 03:30:00+00:00,2025-03-19 03:30:00+00:00,-45.11071428571429
2025-03-19 04:00:00+00:00,2025-03-19 04:00:00+00:00,252.85566666666668
2025-03-19 04:30:00+00:00,2025-03-19 04:30:00+00:00,173.26544444444446
2025-03-19 05:00:00+00:00,2025-03-19 05:00:00+00:00,217.25952136752136
2025-03-19 05:30:00+00:00,2025-03-19 05:30:00+00:00,267.9861429078093
2025-03-19 06:00:00+00:00,2025-03-19 06:00:00+00:00,47.79654930555556
2025-03-19 06:30:00+00:00,2025-03-19 06:30:00+00:00,523.685810491453
2025-03-19 07:00:00+00:00,2025-03-19 07:00:00+00:00,371.1737875
2025-03-19 07:30:00+00:00,2025-03-19 07:30:00+00:00,193.74394166666667
2025-03-19 08:00:00+00:00,2025-03-19 08:00:00+00:00,382.1596672222222
2025-03-19 08:30:00+00:00,2025-03-19 08:30:00+00:00,275.9814543333333
2025-03-19 09:00:00+00:00,2025-03-19 09:00:00+00:00,124.53787648148148
2025-03-19 09:30:00+00:00,2025-03-19 09:30:00+00:00,65.19369603174603
2025-03-19 10:00:00+00:00,2025-03-19 10:00:00+00:00,-71.9455238095238
2025-03-19 10:30:00+00:00,2025-03-19 10:30:00+00:00,-126.11063206640581
2025-03-19 11:00:00+00:00,2025-03-19 11:00:00+00:00,-195.24363103563104
2025-03-19 11:30:00+00:00,2025-03-19 11:30:00+00:00,-201.30880376344086
2025-03-19 12:00:00+00:00,2025-03-19 12:00:00+00:00,197.36261518497184
2025-03-19 12:30:00+00:00,2025-03-19 12:30:00+00:00,277.23405644541464
2025-03-19 13:00:00+00:00,2025-03-19 13:00:00+00:00,90.55944947185326
2025-03-19 13:30:00+00:00,2025-03-19 13:30:00+00:00,20.283506566079836
2025-03-19 14:00:00+00:00,2025-03-19 14:00:00+00:00,-111.55707655939534
2025-03-19 14:30:00+00:00,2025-03-19 14:30:00+00:00,30.286300960266804
2025-03-19 15:00:00+00:00,2025-03-19 15:00:00+00:00,-214.48944118605408
2025-03-19 15:30:00+00:00,2025-03-19 15:30:00+00:00,-160.11039393939393
2025-03-19 16:00:00+00:00,2025-03-19 16:00:00+00:00,623.6439805555556
2025-03-19 16:30:00+00:00,2025-03-19 16:30:00+00:00,740.1424606944445
2025-03-19 17:00:00+00:00,2025-03-19 17:00:00+00:00,973.0595158928571
2025-03-19 17:30:00+00:00,2025-03-19 17:30:00+00:00,856.2472216132479
2025-03-19 18:00:00+00:00,2025-03-19 18:00:00+00:00,903.7930558448204
2025-03-19 18:30:00+00:00,2025-03-19 18:30:00+00:00,1215.8290733333333
2025-03-19 19:00:00+00:00,2025-03-19 19:00:00+00:00,617.8498950925926
2025-03-19 19:30:00+00:00,2025-03-19 19:30:00+00:00,346.9862904431217
2025-03-19 20:00:00+00:00,2025-03-19 20:00:00+00:00,-1.8066167857142856
2025-03-19 20:30:00+00:00,2025-03-19 20:30:00+00:00,117.053178125
2025-03-19 21:00:00+00:00,2025-03-19 21:00:00+00:00,-97.21829053774928
2025-03-19 21:30:00+00:00,2025-03-19 21:30:00+00:00,-263.46908979617604
2025-03-19 22:00:00+00:00,2025-03-19 22:00:00+00:00,-219.20573717731597
2025-03-19 22:30:00+00:00,2025-03-19 22:30:00+00:00,-110.81527611111112
2025-03-19 23:00:00+00:00,2025-03-19 23:00:00+00:00,25.917583184789066
2025-03-19 23:30:00+00:00,2025-03-19 23:30:00+00:00,210.34816510760865
2025-03-20 00:00:00+00:00,2025-03-20 00:00:00+00:00,234.06041736111112
2025-03-20 00:30:00+00:00,2025-03-20 00:30:00+00:00,282.0695138888889
2025-03-20 01:00:00+00:00,2025-03-20 01:00:00+00:00,279.98298611111113
2025-03-20 01:30:00+00:00,2025-03-20 01:30:00+00:00,148.24498444444444
2025-03-20 02:00:00+00:00,2025-03-20 02:00:00+00:00,134.61746115079364
2025-03-20 02:30:00+00:00,2025-03-20 02:30:00+00:00,236.11666666666667
2025-03-20 03:00:00+00:00,2025-03-20 03:00:00+00:00,-26.825
2025-03-20 03:30:00+00:00,2025-03-20 03:30:00+00:00,19.751785146103895
2025-03-20 04:00:00+00:00,2025-03-20 04:00:00+00:00,5.956733097625413
2025-03-20 04:30:00+00:00,2025-03-20 04:30:00+00:00,-33.889919929587464
2025-03-20 05:00:00+00:00,2025-03-20 05:00:00+00:00,24.257291666666667
2025-03-20 05:30:00+00:00,2025-03-20 05:30:00+00:00,125.05277777777778
2025-03-20 06:00:00+00:00,2025-03-20 06:00:00+00:00,26.21364531862745
2025-03-20 06:30:00+00:00,2025-03-20 06:30:00+00:00,131.7926977777778
2025-03-20 07:00:00+00:00,2025-03-20 07:00:00+00:00,202.73645614238038
2025-03-20 07:30:00+00:00,2025-03-20 07:30:00+00:00,75.50388902777777
2025-03-20 08:00:00+00:00,2025-03-20 08:00:00+00:00,-23.569166666666668
2025-03-20 08:30:00+00:00,2025-03-20 08:30:00+00:00,81.7587601010101
2025-03-20 09:00:00+00:00,2025-03-20 09:00:00+00:00,27.34340277777778
2025-03-20 09:30:00+00:00,2025-03-20 09:30:00+00:00,-164.11174311868686
2025-03-20 10:00:00+00:00,2025-03-20 10:00:00+00:00,-263.2035836337654
2025-03-20 10:30:00+00:00,2025-03-20 10:30:00+00:00,-100.45892704365079
2025-03-20 11:00:00+00:00,2025-03-20 11:00:00+00:00,-241.15
2025-03-20 11:30:00+00:00,2025-03-20 11:30:00+00:00,-497.2436612275327
2025-03-20 12:00:00+00:00,2025-03-20 12:00:00+00:00,-238.15490860814023
2025-03-20 12:30:00+00:00,2025-03-20 12:30:00+00:00,-80.33222597896385
2025-03-20 13:00:00+00:00,2025-03-20 13:00:00+00:00,93.7108949928775
2025-03-20 13:30:00+00:00,2025-03-20 13:30:00+00:00,-210.69837993106617
2025-03-20 14:00:00+00:00,2025-03-20 14:00:00+00:00,-328.05694444444447
2025-03-20 14:30:00+00:00,2025-03-20 14:30:00+00:00,-290.4102614379085
2025-03-20 15:00:00+00:00,2025-03-20 15:00:00+00:00,-304.5727376388889
2025-03-20 15:30:00+00:00,2025-03-20 15:30:00+00:00,-415.87473164329595
2025-03-20 16:00:00+00:00,2025-03-20 16:00:00+00:00,207.351820607089
2025-03-20 16:30:00+00:00,2025-03-20 16:30:00+00:00,495.85822472222225
2025-03-20 17:00:00+00:00,2025-03-20 17:00:00+00:00,9.970700821256038
2025-03-20 17:30:00+00:00,2025-03-20 17:30:00+00:00,461.51827618357487
2025-03-20 18:00:00+00:00,2025-03-20 18:00:00+00:00,376.40124993326117
2025-03-20 18:30:00+00:00,2025-03-20 18:30:00+00:00,277.10937887345676
2025-03-20 19:00:00+00:00,2025-03-20 19:00:00+00:00,25.66038202020202
2025-03-20 19:30:00+00:00,2025-03-20 19:30:00+00:00,16.88168152777778
2025-03-20 20:00:00+00:00,2025-03-20 20:00:00+00:00,174.62865546345031
2025-03-20 20:30:00+00:00,2025-03-20 20:30:00+00:00,117.23333301587301
2025-03-20 21:00:00+00:00,2025-03-20 21:00:00+00:00,25.979615831635684
2025-03-20 21:30:00+00:00,2025-03-20 21:30:00+00:00,52.815164002664005
2025-03-20 22:00:00+00:00,2025-03-20 22:00:00+00:00,177.162746369266
2025-03-20 22:30:00+00:00,2025-03-20 22:30:00+00:00,-127.80431457431457
2025-03-20 23:00:00+00:00,2025-03-20 23:00:00+00:00,-53.91388181022409
2025-03-20 23:30:00+00:00,2025-03-20 23:30:00+00:00,236.59293345238095
2025-03-21 00:00:00+00:00,2025-03-21 00:00:00+00:00,166.73055555555555
2025-03-21 00:30:00+00:00,2025-03-21 00:30:00+00:00,285.8974748611111
2025-03-21 01:00:00+00:00,2025-03-21 01:00:00+00:00,306.41019916666664
2025-03-21 01:30:00+00:00,2025-03-21 01:30:00+00:00,127.75833333333334
2025-03-21 02:00:00+00:00,2025-03-21 02:00:00+00:00,-18.400005416666666
2025-03-21 02:30:00+00:00,2025-03-21 02:30:00+00:00,83.06262861111111
2025-03-21 03:00:00+00:00,2025-03-21 03:00:00+00:00,210.0958334722222
2025-03-21 03:30:00+00:00,2025-03-21 03:30:00+00:00,326.12488069444447
2025-03-21 04:00:00+00:00,2025-03-21 04:00:00+00:00,392.05833333333334
2025-03-21 04:30:00+00:00,2025-03-21 04:30:00+00:00,136.39432097222223
2025-03-21 05:00:00+00:00,2025-03-21 05:00:00+00:00,169.99167180555557
2025-03-21 05:30:00+00:00,2025-03-21 05:30:00+00:00,33.874999067460315
2025-03-21 06:00:00+00:00,2025-03-21 06:00:00+00:00,0.7777777777777778
2025-03-21 06:30:00+00:00,2025-03-21 06:30:00+00:00,-69.4927650771605
2025-03-21 07:00:00+00:00,2025-03-21 07:00:00+00:00,-88.87975812830688
2025-03-21 07:30:00+00:00,2025-03-21 07:30:00+00:00,96.05679940131125
2025-03-21 08:00:00+00:00,2025-03-21 08:00:00+00:00,51.49385782
2025-03-21 08:30:00+00:00,2025-03-21 08:30:00+00:00,384.97232325336165
2025-03-21 09:00:00+00:00,2025-03-21 09:00:00+00:00,474.45902916666665
2025-03-21 09:30:00+00:00,2025-03-21 09:30:00+00:00,434.0364079166667
2025-03-21 10:00:00+00:00,2025-03-21 10:00:00+00:00,472.01326222222224
2025-03-21 10:30:00+00:00,2025-03-21 10:30:00+00:00,617.2958444444445
2025-03-21 11:00:00+00:00,2025-03-21 11:00:00+00:00,426.4642681005432
2025-03-21 11:30:00+00:00,2025-03-21 11:30:00+00:00,130.21861770771915
2025-03-21 12:00:00+00:00,2025-03-21 12:00:00+00:00,43.87341381963897
2025-03-21 12:30:00+00:00,2025-03-21 12:30:00+00:00,-152.48465318800322
2025-03-21 13:00:00+00:00,2025-03-21 13:00:00+00:00,-308.65038616566903
2025-03-21 13:30:00+00:00,2025-03-21 13:30:00+00:00,-409.6902214725552
2025-03-21 14:00:00+00:00,2025-03-21 14:00:00+00:00,-257.098131338848
2025-03-21 14:30:00+00:00,2025-03-21 14:30:00+00:00,-356.56091976880606
2025-03-21 15:00:00+00:00,2025-03-21 15:00:00+00:00,-17.804594809526197
2025-03-21 15:30:00+00:00,2025-03-21 15:30:00+00:00,234.32067175744004
2025-03-21 16:00:00+00:00,2025-03-21 16:00:00+00:00,343.1784089106505
2025-03-21 16:30:00+00:00,2025-03-21 16:30:00+00:00,715.1763275543142
2025-03-21 17:00:00+00:00,2025-03-21 17:00:00+00:00,733.3983901388889
2025-03-21 17:30:00+00:00,2025-03-21 17:30:00+00:00,911.9760933796297
2025-03-21 18:00:00+00:00,2025-03-21 18:00:00+00:00,869.6940017664931
2025-03-21 18:30:00+00:00,2025-03-21 18:30:00+00:00,801.2874782936508
2025-03-21 19:00:00+00:00,2025-03-21 19:00:00+00:00,669.9143683664654
2025-03-21 19:30:00+00:00,2025-03-21 19:30:00+00:00,544.602335563973
2025-03-21 20:00:00+00:00,2025-03-21 20:00:00+00:00,361.8050653314659
2025-03-21 20:30:00+00:00,2025-03-21 20:30:00+00:00,31.552028140756303
2025-03-21 21:00:00+00:00,2025-03-21 21:00:00+00:00,489.56290081700246
2025-03-21 21:30:00+00:00,2025-03-21 21:30:00+00:00,706.4872486345599
2025-03-21 22:00:00+00:00,2025-03-21 22:00:00+00:00,950.3859823544974
2025-03-21 22:30:00+00:00,2025-03-21 22:30:00+00:00,767.5856260627799
2025-03-21 23:00:00+00:00,2025-03-21 23:00:00+00:00,375.5364265827228
2025-03-21 23:30:00+00:00,2025-03-21 23:30:00+00:00,262.24277023809526
2025-03-22 00:00:00+00:00,2025-03-22 00:00:00+00:00,334.6719628505291
2025-03-22 00:30:00+00:00,2025-03-22 00:30:00+00:00,481.6522130830007
2025-03-22 01:00:00+00:00,2025-03-22 01:00:00+00:00,272.24831542114697
2025-03-22 01:30:00+00:00,2025-03-22 01:30:00+00:00,173.12637513888887
2025-03-22 02:00:00+00:00,2025-03-22 02:00:00+00:00,8.200819027777777
2025-03-22 02:30:00+00:00,2025-03-22 02:30:00+00:00,58.15588842948718
2025-03-22 03:00:00+00:00,2025-03-22 03:00:00+00:00,-61.32064831196581
2025-03-22 03:30:00+00:00,2025-03-22 03:30:00+00:00,1.217416369047619
2025-03-22 04:00:00+00:00,2025-03-22 04:00:00+00:00,108.38889207070707
2025-03-22 04:30:00+00:00,2025-03-22 04:30:00+00:00,-192.63511641573422
2025-03-22 05:00:00+00:00,2025-03-22 05:00:00+00:00,-524.2228602422723
2025-03-22 05:30:00+00:00,2025-03-22 05:30:00+00:00,-542.8440880321638
2025-03-22 06:00:00+00:00,2025-03-22 06:00:00+00:00,-424.66507324561405
2025-03-22 06:30:00+00:00,2025-03-22 06:30:00+00:00,-449.6567345846052
2025-03-22 07:00:00+00:00,2025-03-22 07:00:00+00:00,-41.178253531576445
2025-03-22 07:30:00+00:00,2025-03-22 07:30:00+00:00,147.70142074534942
2025-03-22 08:00:00+00:00,2025-03-22 08:00:00+00:00,144.25155550465058
2025-03-22 08:30:00+00:00,2025-03-22 08:30:00+00:00,506.7410860790598
2025-03-22 09:00:00+00:00,2025-03-22 09:00:00+00:00,467.31696791666667
2025-03-22 09:30:00+00:00,2025-03-22 09:30:00+00:00,162.33114712962964
2025-03-22 10:00:00+00:00,2025-03-22 10:00:00+00:00,3.3893518518518517
2025-03-22 10:30:00+00:00,2025-03-22 10:30:00+00:00,-152.36666861111112
2025-03-22 11:00:00+00:00,2025-03-22 11:00:00+00:00,-272.91392125
2025-03-22 11:30:00+00:00,2025-03-22 11:30:00+00:00,-300.41124386648744
2025-03-22 12:00:00+00:00,2025-03-22 12:00:00+00:00,37.76709923076923
2025-03-22 12:30:00+00:00,2025-03-22 12:30:00+00:00,265.10840919989863
2025-03-22 13:00:00+00:00,2025-03-22 13:00:00+00:00,154.0935673611111
2025-03-22 13:30:00+00:00,2025-03-22 13:30:00+00:00,32.31092652777778
2025-03-22 14:00:00+00:00,2025-03-22 14:00:00+00:00,20.338630972222223
2025-03-22 14:30:00+00:00,2025-03-22 14:30:00+00:00,83.41882488351254
2025-03-22 15:00:00+00:00,2025-03-22 15:00:00+00:00,-104.16448097222222
2025-03-22 15:30:00+00:00,2025-03-22 15:30:00+00:00,-48.315222222222225
2025-03-22 16:00:00+00:00,2025-03-22 16:00:00+00:00,212.552
2025-03-22 16:30:00+00:00,2025-03-22 16:30:00+00:00,315.8453167784993
2025-03-22 17:00:00+00:00,2025-03-22 17:00:00+00:00,260.3256402160494
2025-03-22 17:30:00+00:00,2025-03-22 17:30:00+00:00,357.48228135097224
2025-03-22 18:00:00+00:00,2025-03-22 18:00:00+00:00,411.00581226305553
2025-03-22 18:30:00+00:00,2025-03-22 18:30:00+00:00,541.6393286827214
2025-03-22 19:00:00+00:00,2025-03-22 19:00:00+00:00,508.29803208333334
2025-03-22 19:30:00+00:00,2025-03-22 19:30:00+00:00,144.93725185796424
2025-03-22 20:00:00+00:00,2025-03-22 20:00:00+00:00,-2.1013333333333333
2025-03-22 20:30:00+00:00,2025-03-22 20:30:00+00:00,-40.85002388888889
2025-03-22 21:00:00+00:00,2025-03-22 21:00:00+00:00,111.77792680555555
2025-03-22 21:30:00+00:00,2025-03-22 21:30:00+00:00,231.94116666666667
2025-03-22 22:00:00+00:00,2025-03-22 22:00:00+00:00,204.34839847222221
2025-03-22 22:30:00+00:00,2025-03-22 22:30:00+00:00,325.86424809722223
2025-03-22 23:00:00+00:00,2025-03-22 23:00:00+00:00,325.2672704100529
2025-03-22 23:30:00+00:00,2025-03-22 23:30:00+00:00,543.6333329166666
2025-03-23 00:00:00+00:00,2025-03-23 00:00:00+00:00,278.8833333333333
2025-03-23 00:30:00+00:00,2025-03-23 00:30:00+00:00,53.02472222222222
2025-03-23 01:00:00+00:00,2025-03-23 01:00:00+00:00,273.90540598290596
2025-03-23 01:30:00+00:00,2025-03-23 01:30:00+00:00,228.02679487179486
2025-03-23 02:00:00+00:00,2025-03-23 02:00:00+00:00,161.4321794871795
2025-03-23 02:30:00+00:00,2025-03-23 02:30:00+00:00,157.72371794871796
2025-03-23 03:00:00+00:00,2025-03-23 03:00:00+00:00,198.698855982906
2025-03-23 03:30:00+00:00,2025-03-23 03:30:00+00:00,62.29052138888889
2025-03-23 04:00:00+00:00,2025-03-23 04:00:00+00:00,-15.837004596153847
2025-03-23 04:30:00+00:00,2025-03-23 04:30:00+00:00,-121.63433277777777
2025-03-23 05:00:00+00:00,2025-03-23 05:00:00+00:00,327.5392361111111
2025-03-23 05:30:00+00:00,2025-03-23 05:30:00+00:00,302.40247652777776
2025-03-23 06:00:00+00:00,2025-03-23 06:00:00+00:00,120.75837290598291
2025-03-23 06:30:00+00:00,2025-03-23 06:30:00+00:00,173.8398048611111
2025-03-23 07:00:00+00:00,2025-03-23 07:00:00+00:00,-40.935100176767676
2025-03-23 07:30:00+00:00,2025-03-23 07:30:00+00:00,-332.7430988510101
2025-03-23 08:00:00+00:00,2025-03-23 08:00:00+00:00,-177.09928685556042
2025-03-23 08:30:00+00:00,2025-03-23 08:30:00+00:00,-57.93635484677238
2025-03-23 09:00:00+00:00,2025-03-23 09:00:00+00:00,191.9603315241228
2025-03-23 09:30:00+00:00,2025-03-23 09:30:00+00:00,255.05533333333332
2025-03-23 10:00:00+00:00,2025-03-23 10:00:00+00:00,408.0470596548615
2025-03-23 10:30:00+00:00,2025-03-23 10:30:00+00:00,319.16412808810804
2025-03-23 11:00:00+00:00,2025-03-23 11:00:00+00:00,493.04470652073735
2025-03-23 11:30:00+00:00,2025-03-23 11:30:00+00:00,388.13655913978494
2025-03-23 12:00:00+00:00,2025-03-23 12:00:00+00:00,295.55611111111114
2025-03-23 12:30:00+00:00,2025-03-23 12:30:00+00:00,349.32550333333336
2025-03-23 13:00:00+00:00,2025-03-23 13:00:00+00:00,107.37416430555555
2025-03-23 13:30:00+00:00,2025-03-23 13:30:00+00:00,148.25
2025-03-23 14:00:00+00:00,2025-03-23 14:00:00+00:00,15.539
2025-03-23 14:30:00+00:00,2025-03-23 14:30:00+00:00,-36.63752076186971
2025-03-23 15:00:00+00:00,2025-03-23 15:00:00+00:00,-136.55563602564104
2025-03-23 15:30:00+00:00,2025-03-23 15:30:00+00:00,-256.76159492337166
2025-03-23 16:00:00+00:00,2025-03-23 16:00:00+00:00,259.4216437728821
2025-03-23 16:30:00+00:00,2025-03-23 16:30:00+00:00,208.82745939539242
2025-03-23 17:00:00+00:00,2025-03-23 17:00:00+00:00,297.6797669047619
2025-03-23 17:30:00+00:00,2025-03-23 17:30:00+00:00,283.72647861111113
2025-03-23 18:00:00+00:00,2025-03-23 18:00:00+00:00,57.422632880824374
2025-03-23 18:30:00+00:00,2025-03-23 18:30:00+00:00,194.8818100358423
2025-03-23 19:00:00+00:00,2025-03-23 19:00:00+00:00,224.90858662037036
2025-03-23 19:30:00+00:00,2025-03-23 19:30:00+00:00,-6.993049933862434
2025-03-23 20:00:00+00:00,2025-03-23 20:00:00+00:00,227.1637259920635
2025-03-23 20:30:00+00:00,2025-03-23 20:30:00+00:00,9.645840132275133
2025-03-23 21:00:00+00:00,2025-03-23 21:00:00+00:00,58.97936507936508
2025-03-23 21:30:00+00:00,2025-03-23 21:30:00+00:00,217.5408736706349
2025-03-23 22:00:00+00:00,2025-03-23 22:00:00+00:00,209.6058888888889
2025-03-23 22:30:00+00:00,2025-03-23 22:30:00+00:00,156.82777777777778
2025-03-23 23:00:00+00:00,2025-03-23 23:00:00+00:00,13.771104592592593
2025-03-23 23:30:00+00:00,2025-03-23 23:30:00+00:00,-215.6211111111111
2025-03-24 00:00:00+00:00,2025-03-24 00:00:00+00:00,-345.31570173453997
2025-03-24 00:30:00+00:00,2025-03-24 00:30:00+00:00,-186.25879461805556
2025-03-24 01:00:00+00:00,2025-03-24 01:00:00+00:00,-126.68333333333334
2025-03-24 01:30:00+00:00,2025-03-24 01:30:00+00:00,-143.39134615384614
2025-03-24 02:00:00+00:00,2025-03-24 02:00:00+00:00,32.978846153846156
2025-03-24 02:30:00+00:00,2025-03-24 02:30:00+00:00,-143.48895833333333
2025-03-24 03:00:00+00:00,2025-03-24 03:00:00+00:00,100.19479166666666
2025-03-24 03:30:00+00:00,2025-03-24 03:30:00+00:00,-19.653125
2025-03-24 04:00:00+00:00,2025-03-24 04:00:00+00:00,-123.85833333333333
2025-03-24 04:30:00+00:00,2025-03-24 04:30:00+00:00,-160.85833333333332
2025-03-24 05:00:00+00:00,2025-03-24 05:00:00+00:00,-253.41041666666666
2025-03-24 05:30:00+00:00,2025-03-24 05:30:00+00:00,-316.96398314814815
2025-03-24 06:00:00+00:00,2025-03-24 06:00:00+00:00,419.65085523809523
2025-03-24 06:30:00+00:00,2025-03-24 06:30:00+00:00,589.617611765873
2025-03-24 07:00:00+00:00,2025-03-24 07:00:00+00:00,714.4475171212122
2025-03-24 07:30:00+00:00,2025-03-24 07:30:00+00:00,818.9697278787879
2025-03-24 08:00:00+00:00,2025-03-24 08:00:00+00:00,731.5918760909751
2025-03-24 08:30:00+00:00,2025-03-24 08:30:00+00:00,495.9823144488362
2025-03-24 09:00:00+00:00,2025-03-24 09:00:00+00:00,676.5352155351576
2025-03-24 09:30:00+00:00,2025-03-24 09:30:00+00:00,652.5216571053792
2025-03-24 10:00:00+00:00,2025-03-24 10:00:00+00:00,390.9824968492423
2025-03-24 10:30:00+00:00,2025-03-24 10:30:00+00:00,-61.00303604578393
2025-03-24 11:00:00+00:00,2025-03-24 11:00:00+00:00,-362.5365079365079
2025-03-24 11:30:00+00:00,2025-03-24 11:30:00+00:00,-597.0914417989418
2025-03-24 12:00:00+00:00,2025-03-24 12:00:00+00:00,-587.9771861471861
2025-03-24 12:30:00+00:00,2025-03-24 12:30:00+00:00,-727.8287083749584
2025-03-24 13:00:00+00:00,2025-03-24 13:00:00+00:00,-571.9348611111111
2025-03-24 13:30:00+00:00,2025-03-24 13:30:00+00:00,-870.9061165266106
2025-03-24 14:00:00+00:00,2025-03-24 14:00:00+00:00,-442.94130728291316
2025-03-24 14:30:00+00:00,2025-03-24 14:30:00+00:00,-432.406925480813
2025-03-24 15:00:00+00:00,2025-03-24 15:00:00+00:00,-673.4647524270354
2025-03-24 15:30:00+00:00,2025-03-24 15:30:00+00:00,-519.0889161617455
2025-03-24 16:00:00+00:00,2025-03-24 16:00:00+00:00,-874.7043514016464
2025-03-24 16:30:00+00:00,2025-03-24 16:30:00+00:00,-672.1038594912945
2025-03-24 17:00:00+00:00,2025-03-24 17:00:00+00:00,-601.7305940277778
2025-03-24 17:30:00+00:00,2025-03-24 17:30:00+00:00,-112.01513722222222
2025-03-24 18:00:00+00:00,2025-03-24 18:00:00+00:00,259.5947277777778
2025-03-24 18:30:00+00:00,2025-03-24 18:30:00+00:00,-6.458735277777778
2025-03-24 19:00:00+00:00,2025-03-24 19:00:00+00:00,166.81354166666668
2025-03-24 19:30:00+00:00,2025-03-24 19:30:00+00:00,222.33338238095237
2025-03-24 20:00:00+00:00,2025-03-24 20:00:00+00:00,-211.2732002777778
2025-03-24 20:30:00+00:00,2025-03-24 20:30:00+00:00,-371.6868430555555
2025-03-24 21:00:00+00:00,2025-03-24 21:00:00+00:00,-123.7885295036814
2025-03-24 21:30:00+00:00,2025-03-24 21:30:00+00:00,-363.5026998900463
2025-03-24 22:00:00+00:00,2025-03-24 22:00:00+00:00,47.65455
2025-03-24 22:30:00+00:00,2025-03-24 22:30:00+00:00,-187.9064969393143
2025-03-24 23:00:00+00:00,2025-03-24 23:00:00+00:00,-141.50013227513227
2025-03-24 23:30:00+00:00,2025-03-24 23:30:00+00:00,-243.27924559343435
2025-03-25 00:00:00+00:00,2025-03-25 00:00:00+00:00,-338.41212204545457
2025-03-25 00:30:00+00:00,2025-03-25 00:30:00+00:00,-561.865383428048
2025-03-25 01:00:00+00:00,2025-03-25 01:00:00+00:00,-83.17990795634921
2025-03-25 01:30:00+00:00,2025-03-25 01:30:00+00:00,59.456965
2025-03-25 02:00:00+00:00,2025-03-25 02:00:00+00:00,128.8213109920635
2025-03-25 02:30:00+00:00,2025-03-25 02:30:00+00:00,278.3203048611111
2025-03-25 03:00:00+00:00,2025-03-25 03:00:00+00:00,14.966658619759869
2025-03-25 03:30:00+00:00,2025-03-25 03:30:00+00:00,65.78942460317461
2025-03-25 04:00:00+00:00,2025-03-25 04:00:00+00:00,-214.75833333333333
2025-03-25 04:30:00+00:00,2025-03-25 04:30:00+00:00,83.26699668981482
2025-03-25 05:00:00+00:00,2025-03-25 05:00:00+00:00,-252.40832407407407
2025-03-25 05:30:00+00:00,2025-03-25 05:30:00+00:00,-15.012737676834659
2025-03-25 06:00:00+00:00,2025-03-25 06:00:00+00:00,-280.61364987373736
2025-03-25 06:30:00+00:00,2025-03-25 06:30:00+00:00,-32.79316718253968
2025-03-25 07:00:00+00:00,2025-03-25 07:00:00+00:00,-72.49455253968254
2025-03-25 07:30:00+00:00,2025-03-25 07:30:00+00:00,-195.0928803354709
2025-03-25 08:00:00+00:00,2025-03-25 08:00:00+00:00,-208.81059523809523
2025-03-25 08:30:00+00:00,2025-03-25 08:30:00+00:00,-15.38713109113109
2025-03-25 09:00:00+00:00,2025-03-25 09:00:00+00:00,65.05831549122446
2025-03-25 09:30:00+00:00,2025-03-25 09:30:00+00:00,-354.8431696701389
2025-03-25 10:00:00+00:00,2025-03-25 10:00:00+00:00,-596.2178612940917
2025-03-25 10:30:00+00:00,2025-03-25 10:30:00+00:00,-445.0000305068455
2025-03-25 11:00:00+00:00,2025-03-25 11:00:00+00:00,-415.77537226541574
2025-03-25 11:30:00+00:00,2025-03-25 11:30:00+00:00,-332.99615384615385
2025-03-25 12:00:00+00:00,2025-03-25 12:00:00+00:00,-718.8866823098919
2025-03-25 12:30:00+00:00,2025-03-25 12:30:00+00:00,-272.9794485261438
2025-03-25 13:00:00+00:00,2025-03-25 13:00:00+00:00,-552.8429984320773
2025-03-25 13:30:00+00:00,2025-03-25 13:30:00+00:00,-545.5854305827653
2025-03-25 14:00:00+00:00,2025-03-25 14:00:00+00:00,-197.1068330959305
2025-03-25 14:30:00+00:00,2025-03-25 14:30:00+00:00,-83.24900745803419
2025-03-25 15:00:00+00:00,2025-03-25 15:00:00+00:00,-189.6885182327586
2025-03-25 15:30:00+00:00,2025-03-25 15:30:00+00:00,-94.29532875496032
2025-03-25 16:00:00+00:00,2025-03-25 16:00:00+00:00,21.3190209215083
2025-03-25 16:30:00+00:00,2025-03-25 16:30:00+00:00,248.13760822510824
2025-03-25 17:00:00+00:00,2025-03-25 17:00:00+00:00,95.35383333333333
2025-03-25 17:30:00+00:00,2025-03-25 17:30:00+00:00,156.41644444444444
2025-03-25 18:00:00+00:00,2025-03-25 18:00:00+00:00,-21.759589444444444
2025-03-25 18:30:00+00:00,2025-03-25 18:30:00+00:00,242.76221794871796
2025-03-25 19:00:00+00:00,2025-03-25 19:00:00+00:00,157.20871428571428
2025-03-25 19:30:00+00:00,2025-03-25 19:30:00+00:00,215.41848363095238
2025-03-25 20:00:00+00:00,2025-03-25 20:00:00+00:00,-17.484444444444446
2025-03-25 20:30:00+00:00,2025-03-25 20:30:00+00:00,-141.46805555555557
2025-03-25 21:00:00+00:00,2025-03-25 21:00:00+00:00,-313.9056111111111
2025-03-25 21:30:00+00:00,2025-03-25 21:30:00+00:00,105.70613229810024
2025-03-25 22:00:00+00:00,2025-03-25 22:00:00+00:00,-147.49014041666666
2025-03-25 22:30:00+00:00,2025-03-25 22:30:00+00:00,-33.00856481481482
2025-03-25 23:00:00+00:00,2025-03-25 23:00:00+00:00,-127.72812962962963
2025-03-25 23:30:00+00:00,2025-03-25 23:30:00+00:00,-141.43374074074075
2025-03-26 00:00:00+00:00,2025-03-26 00:00:00+00:00,-118.97542425925926
2025-03-26 00:30:00+00:00,2025-03-26 00:30:00+00:00,-36.99695136904762
2025-03-26 01:00:00+00:00,2025-03-26 01:00:00+00:00,-99.82787916666666
2025-03-26 01:30:00+00:00,2025-03-26 01:30:00+00:00,-138.97222222222223
2025-03-26 02:00:00+00:00,2025-03-26 02:00:00+00:00,-45.91067093253968
2025-03-26 02:30:00+00:00,2025-03-26 02:30:00+00:00,-153.05166666666668
2025-03-26 03:00:00+00:00,2025-03-26 03:00:00+00:00,-78.4991625
2025-03-26 03:30:00+00:00,2025-03-26 03:30:00+00:00,-46.78435294117647
2025-03-26 04:00:00+00:00,2025-03-26 04:00:00+00:00,-158.48161944444445
2025-03-26 04:30:00+00:00,2025-03-26 04:30:00+00:00,-265.5615042156863
2025-03-26 05:00:00+00:00,2025-03-26 05:00:00+00:00,-121.91970089052288
2025-03-26 05:30:00+00:00,2025-03-26 05:30:00+00:00,-162.34583333333333
2025-03-26 06:00:00+00:00,2025-03-26 06:00:00+00:00,-168.46154582972582
2025-03-26 06:30:00+00:00,2025-03-26 06:30:00+00:00,-4.208098240740741
2025-03-26 07:00:00+00:00,2025-03-26 07:00:00+00:00,512.5369047619048
2025-03-26 07:30:00+00:00,2025-03-26 07:30:00+00:00,309.95197228670634
2025-03-26 08:00:00+00:00,2025-03-26 08:00:00+00:00,174.9086648611111
2025-03-26 08:30:00+00:00,2025-03-26 08:30:00+00:00,-24.226388888888888
2025-03-26 09:00:00+00:00,2025-03-26 09:00:00+00:00,-49.47142857142857
2025-03-26 09:30:00+00:00,2025-03-26 09:30:00+00:00,-122.40224666666667
2025-03-26 10:00:00+00:00,2025-03-26 10:00:00+00:00,147.8990173611111
2025-03-26 10:30:00+00:00,2025-03-26 10:30:00+00:00,273.1904661111111
2025-03-26 11:00:00+00:00,2025-03-26 11:00:00+00:00,485.17564152777777
2025-03-26 11:30:00+00:00,2025-03-26 11:30:00+00:00,114.02951213675213
2025-03-26 12:00:00+00:00,2025-03-26 12:00:00+00:00,83.34231664889191
2025-03-26 12:30:00+00:00,2025-03-26 12:30:00+00:00,-103.13566396771772
2025-03-26 13:00:00+00:00,2025-03-26 13:00:00+00:00,-333.00203050925927
2025-03-26 13:30:00+00:00,2025-03-26 13:30:00+00:00,-508.2294546494709
2025-03-26 14:00:00+00:00,2025-03-26 14:00:00+00:00,-187.84717261904763
2025-03-26 14:30:00+00:00,2025-03-26 14:30:00+00:00,-310.84517537664783
2025-03-26 15:00:00+00:00,2025-03-26 15:00:00+00:00,25.736051813206213
2025-03-26 15:30:00+00:00,2025-03-26 15:30:00+00:00,-188.2211164467708
2025-03-26 16:00:00+00:00,2025-03-26 16:00:00+00:00,-883.4341123232323
2025-03-26 16:30:00+00:00,2025-03-26 16:30:00+00:00,-590.2231538047138
2025-03-26 17:00:00+00:00,2025-03-26 17:00:00+00:00,-495.003951914099
2025-03-26 17:30:00+00:00,2025-03-26 17:30:00+00:00,-281.3534188131313
2025-03-26 18:00:00+00:00,2025-03-26 18:00:00+00:00,-100.2441575308642
2025-03-26 18:30:00+00:00,2025-03-26 18:30:00+00:00,-66.70771770833333
2025-03-26 19:00:00+00:00,2025-03-26 19:00:00+00:00,104.56934342592592
2025-03-26 19:30:00+00:00,2025-03-26 19:30:00+00:00,229.90510773001176
2025-03-26 20:00:00+00:00,2025-03-26 20:00:00+00:00,63.09883413520981
2025-03-26 20:30:00+00:00,2025-03-26 20:30:00+00:00,-136.206628253964
2025-03-26 21:00:00+00:00,2025-03-26 21:00:00+00:00,-51.95943912037037
2025-03-26 21:30:00+00:00,2025-03-26 21:30:00+00:00,316.6167453214573
2025-03-26 22:00:00+00:00,2025-03-26 22:00:00+00:00,207.86969680555555
2025-03-26 22:30:00+00:00,2025-03-26 22:30:00+00:00,179.08061080043413
2025-03-26 23:00:00+00:00,2025-03-26 23:00:00+00:00,-87.75508831564677
2025-03-26 23:30:00+00:00,2025-03-26 23:30:00+00:00,160.74519805555556
2025-03-27 00:00:00+00:00,2025-03-27 00:00:00+00:00,25.03402763888889
2025-03-27 00:30:00+00:00,2025-03-27 00:30:00+00:00,132.22016429713804
2025-03-27 01:00:00+00:00,2025-03-27 01:00:00+00:00,-237.4849761305901
2025-03-27 01:30:00+00:00,2025-03-27 01:30:00+00:00,-371.14879074074076
2025-03-27 02:00:00+00:00,2025-03-27 02:00:00+00:00,-266.8282713271605
2025-03-27 02:30:00+00:00,2025-03-27 02:30:00+00:00,-183.035
2025-03-27 03:00:00+00:00,2025-03-27 03:00:00+00:00,-86.14613858363859
2025-03-27 03:30:00+00:00,2025-03-27 03:30:00+00:00,65.98961199428298
2025-03-27 04:00:00+00:00,2025-03-27 04:00:00+00:00,161.57984143049933
2025-03-27 04:30:00+00:00,2025-03-27 04:30:00+00:00,134.71639194139195
2025-03-27 05:00:00+00:00,2025-03-27 05:00:00+00:00,136.10476190476192
2025-03-27 05:30:00+00:00,2025-03-27 05:30:00+00:00,49.255558055555554
2025-03-27 06:00:00+00:00,2025-03-27 06:00:00+00:00,105.85319988505748
2025-03-27 06:30:00+00:00,2025-03-27 06:30:00+00:00,196.73390672008546
2025-03-27 07:00:00+00:00,2025-03-27 07:00:00+00:00,145.72457152777778
2025-03-27 07:30:00+00:00,2025-03-27 07:30:00+00:00,292.40467507936506
2025-03-27 08:00:00+00:00,2025-03-27 08:00:00+00:00,434.16586335786434
2025-03-27 08:30:00+00:00,2025-03-27 08:30:00+00:00,-25.525534015151514
2025-03-27 09:00:00+00:00,2025-03-27 09:00:00+00:00,243.89392845454023
2025-03-27 09:30:00+00:00,2025-03-27 09:30:00+00:00,-47.20493236952862
2025-03-27 10:00:00+00:00,2025-03-27 10:00:00+00:00,-72.04007193181818
2025-03-27 10:30:00+00:00,2025-03-27 10:30:00+00:00,91.37244583333333
2025-03-27 11:00:00+00:00,2025-03-27 11:00:00+00:00,245.4068111061155
2025-03-27 11:30:00+00:00,2025-03-27 11:30:00+00:00,449.40564204545456
2025-03-27 12:00:00+00:00,2025-03-27 12:00:00+00:00,134.52096218434343
2025-03-27 12:30:00+00:00,2025-03-27 12:30:00+00:00,-243.95462962962964
2025-03-27 13:00:00+00:00,2025-03-27 13:00:00+00:00,-455.20000166666665
2025-03-27 13:30:00+00:00,2025-03-27 13:30:00+00:00,-356.09166666666664
2025-03-27 14:00:00+00:00,2025-03-27 14:00:00+00:00,-399.2583372222222
2025-03-27 14:30:00+00:00,2025-03-27 14:30:00+00:00,-651.4839688034187
2025-03-27 15:00:00+00:00,2025-03-27 15:00:00+00:00,-375.61574786324786
2025-03-27 15:30:00+00:00,2025-03-27 15:30:00+00:00,-396.36242546296296
2025-03-27 16:00:00+00:00,2025-03-27 16:00:00+00:00,-210.074555
2025-03-27 16:30:00+00:00,2025-03-27 16:30:00+00:00,-12.257287693457565
2025-03-27 17:00:00+00:00,2025-03-27 17:00:00+00:00,95.09003881313132
2025-03-27 17:30:00+00:00,2025-03-27 17:30:00+00:00,151.3655098442761
2025-03-27 18:00:00+00:00,2025-03-27 18:00:00+00:00,386.5712167886179
2025-03-27 18:30:00+00:00,2025-03-27 18:30:00+00:00,415.7371206219807
2025-03-27 19:00:00+00:00,2025-03-27 19:00:00+00:00,255.86853885207574
2025-03-27 19:30:00+00:00,2025-03-27 19:30:00+00:00,-16.365750419246226
2025-03-27 20:00:00+00:00,2025-03-27 20:00:00+00:00,-16.02891463341346
2025-03-27 20:30:00+00:00,2025-03-27 20:30:00+00:00,163.52355841880342
2025-03-27 21:00:00+00:00,2025-03-27 21:00:00+00:00,227.58560625291375
2025-03-27 21:30:00+00:00,2025-03-27 21:30:00+00:00,-186.3918668939394
2025-03-27 22:00:00+00:00,2025-03-27 22:00:00+00:00,-172.49920611721612
2025-03-27 22:30:00+00:00,2025-03-27 22:30:00+00:00,-577.6007262394768
2025-03-27 23:00:00+00:00,2025-03-27 23:00:00+00:00,-689.7238983976742
2025-03-27 23:30:00+00:00,2025-03-27 23:30:00+00:00,-702.6811201388889
2025-03-28 00:00:00+00:00,2025-03-28 00:00:00+00:00,-713.134422375288
2025-03-28 00:30:00+00:00,2025-03-28 00:30:00+00:00,-605.8437318357488
2025-03-28 01:00:00+00:00,2025-03-28 01:00:00+00:00,-607.9756334339775
2025-03-28 01:30:00+00:00,2025-03-28 01:30:00+00:00,-455.16930716269843
2025-03-28 02:00:00+00:00,2025-03-28 02:00:00+00:00,-490.7160630087395
2025-03-28 02:30:00+00:00,2025-03-28 02:30:00+00:00,-555.9082860335498
2025-03-28 03:00:00+00:00,2025-03-28 03:00:00+00:00,-414.5802882891705
2025-03-28 03:30:00+00:00,2025-03-28 03:30:00+00:00,-295.8700072619048
2025-03-28 04:00:00+00:00,2025-03-28 04:00:00+00:00,-498.2170073728355
2025-03-28 04:30:00+00:00,2025-03-28 04:30:00+00:00,-652.8694054834054
2025-03-28 05:00:00+00:00,2025-03-28 05:00:00+00:00,-295.19385938492064
2025-03-28 05:30:00+00:00,2025-03-28 05:30:00+00:00,-387.7078560780423
2025-03-28 06:00:00+00:00,2025-03-28 06:00:00+00:00,-137.7541680641058
2025-03-28 06:30:00+00:00,2025-03-28 06:30:00+00:00,158.37645857142857
2025-03-28 07:00:00+00:00,2025-03-28 07:00:00+00:00,-645.3988591753656
2025-03-28 07:30:00+00:00,2025-03-28 07:30:00+00:00,-615.7394966791578
2025-03-28 08:00:00+00:00,2025-03-28 08:00:00+00:00,-503.2071940277778
2025-03-28 08:30:00+00:00,2025-03-28 08:30:00+00:00,-305.5720463176951
2025-03-28 09:00:00+00:00,2025-03-28 09:00:00+00:00,-268.2247942219817
2025-03-28 09:30:00+00:00,2025-03-28 09:30:00+00:00,-459.8766779133598
2025-03-28 10:00:00+00:00,2025-03-28 10:00:00+00:00,-393.47203476851854
2025-03-28 10:30:00+00:00,2025-03-28 10:30:00+00:00,-1096.3231170833333
2025-03-28 11:00:00+00:00,2025-03-28 11:00:00+00:00,-1168.8422681944444
2025-03-28 11:30:00+00:00,2025-03-28 11:30:00+00:00,-1609.548888888889
2025-03-28 12:00:00+00:00,2025-03-28 12:00:00+00:00,-1349.372551712963
2025-03-28 12:30:00+00:00,2025-03-28 12:30:00+00:00,-1085.9327063317749
2025-03-28 13:00:00+00:00,2025-03-28 13:00:00+00:00,-506.47174735239594
2025-03-28 13:30:00+00:00,2025-03-28 13:30:00+00:00,-512.7167225885839
2025-03-28 14:00:00+00:00,2025-03-28 14:00:00+00:00,-494.8845612287776
2025-03-28 14:30:00+00:00,2025-03-28 14:30:00+00:00,-863.7911613296336
2025-03-28 15:00:00+00:00,2025-03-28 15:00:00+00:00,-923.061706038672
2025-03-28 15:30:00+00:00,2025-03-28 15:30:00+00:00,-617.7372817144892
2025-03-28 16:00:00+00:00,2025-03-28 16:00:00+00:00,36.03943539253736
2025-03-28 16:30:00+00:00,2025-03-28 16:30:00+00:00,208.4351796254288
2025-03-28 17:00:00+00:00,2025-03-28 17:00:00+00:00,-171.41513116505698
2025-03-28 17:30:00+00:00,2025-03-28 17:30:00+00:00,-232.10564258007338
2025-03-28 18:00:00+00:00,2025-03-28 18:00:00+00:00,-286.9240201940088
2025-03-28 18:30:00+00:00,2025-03-28 18:30:00+00:00,-104.045779399813
2025-03-28 19:00:00+00:00,2025-03-28 19:00:00+00:00,-348.75197892125675
2025-03-28 19:30:00+00:00,2025-03-28 19:30:00+00:00,-22.698946824432877
2025-03-28 20:00:00+00:00,2025-03-28 20:00:00+00:00,144.4771063888889
2025-03-28 20:30:00+00:00,2025-03-28 20:30:00+00:00,2.301450151756034
2025-03-28 21:00:00+00:00,2025-03-28 21:00:00+00:00,-52.340471111111114
2025-03-28 21:30:00+00:00,2025-03-28 21:30:00+00:00,99.55214896214896
2025-03-28 22:00:00+00:00,2025-03-28 22:00:00+00:00,-59.63692165246428
2025-03-28 22:30:00+00:00,2025-03-28 22:30:00+00:00,24.340891585127167
2025-03-28 23:00:00+00:00,2025-03-28 23:00:00+00:00,14.399071428571428
2025-03-28 23:30:00+00:00,2025-03-28 23:30:00+00:00,84.74282312759642
2025-03-29 00:00:00+00:00,2025-03-29 00:00:00+00:00,-142.21699930555556
2025-03-29 00:30:00+00:00,2025-03-29 00:30:00+00:00,19.58331527777778
2025-03-29 01:00:00+00:00,2025-03-29 01:00:00+00:00,-242.14611194444444
2025-03-29 01:30:00+00:00,2025-03-29 01:30:00+00:00,-335.2940266559829
2025-03-29 02:00:00+00:00,2025-03-29 02:00:00+00:00,-37.60705524038462
2025-03-29 02:30:00+00:00,2025-03-29 02:30:00+00:00,102.575
2025-03-29 03:00:00+00:00,2025-03-29 03:00:00+00:00,-306.81638888888887
2025-03-29 03:30:00+00:00,2025-03-29 03:30:00+00:00,-318.81666666666666
2025-03-29 04:00:00+00:00,2025-03-29 04:00:00+00:00,-169.70833333333334
2025-03-29 04:30:00+00:00,2025-03-29 04:30:00+00:00,15.525
2025-03-29 05:00:00+00:00,2025-03-29 05:00:00+00:00,162.07766666666666
2025-03-29 05:30:00+00:00,2025-03-29 05:30:00+00:00,228.37524680555555
2025-03-29 06:00:00+00:00,2025-03-29 06:00:00+00:00,191.13178222222223
2025-03-29 06:30:00+00:00,2025-03-29 06:30:00+00:00,152.48333333333332
2025-03-29 07:00:00+00:00,2025-03-29 07:00:00+00:00,280.85858666666667
2025-03-29 07:30:00+00:00,2025-03-29 07:30:00+00:00,405.17373609546934
2025-03-29 08:00:00+00:00,2025-03-29 08:00:00+00:00,547.473657797619
2025-03-29 08:30:00+00:00,2025-03-29 08:30:00+00:00,366.6363236742424
2025-03-29 09:00:00+00:00,2025-03-29 09:00:00+00:00,17.628953906926405
2025-03-29 09:30:00+00:00,2025-03-29 09:30:00+00:00,-631.7732180357143
2025-03-29 10:00:00+00:00,2025-03-29 10:00:00+00:00,-699.6861722222222
2025-03-29 10:30:00+00:00,2025-03-29 10:30:00+00:00,-574.5473121825397
2025-03-29 11:00:00+00:00,2025-03-29 11:00:00+00:00,-595.7801336091374
2025-03-29 11:30:00+00:00,2025-03-29 11:30:00+00:00,-1437.199495969958
2025-03-29 12:00:00+00:00,2025-03-29 12:00:00+00:00,-1851.8948377777779
2025-03-29 12:30:00+00:00,2025-03-29 12:30:00+00:00,-1570.45833125
2025-03-29 13:00:00+00:00,2025-03-29 13:00:00+00:00,-1570.6205000019493
2025-03-29 13:30:00+00:00,2025-03-29 13:30:00+00:00,-1673.4733230555555
2025-03-29 14:00:00+00:00,2025-03-29 14:00:00+00:00,-1247.5150352579365
2025-03-29 14:30:00+00:00,2025-03-29 14:30:00+00:00,-667.9485398621051
2025-03-29 15:00:00+00:00,2025-03-29 15:00:00+00:00,-254.57880675925927
2025-03-29 15:30:00+00:00,2025-03-29 15:30:00+00:00,137.90117829594018
2025-03-29 16:00:00+00:00,2025-03-29 16:00:00+00:00,170.7527612820513
2025-03-29 16:30:00+00:00,2025-03-29 16:30:00+00:00,163.94790979062918
2025-03-29 17:00:00+00:00,2025-03-29 17:00:00+00:00,82.58326222675473
2025-03-29 17:30:00+00:00,2025-03-29 17:30:00+00:00,85.73607432705026
2025-03-29 18:00:00+00:00,2025-03-29 18:00:00+00:00,171.03074740079364
2025-03-29 18:30:00+00:00,2025-03-29 18:30:00+00:00,304.30971652777777
2025-03-29 19:00:00+00:00,2025-03-29 19:00:00+00:00,151.65329039021165
2025-03-29 19:30:00+00:00,2025-03-29 19:30:00+00:00,-129.04132020833333
2025-03-29 20:00:00+00:00,2025-03-29 20:00:00+00:00,-86.10317494949496
2025-03-29 20:30:00+00:00,2025-03-29 20:30:00+00:00,-318.53258797386303
2025-03-29 21:00:00+00:00,2025-03-29 21:00:00+00:00,-336.01075
2025-03-29 21:30:00+00:00,2025-03-29 21:30:00+00:00,-160.7780962169312
2025-03-29 22:00:00+00:00,2025-03-29 22:00:00+00:00,200.64360927248677
2025-03-29 22:30:00+00:00,2025-03-29 22:30:00+00:00,-417.87886087301587
2025-03-29 23:00:00+00:00,2025-03-29 23:00:00+00:00,-132.11699971560847
2025-03-29 23:30:00+00:00,2025-03-29 23:30:00+00:00,-229.80997153439154
2025-03-30 00:00:00+00:00,2025-03-30 00:00:00+00:00,-653.4649145039682
2025-03-30 00:30:00+00:00,2025-03-30 00:30:00+00:00,-495.99079683862436
2025-03-30 01:00:00+00:00,2025-03-30 02:00:00+01:00,-1010.5598062698413
2025-03-30 01:30:00+00:00,2025-03-30 02:30:00+01:00,-1172.596214677093
2025-03-30 02:00:00+00:00,2025-03-30 03:00:00+01:00,-1038.1473758948023
2025-03-30 02:30:00+00:00,2025-03-30 03:30:00+01:00,-1188.6734817538127
2025-03-30 03:00:00+00:00,2025-03-30 04:00:00+01:00,-1095.3074618736384
2025-03-30 03:30:00+00:00,2025-03-30 04:30:00+01:00,-1113.8
2025-03-30 04:00:00+00:00,2025-03-30 05:00:00+01:00,-933.6
2025-03-30 04:30:00+00:00,2025-03-30 05:30:00+01:00,-801.1374928902117
2025-03-30 05:00:00+00:00,2025-03-30 06:00:00+01:00,-612.7725661375662
2025-03-30 05:30:00+00:00,2025-03-30 06:30:00+01:00,-633.6410032539683
2025-03-30 06:00:00+00:00,2025-03-30 07:00:00+01:00,-632.1831843650793
2025-03-30 06:30:00+00:00,2025-03-30 07:30:00+01:00,-607.5666666666667
2025-03-30 07:00:00+00:00,2025-03-30 08:00:00+01:00,-464.27632305555557
2025-03-30 07:30:00+00:00,2025-03-30 08:30:00+01:00,-747.192551712963
2025-03-30 08:00:00+00:00,2025-03-30 09:00:00+01:00,-1482.7655092592593
2025-03-30 08:30:00+00:00,2025-03-30 09:30:00+01:00,-1445.333371388889
2025-03-30 09:00:00+00:00,2025-03-30 10:00:00+01:00,-1271.13166401341
2025-03-30 09:30:00+00:00,2025-03-30 10:30:00+01:00,-1457.0569239506196
2025-03-30 10:00:00+00:00,2025-03-30 11:00:00+01:00,-1317.676637408474
2025-03-30 10:30:00+00:00,2025-03-30 11:30:00+01:00,-1630.9006089087302
2025-03-30 11:00:00+00:00,2025-03-30 12:00:00+01:00,-1544.987535326087
2025-03-30 11:30:00+00:00,2025-03-30 12:30:00+01:00,-1611.4519352777777
2025-03-30 12:00:00+00:00,2025-03-30 13:00:00+01:00,-1430.2033308749023
2025-03-30 12:30:00+00:00,2025-03-30 13:30:00+01:00,-1228.2896258989522
2025-03-30 13:00:00+00:00,2025-03-30 14:00:00+01:00,-1050.0758719444445
2025-03-30 13:30:00+00:00,2025-03-30 14:30:00+01:00,-697.0265589285714
2025-03-30 14:00:00+00:00,2025-03-30 15:00:00+01:00,-1288.9834322589552
2025-03-30 14:30:00+00:00,2025-03-30 15:30:00+01:00,-753.9871822156084
2025-03-30 15:00:00+00:00,2025-03-30 16:00:00+01:00,-404.27472222222224
2025-03-30 15:30:00+00:00,2025-03-30 16:30:00+01:00,-166.47720833333332
2025-03-30 16:00:00+00:00,2025-03-30 17:00:00+01:00,-382.27805498157596
2025-03-30 16:30:00+00:00,2025-03-30 17:30:00+01:00,-804.6725504546181
2025-03-30 17:00:00+00:00,2025-03-30 18:00:00+01:00,-941.7756772767476
2025-03-30 17:30:00+00:00,2025-03-30 18:30:00+01:00,-54.18701902003671
2025-03-30 18:00:00+00:00,2025-03-30 19:00:00+01:00,-72.35420634920635
2025-03-30 18:30:00+00:00,2025-03-30 19:30:00+01:00,-164.21298844246033
2025-03-30 19:00:00+00:00,2025-03-30 20:00:00+01:00,264.40384625
2025-03-30 19:30:00+00:00,2025-03-30 20:30:00+01:00,196.71766666666667
2025-03-30 20:00:00+00:00,2025-03-30 21:00:00+01:00,109.18074983585859
2025-03-30 20:30:00+00:00,2025-03-30 21:30:00+01:00,-5.9280019444444445
2025-03-30 21:00:00+00:00,2025-03-30 22:00:00+01:00,84.881625
2025-03-30 21:30:00+00:00,2025-03-30 22:30:00+01:00,-272.65322208333333
2025-03-30 22:00:00+00:00,2025-03-30 23:00:00+01:00,-318.2857511474359
2025-03-30 22:30:00+00:00,2025-03-30 23:30:00+01:00,-196.5997474747475
2025-03-30 23:00:00+00:00,2025-03-31 00:00:00+01:00,77.32218118686869
2025-03-30 23:30:00+00:00,2025-03-31 00:30:00+01:00,-5.325925925925926
2025-03-31 00:00:00+00:00,2025-03-31 01:00:00+01:00,-91.28855108024692
2025-03-31 00:30:00+00:00,2025-03-31 01:30:00+01:00,-161.6405690277778
2025-03-31 01:00:00+00:00,2025-03-31 02:00:00+01:00,-257.5416656944444
2025-03-31 01:30:00+00:00,2025-03-31 02:30:00+01:00,-309.09208333333333
2025-03-31 02:00:00+00:00,2025-03-31 03:00:00+01:00,-348.4117708333333
2025-03-31 02:30:00+00:00,2025-03-31 03:30:00+01:00,-225.2494696969697
2025-03-31 03:00:00+00:00,2025-03-31 04:00:00+01:00,-320.6326458585859
2025-03-31 03:30:00+00:00,2025-03-31 04:30:00+01:00,-308.18568859126987
2025-03-31 04:00:00+00:00,2025-03-31 05:00:00+01:00,-347.332549614899
2025-03-31 04:30:00+00:00,2025-03-31 05:30:00+01:00,-326.7356557449495
2025-03-31 05:00:00+00:00,2025-03-31 06:00:00+01:00,121.55421785817126
2025-03-31 05:30:00+00:00,2025-03-31 06:30:00+01:00,400.24589638888887
2025-03-31 06:00:00+00:00,2025-03-31 07:00:00+01:00,1022.765627180386
2025-03-31 06:30:00+00:00,2025-03-31 07:30:00+01:00,1178.853711119726
2025-03-31 07:00:00+00:00,2025-03-31 08:00:00+01:00,127.16826374015848
2025-03-31 07:30:00+00:00,2025-03-31 08:30:00+01:00,252.09258358187134
2025-03-31 08:00:00+00:00,2025-03-31 09:00:00+01:00,386.6433333333333
2025-03-31 08:30:00+00:00,2025-03-31 09:30:00+01:00,-106.60416666666667
2025-03-31 09:00:00+00:00,2025-03-31 10:00:00+01:00,-206.38916666666665
2025-03-31 09:30:00+00:00,2025-03-31 10:30:00+01:00,-216.8268806303419
2025-03-31 10:00:00+00:00,2025-03-31 11:00:00+01:00,-21.756048642533937
2025-03-31 10:30:00+00:00,2025-03-31 11:30:00+01:00,-104.44189619047619
2025-03-31 11:00:00+00:00,2025-03-31 12:00:00+01:00,-227.20026455026456
2025-03-31 11:30:00+00:00,2025-03-31 12:30:00+01:00,-440.0154723397436
2025-03-31 12:00:00+00:00,2025-03-31 13:00:00+01:00,-196.79665532287157
2025-03-31 12:30:00+00:00,2025-03-31 13:30:00+01:00,-97.24059343434344
2025-03-31 13:00:00+00:00,2025-03-31 14:00:00+01:00,-131.91915416666666
2025-03-31 13:30:00+00:00,2025-03-31 14:30:00+01:00,-35.5008351984127
2025-03-31 14:00:00+00:00,2025-03-31 15:00:00+01:00,-10.576556776556776
2025-03-31 14:30:00+00:00,2025-03-31 15:30:00+01:00,-10.89300636111111
2025-03-31 15:00:00+00:00,2025-03-31 16:00:00+01:00,-173.98333333333332
2025-03-31 15:30:00+00:00,2025-03-31 16:30:00+01:00,-347.25026304713805
2025-03-31 16:00:00+00:00,2025-03-31 17:00:00+01:00,64.8512361111111
2025-03-31 16:30:00+00:00,2025-03-31 17:30:00+01:00,224.93300805555555
2025-03-31 17:00:00+00:00,2025-03-31 18:00:00+01:00,242.73207146464645
2025-03-31 17:30:00+00:00,2025-03-31 18:30:00+01:00,250.2382919877345
2025-03-31 18:00:00+00:00,2025-03-31 19:00:00+01:00,133.78187280723907
2025-03-31 18:30:00+00:00,2025-03-31 19:30:00+01:00,260.3626469017094
2025-03-31 19:00:00+00:00,2025-03-31 20:00:00+01:00,137.9194347809722
2025-03-31 19:30:00+00:00,2025-03-31 20:30:00+01:00,47.330990138888886
2025-03-31 20:00:00+00:00,2025-03-31 21:00:00+01:00,46.83489800267933
2025-03-31 20:30:00+00:00,2025-03-31 21:30:00+01:00,-72.98937867900783
2025-03-31 21:00:00+00:00,2025-03-31 22:00:00+01:00,-261.4032821079177
2025-03-31 21:30:00+00:00,2025-03-31 22:30:00+01:00,-333.76338676641984
2025-03-31 22:00:00+00:00,2025-03-31 23:00:00+01:00,-288.51016528406234
2025-03-31 22:30:00+00:00,2025-03-31 23:30:00+01:00,-156.04600527777777
