UTCTime,ClockTime,energy
2025-03-01 00:00:00+00:00,2025-03-01 00:00:00+00:00,13.396000000003365
2025-03-01 00:30:00+00:00,2025-03-01 00:30:00+00:00,12.417999999996365
2025-03-01 01:00:00+00:00,2025-03-01 01:00:00+00:00,11.143000000001617
2025-03-01 01:30:00+00:00,2025-03-01 01:30:00+00:00,11.401999999996399
2025-03-01 02:00:00+00:00,2025-03-01 02:00:00+00:00,11.07800000000395
2025-03-01 02:30:00+00:00,2025-03-01 02:30:00+00:00,11.657999999998875
2025-03-01 03:00:00+00:00,2025-03-01 03:00:00+00:00,12.317999999999753
2025-03-01 03:30:00+00:00,2025-03-01 03:30:00+00:00,12.882000000002673
2025-03-01 04:00:00+00:00,2025-03-01 04:00:00+00:00,13.58199999999726
2025-03-01 04:30:00+00:00,2025-03-01 04:30:00+00:00,14.110000000001262
2025-03-01 05:00:00+00:00,2025-03-01 05:00:00+00:00,13.65700000000072
2025-03-01 05:30:00+00:00,2025-03-01 05:30:00+00:00,14.367999999997316
2025-03-01 06:00:00+00:00,2025-03-01 06:00:00+00:00,16.750000000002046
2025-03-01 06:30:00+00:00,2025-03-01 06:30:00+00:00,19.325999999995133
2025-03-01 07:00:00+00:00,2025-03-01 07:00:00+00:00,22.237000000004173
2025-03-01 07:30:00+00:00,2025-03-01 07:30:00+00:00,22.31399999999894
2025-03-01 08:00:00+00:00,2025-03-01 08:00:00+00:00,23.72500000000184
2025-03-01 08:30:00+00:00,2025-03-01 08:30:00+00:00,23.591999999998848
2025-03-01 09:00:00+00:00,2025-03-01 09:00:00+00:00,22.984000000000947
2025-03-01 09:30:00+00:00,2025-03-01 09:30:00+00:00,20.540000000001783
2025-03-01 10:00:00+00:00,2025-03-01 10:00:00+00:00,20.15699999999447
2025-03-01 10:30:00+00:00,2025-03-01 10:30:00+00:00,17.47000000000116
2025-03-01 11:00:00+00:00,2025-03-01 11:00:00+00:00,17.390999999999508
2025-03-01 11:30:00+00:00,2025-03-01 11:30:00+00:00,16.186000000003897
2025-03-01 12:00:00+00:00,2025-03-01 12:00:00+00:00,16.67299999999682
2025-03-01 12:30:00+00:00,2025-03-01 12:30:00+00:00,16.134000000001716
2025-03-01 13:00:00+00:00,2025-03-01 13:00:00+00:00,20.264999999999873
2025-03-01 13:30:00+00:00,2025-03-01 13:30:00+00:00,17.90599999999972
2025-03-01 14:00:00+00:00,2025-03-01 14:00:00+00:00,15.317000000001597
2025-03-01 14:30:00+00:00,2025-03-01 14:30:00+00:00,14.242999999996298
2025-03-01 15:00:00+00:00,2025-03-01 15:00:00+00:00,13.492000000002005
2025-03-01 15:30:00+00:00,2025-03-01 15:30:00+00:00,13.719999999999004
2025-03-01 16:00:00+00:00,2025-03-01 16:00:00+00:00,16.090000000002302
2025-03-01 16:30:00+00:00,2025-03-01 16:30:00+00:00,17.237999999995054
2025-03-01 17:00:00+00:00,2025-03-01 17:00:00+00:00,16.330000000003906
2025-03-01 17:30:00+00:00,2025-03-01 17:30:00+00:00,19.892999999998096
2025-03-01 18:00:00+00:00,2025-03-01 18:00:00+00:00,22.607000000001676
2025-03-01 18:30:00+00:00,2025-03-01 18:30:00+00:00,25.330000000002656
2025-03-01 19:00:00+00:00,2025-03-01 19:00:00+00:00,23.51899999999864
2025-03-01 19:30:00+00:00,2025-03-01 19:30:00+00:00,22.638999999998987
2025-03-01 20:00:00+00:00,2025-03-01 20:00:00+00:00,18.7759999999995
2025-03-01 20:30:00+00:00,2025-03-01 20:30:00+00:00,18.12699999999745
2025-03-01 21:00:00+00:00,2025-03-01 21:00:00+00:00,19.01000000000078
2025-03-01 21:30:00+00:00,2025-03-01 21:30:00+00:00,18.098000000004046
2025-03-01 22:00:00+00:00,2025-03-01 22:00:00+00:00,15.095999999997725
2025-03-01 22:30:00+00:00,2025-03-01 22:30:00+00:00,14.774000000001251
2025-03-01 23:00:00+00:00,2025-03-01 23:00:00+00:00,15.39500000000021
2025-03-01 23:30:00+00:00,2025-03-01 23:30:00+00:00,14.402999999998315
2025-03-02 00:00:00+00:00,2025-03-02 00:00:00+00:00,12.96099999999944
2025-03-02 00:30:00+00:00,2025-03-02 00:30:00+00:00,12.108000000003013
2025-03-02 01:00:00+00:00,2025-03-02 01:00:00+00:00,11.064999999995845
2025-03-02 01:30:00+00:00,2025-03-02 01:30:00+00:00,12.088000000002577
2025-03-02 02:00:00+00:00,2025-03-02 02:00:00+00:00,11.985999999998395
2025-03-02 02:30:00+00:00,2025-03-02 02:30:00+00:00,12.149999999999633
2025-03-02 03:00:00+00:00,2025-03-02 03:00:00+00:00,12.578999999998697
2025-03-02 03:30:00+00:00,2025-03-02 03:30:00+00:00,12.563000000003166
2025-03-02 04:00:00+00:00,2025-03-02 04:00:00+00:00,13.001999999999269
2025-03-02 04:30:00+00:00,2025-03-02 04:30:00+00:00,13.542000000000026
2025-03-02 05:00:00+00:00,2025-03-02 05:00:00+00:00,14.080000000000492
2025-03-02 05:30:00+00:00,2025-03-02 05:30:00+00:00,14.241000000001119
2025-03-02 06:00:00+00:00,2025-03-02 06:00:00+00:00,16.152999999994787
2025-03-02 06:30:00+00:00,2025-03-02 06:30:00+00:00,20.288000000004214
2025-03-02 07:00:00+00:00,2025-03-02 07:00:00+00:00,22.497999999999706
2025-03-02 07:30:00+00:00,2025-03-02 07:30:00+00:00,23.13100000000088
2025-03-02 08:00:00+00:00,2025-03-02 08:00:00+00:00,23.159999999998718
2025-03-02 08:30:00+00:00,2025-03-02 08:30:00+00:00,23.88499999999749
2025-03-02 09:00:00+00:00,2025-03-02 09:00:00+00:00,23.475000000001042
2025-03-02 09:30:00+00:00,2025-03-02 09:30:00+00:00,19.625999999999976
2025-03-02 10:00:00+00:00,2025-03-02 10:00:00+00:00,17.623000000001973
2025-03-02 10:30:00+00:00,2025-03-02 10:30:00+00:00,17.477000000000086
2025-03-02 11:00:00+00:00,2025-03-02 11:00:00+00:00,20.873000000000502
2025-03-02 11:30:00+00:00,2025-03-02 11:30:00+00:00,19.784000000000106
2025-03-02 12:00:00+00:00,2025-03-02 12:00:00+00:00,19.07599999999752
2025-03-02 12:30:00+00:00,2025-03-02 12:30:00+00:00,17.35599999999965
2025-03-02 13:00:00+00:00,2025-03-02 13:00:00+00:00,15.806000000001855
2025-03-02 13:30:00+00:00,2025-03-02 13:30:00+00:00,16.085000000001628
2025-03-02 14:00:00+00:00,2025-03-02 14:00:00+00:00,15.807999999998174
2025-03-02 14:30:00+00:00,2025-03-02 14:30:00+00:00,15.930999999998788
2025-03-02 15:00:00+00:00,2025-03-02 15:00:00+00:00,15.953000000002246
2025-03-02 15:30:00+00:00,2025-03-02 15:30:00+00:00,18.288999999999987
2025-03-02 16:00:00+00:00,2025-03-02 16:00:00+00:00,18.65099999999825
2025-03-02 16:30:00+00:00,2025-03-02 16:30:00+00:00,17.995
2025-03-02 17:00:00+00:00,2025-03-02 17:00:00+00:00,22.24599999999964
2025-03-02 17:30:00+00:00,2025-03-02 17:30:00+00:00,26.0960000000008
2025-03-02 18:00:00+00:00,2025-03-02 18:00:00+00:00,26.442999999999984
2025-03-02 18:30:00+00:00,2025-03-02 18:30:00+00:00,28.713000000000193
2025-03-02 19:00:00+00:00,2025-03-02 19:00:00+00:00,23.72599999999852
2025-03-02 19:30:00+00:00,2025-03-02 19:30:00+00:00,23.592999999999847
2025-03-02 20:00:00+00:00,2025-03-02 20:00:00+00:00,23.398999999999546
2025-03-02 20:30:00+00:00,2025-03-02 20:30:00+00:00,26.556000000000267
2025-03-02 21:00:00+00:00,2025-03-02 21:00:00+00:00,24.44900000000598
2025-03-02 21:30:00+00:00,2025-03-02 21:30:00+00:00,23.13399999999649
2025-03-02 22:00:00+00:00,2025-03-02 22:00:00+00:00,19.05699999999854
2025-03-02 22:30:00+00:00,2025-03-02 22:30:00+00:00,16.193999999998024
2025-03-02 23:00:00+00:00,2025-03-02 23:00:00+00:00,15.488000000000282
2025-03-02 23:30:00+00:00,2025-03-02 23:30:00+00:00,15.376000000003838
2025-03-03 00:00:00+00:00,2025-03-03 00:00:00+00:00,14.566999999995797
2025-03-03 00:30:00+00:00,2025-03-03 00:30:00+00:00,13.697000000002953
2025-03-03 01:00:00+00:00,2025-03-03 01:00:00+00:00,12.815000000003916
2025-03-03 01:30:00+00:00,2025-03-03 01:30:00+00:00,12.368999999993882
2025-03-03 02:00:00+00:00,2025-03-03 02:00:00+00:00,12.067000000000004
2025-03-03 02:30:00+00:00,2025-03-03 02:30:00+00:00,12.689000000002345
2025-03-03 03:00:00+00:00,2025-03-03 03:00:00+00:00,13.539000000000666
2025-03-03 03:30:00+00:00,2025-03-03 03:30:00+00:00,13.460000000000598
2025-03-03 04:00:00+00:00,2025-03-03 04:00:00+00:00,12.938999999996891
2025-03-03 04:30:00+00:00,2025-03-03 04:30:00+00:00,12.264999999999983
2025-03-03 05:00:00+00:00,2025-03-03 05:00:00+00:00,11.988999999999917
2025-03-03 05:30:00+00:00,2025-03-03 05:30:00+00:00,13.62600000000236
2025-03-03 06:00:00+00:00,2025-03-03 06:00:00+00:00,17.203999999998928
2025-03-03 06:30:00+00:00,2025-03-03 06:30:00+00:00,19.86000000000149
2025-03-03 07:00:00+00:00,2025-03-03 07:00:00+00:00,22.70599999999945
2025-03-03 07:30:00+00:00,2025-03-03 07:30:00+00:00,23.56599999999969
2025-03-03 08:00:00+00:00,2025-03-03 08:00:00+00:00,23.023000000000366
2025-03-03 08:30:00+00:00,2025-03-03 08:30:00+00:00,18.63700000000244
2025-03-03 09:00:00+00:00,2025-03-03 09:00:00+00:00,19.27999999999804
2025-03-03 09:30:00+00:00,2025-03-03 09:30:00+00:00,17.497999999998342
2025-03-03 10:00:00+00:00,2025-03-03 10:00:00+00:00,14.69599999999957
2025-03-03 10:30:00+00:00,2025-03-03 10:30:00+00:00,16.26299999999992
2025-03-03 11:00:00+00:00,2025-03-03 11:00:00+00:00,17.67800000000034
2025-03-03 11:30:00+00:00,2025-03-03 11:30:00+00:00,16.4339999999969
2025-03-03 12:00:00+00:00,2025-03-03 12:00:00+00:00,16.51000000000101
2025-03-03 12:30:00+00:00,2025-03-03 12:30:00+00:00,14.582000000001125
2025-03-03 13:00:00+00:00,2025-03-03 13:00:00+00:00,16.199000000001092
2025-03-03 13:30:00+00:00,2025-03-03 13:30:00+00:00,12.001000000001792
2025-03-03 14:00:00+00:00,2025-03-03 14:00:00+00:00,11.700999999997633
2025-03-03 14:30:00+00:00,2025-03-03 14:30:00+00:00,11.885000000001579
2025-03-03 15:00:00+00:00,2025-03-03 15:00:00+00:00,12.995999999999526
2025-03-03 15:30:00+00:00,2025-03-03 15:30:00+00:00,12.779999999999397
2025-03-03 16:00:00+00:00,2025-03-03 16:00:00+00:00,14.439000000002123
2025-03-03 16:30:00+00:00,2025-03-03 16:30:00+00:00,19.098999999997773
2025-03-03 17:00:00+00:00,2025-03-03 17:00:00+00:00,21.378999999997177
2025-03-03 17:30:00+00:00,2025-03-03 17:30:00+00:00,20.878000000005724
2025-03-03 18:00:00+00:00,2025-03-03 18:00:00+00:00,21.737000000000535
2025-03-03 18:30:00+00:00,2025-03-03 18:30:00+00:00,21.597999999994954
2025-03-03 19:00:00+00:00,2025-03-03 19:00:00+00:00,21.140000000001574
2025-03-03 19:30:00+00:00,2025-03-03 19:30:00+00:00,25.040999999999144
2025-03-03 20:00:00+00:00,2025-03-03 20:00:00+00:00,26.447000000002504
2025-03-03 20:30:00+00:00,2025-03-03 20:30:00+00:00,26.951999999999654
2025-03-03 21:00:00+00:00,2025-03-03 21:00:00+00:00,24.653999999998636
2025-03-03 21:30:00+00:00,2025-03-03 21:30:00+00:00,20.066000000000937
2025-03-03 22:00:00+00:00,2025-03-03 22:00:00+00:00,16.253999999997745
2025-03-03 22:30:00+00:00,2025-03-03 22:30:00+00:00,15.341000000002959
2025-03-03 23:00:00+00:00,2025-03-03 23:00:00+00:00,14.597999999998361
2025-03-03 23:30:00+00:00,2025-03-03 23:30:00+00:00,12.635000000001922
2025-03-04 00:00:00+00:00,2025-03-04 00:00:00+00:00,11.475000000000135
2025-03-04 00:30:00+00:00,2025-03-04 00:30:00+00:00,10.527999999997402
2025-03-04 01:00:00+00:00,2025-03-04 01:00:00+00:00,10.318000000003387
2025-03-04 01:30:00+00:00,2025-03-04 01:30:00+00:00,9.625999999997699
2025-03-04 02:00:00+00:00,2025-03-04 02:00:00+00:00,9.505999999998375
2025-03-04 02:30:00+00:00,2025-03-04 02:30:00+00:00,10.16700000000514
2025-03-04 03:00:00+00:00,2025-03-04 03:00:00+00:00,10.776999999997766
2025-03-04 03:30:00+00:00,2025-03-04 03:30:00+00:00,10.520999999997567
2025-03-04 04:00:00+00:00,2025-03-04 04:00:00+00:00,10.568999999999956
2025-03-04 04:30:00+00:00,2025-03-04 04:30:00+00:00,9.650000000003953
2025-03-04 05:00:00+00:00,2025-03-04 05:00:00+00:00,10.43099999999924
2025-03-04 05:30:00+00:00,2025-03-04 05:30:00+00:00,10.9639999999938
2025-03-04 06:00:00+00:00,2025-03-04 06:00:00+00:00,14.168000000005117
2025-03-04 06:30:00+00:00,2025-03-04 06:30:00+00:00,18.042000000003664
2025-03-04 07:00:00+00:00,2025-03-04 07:00:00+00:00,20.33499999999742
2025-03-04 07:30:00+00:00,2025-03-04 07:30:00+00:00,20.95299999999861
2025-03-04 08:00:00+00:00,2025-03-04 08:00:00+00:00,22.11700000000087
2025-03-04 08:30:00+00:00,2025-03-04 08:30:00+00:00,21.812999999996805
2025-03-04 09:00:00+00:00,2025-03-04 09:00:00+00:00,20.428000000001703
2025-03-04 09:30:00+00:00,2025-03-04 09:30:00+00:00,18.277999999999558
2025-03-04 10:00:00+00:00,2025-03-04 10:00:00+00:00,17.457000000002154
2025-03-04 10:30:00+00:00,2025-03-04 10:30:00+00:00,13.664999999996095
2025-03-04 11:00:00+00:00,2025-03-04 11:00:00+00:00,13.471000000002956
2025-03-04 11:30:00+00:00,2025-03-04 11:30:00+00:00,13.545000000000638
2025-03-04 12:00:00+00:00,2025-03-04 12:00:00+00:00,13.505999999995876
2025-03-04 12:30:00+00:00,2025-03-04 12:30:00+00:00,13.81900000000746
2025-03-04 13:00:00+00:00,2025-03-04 13:00:00+00:00,13.567999999997818
2025-03-04 13:30:00+00:00,2025-03-04 13:30:00+00:00,11.022999999998998
2025-03-04 14:00:00+00:00,2025-03-04 14:00:00+00:00,11.882999999997763
2025-03-04 14:30:00+00:00,2025-03-04 14:30:00+00:00,11.561000000000714
2025-03-04 15:00:00+00:00,2025-03-04 15:00:00+00:00,13.650999999999382
2025-03-04 15:30:00+00:00,2025-03-04 15:30:00+00:00,12.964999999998891
2025-03-04 16:00:00+00:00,2025-03-04 16:00:00+00:00,13.34700000000032
2025-03-04 16:30:00+00:00,2025-03-04 16:30:00+00:00,16.026000000000977
2025-03-04 17:00:00+00:00,2025-03-04 17:00:00+00:00,16.811000000002533
2025-03-04 17:30:00+00:00,2025-03-04 17:30:00+00:00,18.310999999996056
2025-03-04 18:00:00+00:00,2025-03-04 18:00:00+00:00,19.940000000002215
2025-03-04 18:30:00+00:00,2025-03-04 18:30:00+00:00,20.2730000000015
2025-03-04 19:00:00+00:00,2025-03-04 19:00:00+00:00,19.689000000000988
2025-03-04 19:30:00+00:00,2025-03-04 19:30:00+00:00,20.71300000000133
2025-03-04 20:00:00+00:00,2025-03-04 20:00:00+00:00,17.278999999993857
2025-03-04 20:30:00+00:00,2025-03-04 20:30:00+00:00,17.380000000001584
2025-03-04 21:00:00+00:00,2025-03-04 21:00:00+00:00,18.090000000000938
2025-03-04 21:30:00+00:00,2025-03-04 21:30:00+00:00,15.812000000002968
2025-03-04 22:00:00+00:00,2025-03-04 22:00:00+00:00,12.79999999999722
2025-03-04 22:30:00+00:00,2025-03-04 22:30:00+00:00,12.333999999998014
2025-03-04 23:00:00+00:00,2025-03-04 23:00:00+00:00,11.72900000000163
2025-03-04 23:30:00+00:00,2025-03-04 23:30:00+00:00,9.95699999999658
2025-03-05 00:00:00+00:00,2025-03-05 00:00:00+00:00,9.596000000003752
2025-03-05 00:30:00+00:00,2025-03-05 00:30:00+00:00,10.174000000000317
2025-03-05 01:00:00+00:00,2025-03-05 01:00:00+00:00,10.295000000001888
2025-03-05 01:30:00+00:00,2025-03-05 01:30:00+00:00,9.120000000000001
2025-03-05 02:00:00+00:00,2025-03-05 02:00:00+00:00,9.708999999995509
2025-03-05 02:30:00+00:00,2025-03-05 02:30:00+00:00,10.202000000001018
2025-03-05 03:00:00+00:00,2025-03-05 03:00:00+00:00,11.166000000004711
2025-03-05 03:30:00+00:00,2025-03-05 03:30:00+00:00,12.291999999994797
2025-03-05 04:00:00+00:00,2025-03-05 04:00:00+00:00,11.916000000002779
2025-03-05 04:30:00+00:00,2025-03-05 04:30:00+00:00,12.310999999996964
2025-03-05 05:00:00+00:00,2025-03-05 05:00:00+00:00,12.493000000001866
2025-03-05 05:30:00+00:00,2025-03-05 05:30:00+00:00,13.429000000002471
2025-03-05 06:00:00+00:00,2025-03-05 06:00:00+00:00,16.022000000000276
2025-03-05 06:30:00+00:00,2025-03-05 06:30:00+00:00,19.89799999999923
2025-03-05 07:00:00+00:00,2025-03-05 07:00:00+00:00,25.1709999999955
2025-03-05 07:30:00+00:00,2025-03-05 07:30:00+00:00,24.946999999999207
2025-03-05 08:00:00+00:00,2025-03-05 08:00:00+00:00,24.041000000005397
2025-03-05 08:30:00+00:00,2025-03-05 08:30:00+00:00,21.068999999998592
2025-03-05 09:00:00+00:00,2025-03-05 09:00:00+00:00,21.49300000000028
2025-03-05 09:30:00+00:00,2025-03-05 09:30:00+00:00,18.903000000001384
2025-03-05 10:00:00+00:00,2025-03-05 10:00:00+00:00,18.859000000002197
2025-03-05 10:30:00+00:00,2025-03-05 10:30:00+00:00,18.602999999994154
2025-03-05 11:00:00+00:00,2025-03-05 11:00:00+00:00,18.447000000002387
2025-03-05 11:30:00+00:00,2025-03-05 11:30:00+00:00,17.493999999998096
2025-03-05 12:00:00+00:00,2025-03-05 12:00:00+00:00,16.456000000002177
2025-03-05 12:30:00+00:00,2025-03-05 12:30:00+00:00,14.187000000000578
2025-03-05 13:00:00+00:00,2025-03-05 13:00:00+00:00,14.831999999998171
2025-03-05 13:30:00+00:00,2025-03-05 13:30:00+00:00,13.23700000000019
2025-03-05 14:00:00+00:00,2025-03-05 14:00:00+00:00,10.619999999998864
2025-03-05 14:30:00+00:00,2025-03-05 14:30:00+00:00,11.269999999996681
2025-03-05 15:00:00+00:00,2025-03-05 15:00:00+00:00,11.526000000002224
2025-03-05 15:30:00+00:00,2025-03-05 15:30:00+00:00,10.646000000001319
2025-03-05 16:00:00+00:00,2025-03-05 16:00:00+00:00,12.841999999999755
2025-03-05 16:30:00+00:00,2025-03-05 16:30:00+00:00,15.712000000003169
2025-03-05 17:00:00+00:00,2025-03-05 17:00:00+00:00,19.337000000001236
2025-03-05 17:30:00+00:00,2025-03-05 17:30:00+00:00,22.879999999994876
2025-03-05 18:00:00+00:00,2025-03-05 18:00:00+00:00,20.040000000002465
2025-03-05 18:30:00+00:00,2025-03-05 18:30:00+00:00,24.47000000000105
2025-03-05 19:00:00+00:00,2025-03-05 19:00:00+00:00,26.307999999999993
2025-03-05 19:30:00+00:00,2025-03-05 19:30:00+00:00,24.42999999999836
2025-03-05 20:00:00+00:00,2025-03-05 20:00:00+00:00,22.33200000000238
2025-03-05 20:30:00+00:00,2025-03-05 20:30:00+00:00,19.630999999996106
2025-03-05 21:00:00+00:00,2025-03-05 21:00:00+00:00,17.80100000000095
2025-03-05 21:30:00+00:00,2025-03-05 21:30:00+00:00,16.329999999998563
2025-03-05 22:00:00+00:00,2025-03-05 22:00:00+00:00,12.620000000005005
2025-03-05 22:30:00+00:00,2025-03-05 22:30:00+00:00,11.594999999997068
2025-03-05 23:00:00+00:00,2025-03-05 23:00:00+00:00,9.976000000003179
2025-03-05 23:30:00+00:00,2025-03-05 23:30:00+00:00,8.91399999999521
2025-03-06 00:00:00+00:00,2025-03-06 00:00:00+00:00,7.603000000003246
2025-03-06 00:30:00+00:00,2025-03-06 00:30:00+00:00,7.60799999999892
2025-03-06 01:00:00+00:00,2025-03-06 01:00:00+00:00,8.042999999995457
2025-03-06 01:30:00+00:00,2025-03-06 01:30:00+00:00,7.194000000000525
2025-03-06 02:00:00+00:00,2025-03-06 02:00:00+00:00,7.079000000005974
2025-03-06 02:30:00+00:00,2025-03-06 02:30:00+00:00,7.748999999999111
2025-03-06 03:00:00+00:00,2025-03-06 03:00:00+00:00,8.036999999998779
2025-03-06 03:30:00+00:00,2025-03-06 03:30:00+00:00,8.280000000000308
2025-03-06 04:00:00+00:00,2025-03-06 04:00:00+00:00,8.142000000000618
2025-03-06 04:30:00+00:00,2025-03-06 04:30:00+00:00,8.324999999999473
2025-03-06 05:00:00+00:00,2025-03-06 05:00:00+00:00,8.184000000002012
2025-03-06 05:30:00+00:00,2025-03-06 05:30:00+00:00,8.666999999997298
2025-03-06 06:00:00+00:00,2025-03-06 06:00:00+00:00,10.429000000000425
2025-03-06 06:30:00+00:00,2025-03-06 06:30:00+00:00,14.40800000000149
2025-03-06 07:00:00+00:00,2025-03-06 07:00:00+00:00,16.20600000000013
2025-03-06 07:30:00+00:00,2025-03-06 07:30:00+00:00,17.456000000000692
2025-03-06 08:00:00+00:00,2025-03-06 08:00:00+00:00,16.948999999997795
2025-03-06 08:30:00+00:00,2025-03-06 08:30:00+00:00,15.335999999995689
2025-03-06 09:00:00+00:00,2025-03-06 09:00:00+00:00,14.568000000003389
2025-03-06 09:30:00+00:00,2025-03-06 09:30:00+00:00,12.840999999998868
2025-03-06 10:00:00+00:00,2025-03-06 10:00:00+00:00,12.58300000000349
2025-03-06 10:30:00+00:00,2025-03-06 10:30:00+00:00,12.082999999999739
2025-03-06 11:00:00+00:00,2025-03-06 11:00:00+00:00,11.49099999999964
2025-03-06 11:30:00+00:00,2025-03-06 11:30:00+00:00,10.04399999999941
2025-03-06 12:00:00+00:00,2025-03-06 12:00:00+00:00,9.884999999995667
2025-03-06 12:30:00+00:00,2025-03-06 12:30:00+00:00,10.965000000004688
2025-03-06 13:00:00+00:00,2025-03-06 13:00:00+00:00,12.518999999997956
2025-03-06 13:30:00+00:00,2025-03-06 13:30:00+00:00,10.682000000001377
2025-03-06 14:00:00+00:00,2025-03-06 14:00:00+00:00,10.533999999998054
2025-03-06 14:30:00+00:00,2025-03-06 14:30:00+00:00,11.197000000003182
2025-03-06 15:00:00+00:00,2025-03-06 15:00:00+00:00,11.014999999997027
2025-03-06 15:30:00+00:00,2025-03-06 15:30:00+00:00,11.927000000000588
2025-03-06 16:00:00+00:00,2025-03-06 16:00:00+00:00,15.43699999999853
2025-03-06 16:30:00+00:00,2025-03-06 16:30:00+00:00,16.76899999999773
2025-03-06 17:00:00+00:00,2025-03-06 17:00:00+00:00,18.391000000004396
2025-03-06 17:30:00+00:00,2025-03-06 17:30:00+00:00,21.810999999998216
2025-03-06 18:00:00+00:00,2025-03-06 18:00:00+00:00,22.124000000004344
2025-03-06 18:30:00+00:00,2025-03-06 18:30:00+00:00,23.291999999997643
2025-03-06 19:00:00+00:00,2025-03-06 19:00:00+00:00,23.59599999999557
2025-03-06 19:30:00+00:00,2025-03-06 19:30:00+00:00,20.19300000000476
2025-03-06 20:00:00+00:00,2025-03-06 20:00:00+00:00,18.456999999998743
2025-03-06 20:30:00+00:00,2025-03-06 20:30:00+00:00,18.200000000001406
2025-03-06 21:00:00+00:00,2025-03-06 21:00:00+00:00,16.461000000001146
2025-03-06 21:30:00+00:00,2025-03-06 21:30:00+00:00,15.169999999997911
2025-03-06 22:00:00+00:00,2025-03-06 22:00:00+00:00,13.404000000002723
2025-03-06 22:30:00+00:00,2025-03-06 22:30:00+00:00,12.356999999998148
2025-03-06 23:00:00+00:00,2025-03-06 23:00:00+00:00,9.688999999997801
2025-03-06 23:30:00+00:00,2025-03-06 23:30:00+00:00,8.629999999998969
2025-03-07 00:00:00+00:00,2025-03-07 00:00:00+00:00,8.519000000003299
2025-03-07 00:30:00+00:00,2025-03-07 00:30:00+00:00,7.829999999999242
2025-03-07 01:00:00+00:00,2025-03-07 01:00:00+00:00,7.729999999999106
2025-03-07 01:30:00+00:00,2025-03-07 01:30:00+00:00,7.652000000000268
2025-03-07 02:00:00+00:00,2025-03-07 02:00:00+00:00,6.937000000000008
2025-03-07 02:30:00+00:00,2025-03-07 02:30:00+00:00,6.892000000000845
2025-03-07 03:00:00+00:00,2025-03-07 03:00:00+00:00,7.16399999999839
2025-03-07 03:30:00+00:00,2025-03-07 03:30:00+00:00,7.606000000002037
2025-03-07 04:00:00+00:00,2025-03-07 04:00:00+00:00,8.24099999999623
2025-03-07 04:30:00+00:00,2025-03-07 04:30:00+00:00,8.148000000004227
2025-03-07 05:00:00+00:00,2025-03-07 05:00:00+00:00,7.5039999999978555
2025-03-07 05:30:00+00:00,2025-03-07 05:30:00+00:00,7.899999999998837
2025-03-07 06:00:00+00:00,2025-03-07 06:00:00+00:00,10.12200000000325
2025-03-07 06:30:00+00:00,2025-03-07 06:30:00+00:00,10.245999999997931
2025-03-07 07:00:00+00:00,2025-03-07 07:00:00+00:00,13.077999999997814
2025-03-07 07:30:00+00:00,2025-03-07 07:30:00+00:00,14.405000000002584
2025-03-07 08:00:00+00:00,2025-03-07 08:00:00+00:00,15.317000000001139
2025-03-07 08:30:00+00:00,2025-03-07 08:30:00+00:00,13.477999999999835
2025-03-07 09:00:00+00:00,2025-03-07 09:00:00+00:00,14.382999999999123
2025-03-07 09:30:00+00:00,2025-03-07 09:30:00+00:00,13.213999999998347
2025-03-07 10:00:00+00:00,2025-03-07 10:00:00+00:00,12.836999999999417
2025-03-07 10:30:00+00:00,2025-03-07 10:30:00+00:00,13.574000000000522
2025-03-07 11:00:00+00:00,2025-03-07 11:00:00+00:00,11.514000000001257
2025-03-07 11:30:00+00:00,2025-03-07 11:30:00+00:00,12.134000000002057
2025-03-07 12:00:00+00:00,2025-03-07 12:00:00+00:00,11.86499999999773
2025-03-07 12:30:00+00:00,2025-03-07 12:30:00+00:00,11.887999999998552
2025-03-07 13:00:00+00:00,2025-03-07 13:00:00+00:00,11.622000000000979
2025-03-07 13:30:00+00:00,2025-03-07 13:30:00+00:00,11.28299999999967
2025-03-07 14:00:00+00:00,2025-03-07 14:00:00+00:00,11.572000000004431
2025-03-07 14:30:00+00:00,2025-03-07 14:30:00+00:00,12.309999999998464
2025-03-07 15:00:00+00:00,2025-03-07 15:00:00+00:00,14.604999999997284
2025-03-07 15:30:00+00:00,2025-03-07 15:30:00+00:00,13.110999999999418
2025-03-07 16:00:00+00:00,2025-03-07 16:00:00+00:00,13.941000000000365
2025-03-07 16:30:00+00:00,2025-03-07 16:30:00+00:00,13.803000000004541
2025-03-07 17:00:00+00:00,2025-03-07 17:00:00+00:00,15.093999999998907
2025-03-07 17:30:00+00:00,2025-03-07 17:30:00+00:00,17.179000000000652
2025-03-07 18:00:00+00:00,2025-03-07 18:00:00+00:00,20.201999999996243
2025-03-07 18:30:00+00:00,2025-03-07 18:30:00+00:00,19.714000000002553
2025-03-07 19:00:00+00:00,2025-03-07 19:00:00+00:00,17.683000000001698
2025-03-07 19:30:00+00:00,2025-03-07 19:30:00+00:00,16.741999999995187
2025-03-07 20:00:00+00:00,2025-03-07 20:00:00+00:00,18.104000000002312
2025-03-07 20:30:00+00:00,2025-03-07 20:30:00+00:00,17.484000000001856
2025-03-07 21:00:00+00:00,2025-03-07 21:00:00+00:00,15.257999999998898
2025-03-07 21:30:00+00:00,2025-03-07 21:30:00+00:00,13.578999999999494
2025-03-07 22:00:00+00:00,2025-03-07 22:00:00+00:00,13.945999999998206
2025-03-07 22:30:00+00:00,2025-03-07 22:30:00+00:00,11.849000000000501
2025-03-07 23:00:00+00:00,2025-03-07 23:00:00+00:00,11.764000000003074
2025-03-07 23:30:00+00:00,2025-03-07 23:30:00+00:00,9.394999999996909
2025-03-08 00:00:00+00:00,2025-03-08 00:00:00+00:00,7.779000000002494
2025-03-08 00:30:00+00:00,2025-03-08 00:30:00+00:00,6.927999999995672
2025-03-08 01:00:00+00:00,2025-03-08 01:00:00+00:00,7.322000000005113
2025-03-08 01:30:00+00:00,2025-03-08 01:30:00+00:00,6.755999999996899
2025-03-08 02:00:00+00:00,2025-03-08 02:00:00+00:00,6.417999999996932
2025-03-08 02:30:00+00:00,2025-03-08 02:30:00+00:00,6.2860000000021
2025-03-08 03:00:00+00:00,2025-03-08 03:00:00+00:00,6.355000000001606
2025-03-08 03:30:00+00:00,2025-03-08 03:30:00+00:00,6.580000000000947
2025-03-08 04:00:00+00:00,2025-03-08 04:00:00+00:00,6.440000000002554
2025-03-08 04:30:00+00:00,2025-03-08 04:30:00+00:00,7.308999999992575
2025-03-08 05:00:00+00:00,2025-03-08 05:00:00+00:00,7.606000000004766
2025-03-08 05:30:00+00:00,2025-03-08 05:30:00+00:00,8.057999999998056
2025-03-08 06:00:00+00:00,2025-03-08 06:00:00+00:00,9.025000000002816
2025-03-08 06:30:00+00:00,2025-03-08 06:30:00+00:00,10.148000000000362
2025-03-08 07:00:00+00:00,2025-03-08 07:00:00+00:00,12.312999999999192
2025-03-08 07:30:00+00:00,2025-03-08 07:30:00+00:00,13.607000000001676
2025-03-08 08:00:00+00:00,2025-03-08 08:00:00+00:00,14.210999999999782
2025-03-08 08:30:00+00:00,2025-03-08 08:30:00+00:00,14.1339999999966
2025-03-08 09:00:00+00:00,2025-03-08 09:00:00+00:00,14.597999999999498
2025-03-08 09:30:00+00:00,2025-03-08 09:30:00+00:00,12.450000000002998
2025-03-08 10:00:00+00:00,2025-03-08 10:00:00+00:00,11.176999999995584
2025-03-08 10:30:00+00:00,2025-03-08 10:30:00+00:00,11.26300000000003
2025-03-08 11:00:00+00:00,2025-03-08 11:00:00+00:00,12.127000000003473
2025-03-08 11:30:00+00:00,2025-03-08 11:30:00+00:00,10.869999999998296
2025-03-08 12:00:00+00:00,2025-03-08 12:00:00+00:00,10.871000000001569
2025-03-08 12:30:00+00:00,2025-03-08 12:30:00+00:00,10.306999999998421
2025-03-08 13:00:00+00:00,2025-03-08 13:00:00+00:00,10.944999999999933
2025-03-08 13:30:00+00:00,2025-03-08 13:30:00+00:00,11.00199999999949
2025-03-08 14:00:00+00:00,2025-03-08 14:00:00+00:00,10.514000000001484
2025-03-08 14:30:00+00:00,2025-03-08 14:30:00+00:00,12.362999999998461
2025-03-08 15:00:00+00:00,2025-03-08 15:00:00+00:00,11.635000000002831
2025-03-08 15:30:00+00:00,2025-03-08 15:30:00+00:00,12.940999999999459
2025-03-08 16:00:00+00:00,2025-03-08 16:00:00+00:00,14.534999999995648
2025-03-08 16:30:00+00:00,2025-03-08 16:30:00+00:00,15.047000000005024
2025-03-08 17:00:00+00:00,2025-03-08 17:00:00+00:00,15.298999999996678
2025-03-08 17:30:00+00:00,2025-03-08 17:30:00+00:00,18.775000000001114
2025-03-08 18:00:00+00:00,2025-03-08 18:00:00+00:00,19.494000000003098
2025-03-08 18:30:00+00:00,2025-03-08 18:30:00+00:00,21.693999999998596
2025-03-08 19:00:00+00:00,2025-03-08 19:00:00+00:00,20.67299999999602
2025-03-08 19:30:00+00:00,2025-03-08 19:30:00+00:00,21.032000000001744
2025-03-08 20:00:00+00:00,2025-03-08 20:00:00+00:00,19.173999999998045
2025-03-08 20:30:00+00:00,2025-03-08 20:30:00+00:00,19.07200000000693
2025-03-08 21:00:00+00:00,2025-03-08 21:00:00+00:00,15.312999999998166
2025-03-08 21:30:00+00:00,2025-03-08 21:30:00+00:00,12.81099999999537
2025-03-08 22:00:00+00:00,2025-03-08 22:00:00+00:00,12.006000000002015
2025-03-08 22:30:00+00:00,2025-03-08 22:30:00+00:00,10.915000000003598
2025-03-08 23:00:00+00:00,2025-03-08 23:00:00+00:00,9.91299999999887
2025-03-08 23:30:00+00:00,2025-03-08 23:30:00+00:00,9.225999999998745
2025-03-09 00:00:00+00:00,2025-03-09 00:00:00+00:00,8.449000000001545
2025-03-09 00:30:00+00:00,2025-03-09 00:30:00+00:00,8.042999999993409
2025-03-09 01:00:00+00:00,2025-03-09 01:00:00+00:00,6.684000000001555
2025-03-09 01:30:00+00:00,2025-03-09 01:30:00+00:00,6.6860000000016235
2025-03-09 02:00:00+00:00,2025-03-09 02:00:00+00:00,6.727000000001903
2025-03-09 02:30:00+00:00,2025-03-09 02:30:00+00:00,6.76099999999587
2025-03-09 03:00:00+00:00,2025-03-09 03:00:00+00:00,7.070000000004593
2025-03-09 03:30:00+00:00,2025-03-09 03:30:00+00:00,6.705999999996262
2025-03-09 04:00:00+00:00,2025-03-09 04:00:00+00:00,6.451000000002861
2025-03-09 04:30:00+00:00,2025-03-09 04:30:00+00:00,7.20800000000133
2025-03-09 05:00:00+00:00,2025-03-09 05:00:00+00:00,7.407000000001626
2025-03-09 05:30:00+00:00,2025-03-09 05:30:00+00:00,7.963999999998004
2025-03-09 06:00:00+00:00,2025-03-09 06:00:00+00:00,9.805000000000856
2025-03-09 06:30:00+00:00,2025-03-09 06:30:00+00:00,10.829999999998446
2025-03-09 07:00:00+00:00,2025-03-09 07:00:00+00:00,11.052999999998516
2025-03-09 07:30:00+00:00,2025-03-09 07:30:00+00:00,11.42799999999988
2025-03-09 08:00:00+00:00,2025-03-09 08:00:00+00:00,11.248000000002548
2025-03-09 08:30:00+00:00,2025-03-09 08:30:00+00:00,10.758999999995803
2025-03-09 09:00:00+00:00,2025-03-09 09:00:00+00:00,12.367000000002575
2025-03-09 09:30:00+00:00,2025-03-09 09:30:00+00:00,10.524999999998268
2025-03-09 10:00:00+00:00,2025-03-09 10:00:00+00:00,12.582000000001464
2025-03-09 10:30:00+00:00,2025-03-09 10:30:00+00:00,9.938000000000097
2025-03-09 11:00:00+00:00,2025-03-09 11:00:00+00:00,8.443999999998479
2025-03-09 11:30:00+00:00,2025-03-09 11:30:00+00:00,9.972999999999498
2025-03-09 12:00:00+00:00,2025-03-09 12:00:00+00:00,8.286000000005966
2025-03-09 12:30:00+00:00,2025-03-09 12:30:00+00:00,11.039999999994276
2025-03-09 13:00:00+00:00,2025-03-09 13:00:00+00:00,8.290000000002006
2025-03-09 13:30:00+00:00,2025-03-09 13:30:00+00:00,7.410999999998575
2025-03-09 14:00:00+00:00,2025-03-09 14:00:00+00:00,8.33100000000206
2025-03-09 14:30:00+00:00,2025-03-09 14:30:00+00:00,8.533000000002625
2025-03-09 15:00:00+00:00,2025-03-09 15:00:00+00:00,7.279999999996217
2025-03-09 15:30:00+00:00,2025-03-09 15:30:00+00:00,8.434999999996304
2025-03-09 16:00:00+00:00,2025-03-09 16:00:00+00:00,10.04200000000139
2025-03-09 16:30:00+00:00,2025-03-09 16:30:00+00:00,10.48700000000201
2025-03-09 17:00:00+00:00,2025-03-09 17:00:00+00:00,12.250999999999973
2025-03-09 17:30:00+00:00,2025-03-09 17:30:00+00:00,14.96800000000314
2025-03-09 18:00:00+00:00,2025-03-09 18:00:00+00:00,15.41499999999371
2025-03-09 18:30:00+00:00,2025-03-09 18:30:00+00:00,16.029000000003066
2025-03-09 19:00:00+00:00,2025-03-09 19:00:00+00:00,15.611999999998144
2025-03-09 19:30:00+00:00,2025-03-09 19:30:00+00:00,13.906000000002223
2025-03-09 20:00:00+00:00,2025-03-09 20:00:00+00:00,14.280999999998695
2025-03-09 20:30:00+00:00,2025-03-09 20:30:00+00:00,15.27300000000616
2025-03-09 21:00:00+00:00,2025-03-09 21:00:00+00:00,15.000999999994516
2025-03-09 21:30:00+00:00,2025-03-09 21:30:00+00:00,14.343000000004052
2025-03-09 22:00:00+00:00,2025-03-09 22:00:00+00:00,11.379999999993284
2025-03-09 22:30:00+00:00,2025-03-09 22:30:00+00:00,9.364000000002871
2025-03-09 23:00:00+00:00,2025-03-09 23:00:00+00:00,7.79000000000087
2025-03-09 23:30:00+00:00,2025-03-09 23:30:00+00:00,6.646000000000067
2025-03-10 00:00:00+00:00,2025-03-10 00:00:00+00:00,4.93400000000167
2025-03-10 00:30:00+00:00,2025-03-10 00:30:00+00:00,4.757999999995827
2025-03-10 01:00:00+00:00,2025-03-10 01:00:00+00:00,5.365000000003415
2025-03-10 01:30:00+00:00,2025-03-10 01:30:00+00:00,4.66899999999691
2025-03-10 02:00:00+00:00,2025-03-10 02:00:00+00:00,4.146000000001659
2025-03-10 02:30:00+00:00,2025-03-10 02:30:00+00:00,4.102999999998698
2025-03-10 03:00:00+00:00,2025-03-10 03:00:00+00:00,4.712000000002031
2025-03-10 03:30:00+00:00,2025-03-10 03:30:00+00:00,4.583999999999828
2025-03-10 04:00:00+00:00,2025-03-10 04:00:00+00:00,4.852999999996309
2025-03-10 04:30:00+00:00,2025-03-10 04:30:00+00:00,4.983000000003582
2025-03-10 05:00:00+00:00,2025-03-10 05:00:00+00:00,5.99699999999768
2025-03-10 05:30:00+00:00,2025-03-10 05:30:00+00:00,6.21400000000153
2025-03-10 06:00:00+00:00,2025-03-10 06:00:00+00:00,7.8310000000008095
2025-03-10 06:30:00+00:00,2025-03-10 06:30:00+00:00,8.841000000002278
2025-03-10 07:00:00+00:00,2025-03-10 07:00:00+00:00,13.474000000000725
2025-03-10 07:30:00+00:00,2025-03-10 07:30:00+00:00,12.316999999996934
2025-03-10 08:00:00+00:00,2025-03-10 08:00:00+00:00,12.49000000000069
2025-03-10 08:30:00+00:00,2025-03-10 08:30:00+00:00,11.47400000000209
2025-03-10 09:00:00+00:00,2025-03-10 09:00:00+00:00,10.47599999999488
2025-03-10 09:30:00+00:00,2025-03-10 09:30:00+00:00,12.089000000004484
2025-03-10 10:00:00+00:00,2025-03-10 10:00:00+00:00,11.924999999996995
2025-03-10 10:30:00+00:00,2025-03-10 10:30:00+00:00,10.754000000001607
2025-03-10 11:00:00+00:00,2025-03-10 11:00:00+00:00,11.807000000000125
2025-03-10 11:30:00+00:00,2025-03-10 11:30:00+00:00,11.057999999998284
2025-03-10 12:00:00+00:00,2025-03-10 12:00:00+00:00,10.201000000000587
2025-03-10 12:30:00+00:00,2025-03-10 12:30:00+00:00,11.265000000001915
2025-03-10 13:00:00+00:00,2025-03-10 13:00:00+00:00,11.289999999997463
2025-03-10 13:30:00+00:00,2025-03-10 13:30:00+00:00,10.520000000001342
2025-03-10 14:00:00+00:00,2025-03-10 14:00:00+00:00,10.204000000000175
2025-03-10 14:30:00+00:00,2025-03-10 14:30:00+00:00,8.605000000001152
2025-03-10 15:00:00+00:00,2025-03-10 15:00:00+00:00,8.091999999996343
2025-03-10 15:30:00+00:00,2025-03-10 15:30:00+00:00,10.781000000000516
2025-03-10 16:00:00+00:00,2025-03-10 16:00:00+00:00,11.846999999999184
2025-03-10 16:30:00+00:00,2025-03-10 16:30:00+00:00,12.265999999999618
2025-03-10 17:00:00+00:00,2025-03-10 17:00:00+00:00,14.93400000000213
2025-03-10 17:30:00+00:00,2025-03-10 17:30:00+00:00,13.130999999999172
2025-03-10 18:00:00+00:00,2025-03-10 18:00:00+00:00,14.735000000000012
2025-03-10 18:30:00+00:00,2025-03-10 18:30:00+00:00,15.267999999998551
2025-03-10 19:00:00+00:00,2025-03-10 19:00:00+00:00,14.29600000000232
2025-03-10 19:30:00+00:00,2025-03-10 19:30:00+00:00,14.804999999999609
2025-03-10 20:00:00+00:00,2025-03-10 20:00:00+00:00,11.249000000001729
2025-03-10 20:30:00+00:00,2025-03-10 20:30:00+00:00,13.215999999999664
2025-03-10 21:00:00+00:00,2025-03-10 21:00:00+00:00,12.072000000003978
2025-03-10 21:30:00+00:00,2025-03-10 21:30:00+00:00,11.89099999999621
2025-03-10 22:00:00+00:00,2025-03-10 22:00:00+00:00,11.351999999997016
2025-03-10 22:30:00+00:00,2025-03-10 22:30:00+00:00,10.203000000002245
2025-03-10 23:00:00+00:00,2025-03-10 23:00:00+00:00,9.18700000000035
2025-03-10 23:30:00+00:00,2025-03-10 23:30:00+00:00,8.831999999999992
2025-03-11 00:00:00+00:00,2025-03-11 00:00:00+00:00,7.656999999997307
2025-03-11 00:30:00+00:00,2025-03-11 00:30:00+00:00,6.995000000003184
2025-03-11 01:00:00+00:00,2025-03-11 01:00:00+00:00,5.920999999994018
2025-03-11 01:30:00+00:00,2025-03-11 01:30:00+00:00,5.735000000005467
2025-03-11 02:00:00+00:00,2025-03-11 02:00:00+00:00,5.69299999999725
2025-03-11 02:30:00+00:00,2025-03-11 02:30:00+00:00,5.012000000006306
2025-03-11 03:00:00+00:00,2025-03-11 03:00:00+00:00,4.707999999995759
2025-03-11 03:30:00+00:00,2025-03-11 03:30:00+00:00,4.5349999999986
2025-03-11 04:00:00+00:00,2025-03-11 04:00:00+00:00,4.637000000000735
2025-03-11 04:30:00+00:00,2025-03-11 04:30:00+00:00,4.8460000000020464
2025-03-11 05:00:00+00:00,2025-03-11 05:00:00+00:00,6.128999999995013
2025-03-11 05:30:00+00:00,2025-03-11 05:30:00+00:00,6.5360000000048295
2025-03-11 06:00:00+00:00,2025-03-11 06:00:00+00:00,7.771000000001432
2025-03-11 06:30:00+00:00,2025-03-11 06:30:00+00:00,10.154999999997013
2025-03-11 07:00:00+00:00,2025-03-11 07:00:00+00:00,12.817999999997934
2025-03-11 07:30:00+00:00,2025-03-11 07:30:00+00:00,12.679999999999835
2025-03-11 08:00:00+00:00,2025-03-11 08:00:00+00:00,12.445000000001638
2025-03-11 08:30:00+00:00,2025-03-11 08:30:00+00:00,11.672000000003658
2025-03-11 09:00:00+00:00,2025-03-11 09:00:00+00:00,10.732999999995624
2025-03-11 09:30:00+00:00,2025-03-11 09:30:00+00:00,10.68900000000053
2025-03-11 10:00:00+00:00,2025-03-11 10:00:00+00:00,11.625999999998495
2025-03-11 10:30:00+00:00,2025-03-11 10:30:00+00:00,12.137000000000622
2025-03-11 11:00:00+00:00,2025-03-11 11:00:00+00:00,9.715000000004007
2025-03-11 11:30:00+00:00,2025-03-11 11:30:00+00:00,9.264999999999644
2025-03-11 12:00:00+00:00,2025-03-11 12:00:00+00:00,8.188999999997119
2025-03-11 12:30:00+00:00,2025-03-11 12:30:00+00:00,8.408000000001376
2025-03-11 13:00:00+00:00,2025-03-11 13:00:00+00:00,8.529999999999855
2025-03-11 13:30:00+00:00,2025-03-11 13:30:00+00:00,8.60499999999865
2025-03-11 14:00:00+00:00,2025-03-11 14:00:00+00:00,8.538000000002281
2025-03-11 14:30:00+00:00,2025-03-11 14:30:00+00:00,9.023999999999884
2025-03-11 15:00:00+00:00,2025-03-11 15:00:00+00:00,8.8249999999972
2025-03-11 15:30:00+00:00,2025-03-11 15:30:00+00:00,7.706000000003993
2025-03-11 16:00:00+00:00,2025-03-11 16:00:00+00:00,10.155999999996762
2025-03-11 16:30:00+00:00,2025-03-11 16:30:00+00:00,15.004999999997832
2025-03-11 17:00:00+00:00,2025-03-11 17:00:00+00:00,16.876000000003266
2025-03-11 17:30:00+00:00,2025-03-11 17:30:00+00:00,17.82599999999729
2025-03-11 18:00:00+00:00,2025-03-11 18:00:00+00:00,18.261000000001896
2025-03-11 18:30:00+00:00,2025-03-11 18:30:00+00:00,20.394000000001256
2025-03-11 19:00:00+00:00,2025-03-11 19:00:00+00:00,21.113999999994462
2025-03-11 19:30:00+00:00,2025-03-11 19:30:00+00:00,20.279000000006477
2025-03-11 20:00:00+00:00,2025-03-11 20:00:00+00:00,21.25299999999777
2025-03-11 20:30:00+00:00,2025-03-11 20:30:00+00:00,18.351999999998725
2025-03-11 21:00:00+00:00,2025-03-11 21:00:00+00:00,16.452000000003746
2025-03-11 21:30:00+00:00,2025-03-11 21:30:00+00:00,15.679000000002585
2025-03-11 22:00:00+00:00,2025-03-11 22:00:00+00:00,13.503999999997175
2025-03-11 22:30:00+00:00,2025-03-11 22:30:00+00:00,11.502999999995039
2025-03-11 23:00:00+00:00,2025-03-11 23:00:00+00:00,10.800000000002566
2025-03-11 23:30:00+00:00,2025-03-11 23:30:00+00:00,10.08600000000433
2025-03-12 00:00:00+00:00,2025-03-12 00:00:00+00:00,9.49799999999561
2025-03-12 00:30:00+00:00,2025-03-12 00:30:00+00:00,9.750999999999975
2025-03-12 01:00:00+00:00,2025-03-12 01:00:00+00:00,9.746000000002592
2025-03-12 01:30:00+00:00,2025-03-12 01:30:00+00:00,9.108999999998442
2025-03-12 02:00:00+00:00,2025-03-12 02:00:00+00:00,9.03999999999871
2025-03-12 02:30:00+00:00,2025-03-12 02:30:00+00:00,9.42000000000132
2025-03-12 03:00:00+00:00,2025-03-12 03:00:00+00:00,9.700999999997858
2025-03-12 03:30:00+00:00,2025-03-12 03:30:00+00:00,9.53000000000122
2025-03-12 04:00:00+00:00,2025-03-12 04:00:00+00:00,9.718000000002117
2025-03-12 04:30:00+00:00,2025-03-12 04:30:00+00:00,11.153999999996127
2025-03-12 05:00:00+00:00,2025-03-12 05:00:00+00:00,12.33299999999997
2025-03-12 05:30:00+00:00,2025-03-12 05:30:00+00:00,11.293000000002618
2025-03-12 06:00:00+00:00,2025-03-12 06:00:00+00:00,12.546000000002207
2025-03-12 06:30:00+00:00,2025-03-12 06:30:00+00:00,16.69399999999609
2025-03-12 07:00:00+00:00,2025-03-12 07:00:00+00:00,18.940000000002783
2025-03-12 07:30:00+00:00,2025-03-12 07:30:00+00:00,17.874999999993065
2025-03-12 08:00:00+00:00,2025-03-12 08:00:00+00:00,20.424000000002707
2025-03-12 08:30:00+00:00,2025-03-12 08:30:00+00:00,18.651000000004842
2025-03-12 09:00:00+00:00,2025-03-12 09:00:00+00:00,16.99300000000255
2025-03-12 09:30:00+00:00,2025-03-12 09:30:00+00:00,14.822999999996224
2025-03-12 10:00:00+00:00,2025-03-12 10:00:00+00:00,14.77000000000157
2025-03-12 10:30:00+00:00,2025-03-12 10:30:00+00:00,14.408999999997487
2025-03-12 11:00:00+00:00,2025-03-12 11:00:00+00:00,14.020999999999614
2025-03-12 11:30:00+00:00,2025-03-12 11:30:00+00:00,13.898999999999656
2025-03-12 12:00:00+00:00,2025-03-12 12:00:00+00:00,13.708000000002807
2025-03-12 12:30:00+00:00,2025-03-12 12:30:00+00:00,14.103999999999246
2025-03-12 13:00:00+00:00,2025-03-12 13:00:00+00:00,15.244999999998525
2025-03-12 13:30:00+00:00,2025-03-12 13:30:00+00:00,12.940999999996958
2025-03-12 14:00:00+00:00,2025-03-12 14:00:00+00:00,12.559000000005312
2025-03-12 14:30:00+00:00,2025-03-12 14:30:00+00:00,10.16900000000089
2025-03-12 15:00:00+00:00,2025-03-12 15:00:00+00:00,11.125999999998609
2025-03-12 15:30:00+00:00,2025-03-12 15:30:00+00:00,11.319000000000186
2025-03-12 16:00:00+00:00,2025-03-12 16:00:00+00:00,10.889000000000006
2025-03-12 16:30:00+00:00,2025-03-12 16:30:00+00:00,15.388999999996368
2025-03-12 17:00:00+00:00,2025-03-12 17:00:00+00:00,17.07199999999943
2025-03-12 17:30:00+00:00,2025-03-12 17:30:00+00:00,19.33200000000511
2025-03-12 18:00:00+00:00,2025-03-12 18:00:00+00:00,20.648999999998864
2025-03-12 18:30:00+00:00,2025-03-12 18:30:00+00:00,23.120999999999754
2025-03-12 19:00:00+00:00,2025-03-12 19:00:00+00:00,22.903999999998973
2025-03-12 19:30:00+00:00,2025-03-12 19:30:00+00:00,22.13099999999679
2025-03-12 20:00:00+00:00,2025-03-12 20:00:00+00:00,22.396000000003596
2025-03-12 20:30:00+00:00,2025-03-12 20:30:00+00:00,23.53199999999879
2025-03-12 21:00:00+00:00,2025-03-12 21:00:00+00:00,21.903000000002976
2025-03-12 21:30:00+00:00,2025-03-12 21:30:00+00:00,18.678999999996904
2025-03-12 22:00:00+00:00,2025-03-12 22:00:00+00:00,16.374000000002066
2025-03-12 22:30:00+00:00,2025-03-12 22:30:00+00:00,12.674000000000998
2025-03-12 23:00:00+00:00,2025-03-12 23:00:00+00:00,12.298000000001363
2025-03-12 23:30:00+00:00,2025-03-12 23:30:00+00:00,11.279999999999287
2025-03-13 00:00:00+00:00,2025-03-13 00:00:00+00:00,11.63099999999428
2025-03-13 00:30:00+00:00,2025-03-13 00:30:00+00:00,11.562000000004328
2025-03-13 01:00:00+00:00,2025-03-13 01:00:00+00:00,10.275999999994266
2025-03-13 01:30:00+00:00,2025-03-13 01:30:00+00:00,9.677000000007748
2025-03-13 02:00:00+00:00,2025-03-13 02:00:00+00:00,9.567999999992704
2025-03-13 02:30:00+00:00,2025-03-13 02:30:00+00:00,9.268000000003209
2025-03-13 03:00:00+00:00,2025-03-13 03:00:00+00:00,9.493000000000844
2025-03-13 03:30:00+00:00,2025-03-13 03:30:00+00:00,10.33000000000106
2025-03-13 04:00:00+00:00,2025-03-13 04:00:00+00:00,11.517999999999118
2025-03-13 04:30:00+00:00,2025-03-13 04:30:00+00:00,11.359999999996486
2025-03-13 05:00:00+00:00,2025-03-13 05:00:00+00:00,11.760000000001693
2025-03-13 05:30:00+00:00,2025-03-13 05:30:00+00:00,12.964000000000395
2025-03-13 06:00:00+00:00,2025-03-13 06:00:00+00:00,14.942999999997141
2025-03-13 06:30:00+00:00,2025-03-13 06:30:00+00:00,18.863000000006423
2025-03-13 07:00:00+00:00,2025-03-13 07:00:00+00:00,20.881999999994832
2025-03-13 07:30:00+00:00,2025-03-13 07:30:00+00:00,23.232000000001108
2025-03-13 08:00:00+00:00,2025-03-13 08:00:00+00:00,21.791000000000167
2025-03-13 08:30:00+00:00,2025-03-13 08:30:00+00:00,19.51900000000307
2025-03-13 09:00:00+00:00,2025-03-13 09:00:00+00:00,18.31699999999807
2025-03-13 09:30:00+00:00,2025-03-13 09:30:00+00:00,16.26099999999905
2025-03-13 10:00:00+00:00,2025-03-13 10:00:00+00:00,17.29200000000264
2025-03-13 10:30:00+00:00,2025-03-13 10:30:00+00:00,16.153999999998515
2025-03-13 11:00:00+00:00,2025-03-13 11:00:00+00:00,15.979000000002543
2025-03-13 11:30:00+00:00,2025-03-13 11:30:00+00:00,14.289999999994727
2025-03-13 12:00:00+00:00,2025-03-13 12:00:00+00:00,14.869000000004348
2025-03-13 12:30:00+00:00,2025-03-13 12:30:00+00:00,16.317999999997824
2025-03-13 13:00:00+00:00,2025-03-13 13:00:00+00:00,15.870999999999295
2025-03-13 13:30:00+00:00,2025-03-13 13:30:00+00:00,13.432000000001494
2025-03-13 14:00:00+00:00,2025-03-13 14:00:00+00:00,14.73899999999946
2025-03-13 14:30:00+00:00,2025-03-13 14:30:00+00:00,15.01900000000273
2025-03-13 15:00:00+00:00,2025-03-13 15:00:00+00:00,15.727000000000658
2025-03-13 15:30:00+00:00,2025-03-13 15:30:00+00:00,16.255999999996213
2025-03-13 16:00:00+00:00,2025-03-13 16:00:00+00:00,18.458999999997786
2025-03-13 16:30:00+00:00,2025-03-13 16:30:00+00:00,19.54600000000539
2025-03-13 17:00:00+00:00,2025-03-13 17:00:00+00:00,23.09199999999339
2025-03-13 17:30:00+00:00,2025-03-13 17:30:00+00:00,28.829999999999472
2025-03-13 18:00:00+00:00,2025-03-13 18:00:00+00:00,31.455000000006066
2025-03-13 18:30:00+00:00,2025-03-13 18:30:00+00:00,29.984999999999673
2025-03-13 19:00:00+00:00,2025-03-13 19:00:00+00:00,29.281000000001313
2025-03-13 19:30:00+00:00,2025-03-13 19:30:00+00:00,31.94499999999732
2025-03-13 20:00:00+00:00,2025-03-13 20:00:00+00:00,28.83200000000045
2025-03-13 20:30:00+00:00,2025-03-13 20:30:00+00:00,30.28900000000101
2025-03-13 21:00:00+00:00,2025-03-13 21:00:00+00:00,28.835000000000946
2025-03-13 21:30:00+00:00,2025-03-13 21:30:00+00:00,24.14100000000019
2025-03-13 22:00:00+00:00,2025-03-13 22:00:00+00:00,19.32799999999588
2025-03-13 22:30:00+00:00,2025-03-13 22:30:00+00:00,16.358999999999234
2025-03-13 23:00:00+00:00,2025-03-13 23:00:00+00:00,15.880000000002156
2025-03-13 23:30:00+00:00,2025-03-13 23:30:00+00:00,14.034999999999167
2025-03-14 00:00:00+00:00,2025-03-14 00:00:00+00:00,13.509000000002512
2025-03-14 00:30:00+00:00,2025-03-14 00:30:00+00:00,13.558999999994622
2025-03-14 01:00:00+00:00,2025-03-14 01:00:00+00:00,13.39899999999977
2025-03-14 01:30:00+00:00,2025-03-14 01:30:00+00:00,13.698000000007706
2025-03-14 02:00:00+00:00,2025-03-14 02:00:00+00:00,13.575999999995926
2025-03-14 02:30:00+00:00,2025-03-14 02:30:00+00:00,13.355000000001038
2025-03-14 03:00:00+00:00,2025-03-14 03:00:00+00:00,13.925000000000747
2025-03-14 03:30:00+00:00,2025-03-14 03:30:00+00:00,14.186999999999667
2025-03-14 04:00:00+00:00,2025-03-14 04:00:00+00:00,13.712999999998935
2025-03-14 04:30:00+00:00,2025-03-14 04:30:00+00:00,14.535000000000078
2025-03-14 05:00:00+00:00,2025-03-14 05:00:00+00:00,15.579999999999925
2025-03-14 05:30:00+00:00,2025-03-14 05:30:00+00:00,16.864000000001624
2025-03-14 06:00:00+00:00,2025-03-14 06:00:00+00:00,20.302999999999315
2025-03-14 06:30:00+00:00,2025-03-14 06:30:00+00:00,21.950999999996043
2025-03-14 07:00:00+00:00,2025-03-14 07:00:00+00:00,25.499000000005026
2025-03-14 07:30:00+00:00,2025-03-14 07:30:00+00:00,23.685000000003242
2025-03-14 08:00:00+00:00,2025-03-14 08:00:00+00:00,24.628999999995017
2025-03-14 08:30:00+00:00,2025-03-14 08:30:00+00:00,21.555999999998562
2025-03-14 09:00:00+00:00,2025-03-14 09:00:00+00:00,23.25999999999874
2025-03-14 09:30:00+00:00,2025-03-14 09:30:00+00:00,22.536000000002332
2025-03-14 10:00:00+00:00,2025-03-14 10:00:00+00:00,21.343999999999596
2025-03-14 10:30:00+00:00,2025-03-14 10:30:00+00:00,19.537999999997393
2025-03-14 11:00:00+00:00,2025-03-14 11:00:00+00:00,19.506000000005656
2025-03-14 11:30:00+00:00,2025-03-14 11:30:00+00:00,18.768999999994545
2025-03-14 12:00:00+00:00,2025-03-14 12:00:00+00:00,16.88000000000045
2025-03-14 12:30:00+00:00,2025-03-14 12:30:00+00:00,18.717999999999954
2025-03-14 13:00:00+00:00,2025-03-14 13:00:00+00:00,17.337000000004082
2025-03-14 13:30:00+00:00,2025-03-14 13:30:00+00:00,18.31499999999835
2025-03-14 14:00:00+00:00,2025-03-14 14:00:00+00:00,19.973000000002457
2025-03-14 14:30:00+00:00,2025-03-14 14:30:00+00:00,17.9910000000001
2025-03-14 15:00:00+00:00,2025-03-14 15:00:00+00:00,18.182999999997943
2025-03-14 15:30:00+00:00,2025-03-14 15:30:00+00:00,17.946000000001618
2025-03-14 16:00:00+00:00,2025-03-14 16:00:00+00:00,20.7019999999967
2025-03-14 16:30:00+00:00,2025-03-14 16:30:00+00:00,20.667000000005032
2025-03-14 17:00:00+00:00,2025-03-14 17:00:00+00:00,24.288999999999533
2025-03-14 17:30:00+00:00,2025-03-14 17:30:00+00:00,29.339999999999804
2025-03-14 18:00:00+00:00,2025-03-14 18:00:00+00:00,29.118999999996504
2025-03-14 18:30:00+00:00,2025-03-14 18:30:00+00:00,27.41099999999756
2025-03-14 19:00:00+00:00,2025-03-14 19:00:00+00:00,27.987000000003604
2025-03-14 19:30:00+00:00,2025-03-14 19:30:00+00:00,27.687000000003078
2025-03-14 20:00:00+00:00,2025-03-14 20:00:00+00:00,25.17599999999902
2025-03-14 20:30:00+00:00,2025-03-14 20:30:00+00:00,22.357999999993922
2025-03-14 21:00:00+00:00,2025-03-14 21:00:00+00:00,22.194000000004735
2025-03-14 21:30:00+00:00,2025-03-14 21:30:00+00:00,18.850999999998972
2025-03-14 22:00:00+00:00,2025-03-14 22:00:00+00:00,16.06599999999923
2025-03-14 22:30:00+00:00,2025-03-14 22:30:00+00:00,14.434000000003833
2025-03-14 23:00:00+00:00,2025-03-14 23:00:00+00:00,14.954000000001196
2025-03-14 23:30:00+00:00,2025-03-14 23:30:00+00:00,13.98999999999455
2025-03-15 00:00:00+00:00,2025-03-15 00:00:00+00:00,13.926000000001864
2025-03-15 00:30:00+00:00,2025-03-15 00:30:00+00:00,13.210000000003445
2025-03-15 01:00:00+00:00,2025-03-15 01:00:00+00:00,13.154999999995649
2025-03-15 01:30:00+00:00,2025-03-15 01:30:00+00:00,13.892999999998434
2025-03-15 02:00:00+00:00,2025-03-15 02:00:00+00:00,13.409000000002942
2025-03-15 02:30:00+00:00,2025-03-15 02:30:00+00:00,13.213999999998347
2025-03-15 03:00:00+00:00,2025-03-15 03:00:00+00:00,13.65000000000111
2025-03-15 03:30:00+00:00,2025-03-15 03:30:00+00:00,13.46899999999516
2025-03-15 04:00:00+00:00,2025-03-15 04:00:00+00:00,13.474000000006976
2025-03-15 04:30:00+00:00,2025-03-15 04:30:00+00:00,13.525999999997335
2025-03-15 05:00:00+00:00,2025-03-15 05:00:00+00:00,13.509000000002285
2025-03-15 05:30:00+00:00,2025-03-15 05:30:00+00:00,14.44299999999555
2025-03-15 06:00:00+00:00,2025-03-15 06:00:00+00:00,16.574000000001206
2025-03-15 06:30:00+00:00,2025-03-15 06:30:00+00:00,20.645999999995976
2025-03-15 07:00:00+00:00,2025-03-15 07:00:00+00:00,22.451000000002978
2025-03-15 07:30:00+00:00,2025-03-15 07:30:00+00:00,23.226000000002273
2025-03-15 08:00:00+00:00,2025-03-15 08:00:00+00:00,24.18900000000087
2025-03-15 08:30:00+00:00,2025-03-15 08:30:00+00:00,20.274999999995654
2025-03-15 09:00:00+00:00,2025-03-15 09:00:00+00:00,19.96700000000203
2025-03-15 09:30:00+00:00,2025-03-15 09:30:00+00:00,16.792999999999775
2025-03-15 10:00:00+00:00,2025-03-15 10:00:00+00:00,18.922999999998524
2025-03-15 10:30:00+00:00,2025-03-15 10:30:00+00:00,19.0670000000016
2025-03-15 11:00:00+00:00,2025-03-15 11:00:00+00:00,18.096000000002046
2025-03-15 11:30:00+00:00,2025-03-15 11:30:00+00:00,17.613000000001534
2025-03-15 12:00:00+00:00,2025-03-15 12:00:00+00:00,17.177999999999884
2025-03-15 12:30:00+00:00,2025-03-15 12:30:00+00:00,17.017999999993776
2025-03-15 13:00:00+00:00,2025-03-15 13:00:00+00:00,15.881000000003382
2025-03-15 13:30:00+00:00,2025-03-15 13:30:00+00:00,15.663999999998621
2025-03-15 14:00:00+00:00,2025-03-15 14:00:00+00:00,15.029000000000904
2025-03-15 14:30:00+00:00,2025-03-15 14:30:00+00:00,16.208000000001334
2025-03-15 15:00:00+00:00,2025-03-15 15:00:00+00:00,15.505999999999403
2025-03-15 15:30:00+00:00,2025-03-15 15:30:00+00:00,15.621999999999844
2025-03-15 16:00:00+00:00,2025-03-15 16:00:00+00:00,18.741999999998143
2025-03-15 16:30:00+00:00,2025-03-15 16:30:00+00:00,19.433000000003858
2025-03-15 17:00:00+00:00,2025-03-15 17:00:00+00:00,18.95099999999865
2025-03-15 17:30:00+00:00,2025-03-15 17:30:00+00:00,24.712999999999965
2025-03-15 18:00:00+00:00,2025-03-15 18:00:00+00:00,25.26199999999733
2025-03-15 18:30:00+00:00,2025-03-15 18:30:00+00:00,27.256999999999035
2025-03-15 19:00:00+00:00,2025-03-15 19:00:00+00:00,25.05000000000223
2025-03-15 19:30:00+00:00,2025-03-15 19:30:00+00:00,24.375999999999976
2025-03-15 20:00:00+00:00,2025-03-15 20:00:00+00:00,22.325000000001523
2025-03-15 20:30:00+00:00,2025-03-15 20:30:00+00:00,21.739999999994893
2025-03-15 21:00:00+00:00,2025-03-15 21:00:00+00:00,19.694000000003484
2025-03-15 21:30:00+00:00,2025-03-15 21:30:00+00:00,16.286000000000627
2025-03-15 22:00:00+00:00,2025-03-15 22:00:00+00:00,14.883999999998307
2025-03-15 22:30:00+00:00,2025-03-15 22:30:00+00:00,13.826000000000132
2025-03-15 23:00:00+00:00,2025-03-15 23:00:00+00:00,14.705000000000151
2025-03-15 23:30:00+00:00,2025-03-15 23:30:00+00:00,16.479000000000493
2025-03-16 00:00:00+00:00,2025-03-16 00:00:00+00:00,13.251999999996425
2025-03-16 00:30:00+00:00,2025-03-16 00:30:00+00:00,13.905000000002357
2025-03-16 01:00:00+00:00,2025-03-16 01:00:00+00:00,13.102000000000654
2025-03-16 01:30:00+00:00,2025-03-16 01:30:00+00:00,13.599999999998998
2025-03-16 02:00:00+00:00,2025-03-16 02:00:00+00:00,13.082999999999853
2025-03-16 02:30:00+00:00,2025-03-16 02:30:00+00:00,13.29900000000236
2025-03-16 03:00:00+00:00,2025-03-16 03:00:00+00:00,13.976999999998949
2025-03-16 03:30:00+00:00,2025-03-16 03:30:00+00:00,14.317000000001707
2025-03-16 04:00:00+00:00,2025-03-16 04:00:00+00:00,14.378999999995356
2025-03-16 04:30:00+00:00,2025-03-16 04:30:00+00:00,14.691000000004461
2025-03-16 05:00:00+00:00,2025-03-16 05:00:00+00:00,14.603999999999585
2025-03-16 05:30:00+00:00,2025-03-16 05:30:00+00:00,15.668999999997135
2025-03-16 06:00:00+00:00,2025-03-16 06:00:00+00:00,17.97900000000334
2025-03-16 06:30:00+00:00,2025-03-16 06:30:00+00:00,21.515000000001464
2025-03-16 07:00:00+00:00,2025-03-16 07:00:00+00:00,23.152999999997064
2025-03-16 07:30:00+00:00,2025-03-16 07:30:00+00:00,24.072999999998384
2025-03-16 08:00:00+00:00,2025-03-16 08:00:00+00:00,25.490000000000467
2025-03-16 08:30:00+00:00,2025-03-16 08:30:00+00:00,23.31600000000423
2025-03-16 09:00:00+00:00,2025-03-16 09:00:00+00:00,23.41599999999744
2025-03-16 09:30:00+00:00,2025-03-16 09:30:00+00:00,21.682999999999197
2025-03-16 10:00:00+00:00,2025-03-16 10:00:00+00:00,21.382000000002222
2025-03-16 10:30:00+00:00,2025-03-16 10:30:00+00:00,19.015999999997348
2025-03-16 11:00:00+00:00,2025-03-16 11:00:00+00:00,18.99300000000335
2025-03-16 11:30:00+00:00,2025-03-16 11:30:00+00:00,16.91199999999764
2025-03-16 12:00:00+00:00,2025-03-16 12:00:00+00:00,17.435999999999805
2025-03-16 12:30:00+00:00,2025-03-16 12:30:00+00:00,18.53000000000077
2025-03-16 13:00:00+00:00,2025-03-16 13:00:00+00:00,16.157999999999333
2025-03-16 13:30:00+00:00,2025-03-16 13:30:00+00:00,15.178000000001358
2025-03-16 14:00:00+00:00,2025-03-16 14:00:00+00:00,15.086999999998621
2025-03-16 14:30:00+00:00,2025-03-16 14:30:00+00:00,16.185000000001306
2025-03-16 15:00:00+00:00,2025-03-16 15:00:00+00:00,16.069999999999933
2025-03-16 15:30:00+00:00,2025-03-16 15:30:00+00:00,17.125999999997248
2025-03-16 16:00:00+00:00,2025-03-16 16:00:00+00:00,15.187000000002737
2025-03-16 16:30:00+00:00,2025-03-16 16:30:00+00:00,16.940000000002897
2025-03-16 17:00:00+00:00,2025-03-16 17:00:00+00:00,18.5529999999992
2025-03-16 17:30:00+00:00,2025-03-16 17:30:00+00:00,19.57200000000034
2025-03-16 18:00:00+00:00,2025-03-16 18:00:00+00:00,22.66399999999601
2025-03-16 18:30:00+00:00,2025-03-16 18:30:00+00:00,24.011999999999148
2025-03-16 19:00:00+00:00,2025-03-16 19:00:00+00:00,21.669999999999845
2025-03-16 19:30:00+00:00,2025-03-16 19:30:00+00:00,23.832999999999856
2025-03-16 20:00:00+00:00,2025-03-16 20:00:00+00:00,22.39600000000291
2025-03-16 20:30:00+00:00,2025-03-16 20:30:00+00:00,22.172999999999547
2025-03-16 21:00:00+00:00,2025-03-16 21:00:00+00:00,20.87199999999791
2025-03-16 21:30:00+00:00,2025-03-16 21:30:00+00:00,17.44200000000023
2025-03-16 22:00:00+00:00,2025-03-16 22:00:00+00:00,14.896000000001775
2025-03-16 22:30:00+00:00,2025-03-16 22:30:00+00:00,14.042999999999775
2025-03-16 23:00:00+00:00,2025-03-16 23:00:00+00:00,12.586999999998623
2025-03-16 23:30:00+00:00,2025-03-16 23:30:00+00:00,12.08300000000065
2025-03-17 00:00:00+00:00,2025-03-17 00:00:00+00:00,11.537999999999666
2025-03-17 00:30:00+00:00,2025-03-17 00:30:00+00:00,11.652000000003223
2025-03-17 01:00:00+00:00,2025-03-17 01:00:00+00:00,11.390999999996776
2025-03-17 01:30:00+00:00,2025-03-17 01:30:00+00:00,11.332999999998147
2025-03-17 02:00:00+00:00,2025-03-17 02:00:00+00:00,11.026000000001769
2025-03-17 02:30:00+00:00,2025-03-17 02:30:00+00:00,10.957999999998375
2025-03-17 03:00:00+00:00,2025-03-17 03:00:00+00:00,11.795000000006096
2025-03-17 03:30:00+00:00,2025-03-17 03:30:00+00:00,11.923999999994061
2025-03-17 04:00:00+00:00,2025-03-17 04:00:00+00:00,11.903000000000699
2025-03-17 04:30:00+00:00,2025-03-17 04:30:00+00:00,12.509000000003876
2025-03-17 05:00:00+00:00,2025-03-17 05:00:00+00:00,13.34799999999984
2025-03-17 05:30:00+00:00,2025-03-17 05:30:00+00:00,13.994999999998864
2025-03-17 06:00:00+00:00,2025-03-17 06:00:00+00:00,16.112999999997324
2025-03-17 06:30:00+00:00,2025-03-17 06:30:00+00:00,19.449000000002453
2025-03-17 07:00:00+00:00,2025-03-17 07:00:00+00:00,20.4220000000023
2025-03-17 07:30:00+00:00,2025-03-17 07:30:00+00:00,22.528999999999996
2025-03-17 08:00:00+00:00,2025-03-17 08:00:00+00:00,22.019999999995775
2025-03-17 08:30:00+00:00,2025-03-17 08:30:00+00:00,20.861000000004196
2025-03-17 09:00:00+00:00,2025-03-17 09:00:00+00:00,18.688999999996092
2025-03-17 09:30:00+00:00,2025-03-17 09:30:00+00:00,20.05699999999956
2025-03-17 10:00:00+00:00,2025-03-17 10:00:00+00:00,15.626000000000088
2025-03-17 10:30:00+00:00,2025-03-17 10:30:00+00:00,16.27300000000218
2025-03-17 11:00:00+00:00,2025-03-17 11:00:00+00:00,16.548999999999637
2025-03-17 11:30:00+00:00,2025-03-17 11:30:00+00:00,17.91699999999855
2025-03-17 12:00:00+00:00,2025-03-17 12:00:00+00:00,17.852000000004637
2025-03-17 12:30:00+00:00,2025-03-17 12:30:00+00:00,18.36999999999739
2025-03-17 13:00:00+00:00,2025-03-17 13:00:00+00:00,16.315999999995597
2025-03-17 13:30:00+00:00,2025-03-17 13:30:00+00:00,16.86300000000392
2025-03-17 14:00:00+00:00,2025-03-17 14:00:00+00:00,14.963999999997437
2025-03-17 14:30:00+00:00,2025-03-17 14:30:00+00:00,15.782000000002082
2025-03-17 15:00:00+00:00,2025-03-17 15:00:00+00:00,17.077999999999747
2025-03-17 15:30:00+00:00,2025-03-17 15:30:00+00:00,18.222999999999047
2025-03-17 16:00:00+00:00,2025-03-17 16:00:00+00:00,21.20300000000077
2025-03-17 16:30:00+00:00,2025-03-17 16:30:00+00:00,22.816000000002987
2025-03-17 17:00:00+00:00,2025-03-17 17:00:00+00:00,25.531999999995378
2025-03-17 17:30:00+00:00,2025-03-17 17:30:00+00:00,25.768999999998528
2025-03-17 18:00:00+00:00,2025-03-17 18:00:00+00:00,29.872000000002686
2025-03-17 18:30:00+00:00,2025-03-17 18:30:00+00:00,30.764000000001715
2025-03-17 19:00:00+00:00,2025-03-17 19:00:00+00:00,26.289999999999964
2025-03-17 19:30:00+00:00,2025-03-17 19:30:00+00:00,27.034999999999968
2025-03-17 20:00:00+00:00,2025-03-17 20:00:00+00:00,25.90299999999843
2025-03-17 20:30:00+00:00,2025-03-17 20:30:00+00:00,25.26599999999803
2025-03-17 21:00:00+00:00,2025-03-17 21:00:00+00:00,24.349999999995475
2025-03-17 21:30:00+00:00,2025-03-17 21:30:00+00:00,21.191000000006166
2025-03-17 22:00:00+00:00,2025-03-17 22:00:00+00:00,17.34600000000239
2025-03-17 22:30:00+00:00,2025-03-17 22:30:00+00:00,16.07799999999611
2025-03-17 23:00:00+00:00,2025-03-17 23:00:00+00:00,14.398000000003208
2025-03-17 23:30:00+00:00,2025-03-17 23:30:00+00:00,13.063999999998028
2025-03-18 00:00:00+00:00,2025-03-18 00:00:00+00:00,11.877999999999016
2025-03-18 00:30:00+00:00,2025-03-18 00:30:00+00:00,12.53400000000101
2025-03-18 01:00:00+00:00,2025-03-18 01:00:00+00:00,12.232999999998807
2025-03-18 01:30:00+00:00,2025-03-18 01:30:00+00:00,12.630000000000786
2025-03-18 02:00:00+00:00,2025-03-18 02:00:00+00:00,12.091000000003186
2025-03-18 02:30:00+00:00,2025-03-18 02:30:00+00:00,11.317999999997252
2025-03-18 03:00:00+00:00,2025-03-18 03:00:00+00:00,11.86700000000189
2025-03-18 03:30:00+00:00,2025-03-18 03:30:00+00:00,11.559000000003035
2025-03-18 04:00:00+00:00,2025-03-18 04:00:00+00:00,12.151999999997654
2025-03-18 04:30:00+00:00,2025-03-18 04:30:00+00:00,12.103999999996173
2025-03-18 05:00:00+00:00,2025-03-18 05:00:00+00:00,12.406000000001194
2025-03-18 05:30:00+00:00,2025-03-18 05:30:00+00:00,14.060999999997872
2025-03-18 06:00:00+00:00,2025-03-18 06:00:00+00:00,17.89800000000355
2025-03-18 06:30:00+00:00,2025-03-18 06:30:00+00:00,20.405999999997903
2025-03-18 07:00:00+00:00,2025-03-18 07:00:00+00:00,23.429000000003953
2025-03-18 07:30:00+00:00,2025-03-18 07:30:00+00:00,20.294000000000665
2025-03-18 08:00:00+00:00,2025-03-18 08:00:00+00:00,20.687999999998052
2025-03-18 08:30:00+00:00,2025-03-18 08:30:00+00:00,20.379000000002748
2025-03-18 09:00:00+00:00,2025-03-18 09:00:00+00:00,16.248999999994453
2025-03-18 09:30:00+00:00,2025-03-18 09:30:00+00:00,13.6320000000004
2025-03-18 10:00:00+00:00,2025-03-18 10:00:00+00:00,12.600000000001613
2025-03-18 10:30:00+00:00,2025-03-18 10:30:00+00:00,11.884999999999533
2025-03-18 11:00:00+00:00,2025-03-18 11:00:00+00:00,11.01700000000039
2025-03-18 11:30:00+00:00,2025-03-18 11:30:00+00:00,11.369000000000252
2025-03-18 12:00:00+00:00,2025-03-18 12:00:00+00:00,13.135999999999965
2025-03-18 12:30:00+00:00,2025-03-18 12:30:00+00:00,11.624999999999202
2025-03-18 13:00:00+00:00,2025-03-18 13:00:00+00:00,10.769000000000457
2025-03-18 13:30:00+00:00,2025-03-18 13:30:00+00:00,9.637000000000508
2025-03-18 14:00:00+00:00,2025-03-18 14:00:00+00:00,7.574999999998791
2025-03-18 14:30:00+00:00,2025-03-18 14:30:00+00:00,7.471000000001934
2025-03-18 15:00:00+00:00,2025-03-18 15:00:00+00:00,8.833999999995964
2025-03-18 15:30:00+00:00,2025-03-18 15:30:00+00:00,11.2130000000036
2025-03-18 16:00:00+00:00,2025-03-18 16:00:00+00:00,11.304999999999492
2025-03-18 16:30:00+00:00,2025-03-18 16:30:00+00:00,11.912000000000372
2025-03-18 17:00:00+00:00,2025-03-18 17:00:00+00:00,17.649000000001365
2025-03-18 17:30:00+00:00,2025-03-18 17:30:00+00:00,17.240999999997936
2025-03-18 18:00:00+00:00,2025-03-18 18:00:00+00:00,19.052999999999088
2025-03-18 18:30:00+00:00,2025-03-18 18:30:00+00:00,20.957000000000107
2025-03-18 19:00:00+00:00,2025-03-18 19:00:00+00:00,21.960000000000832
2025-03-18 19:30:00+00:00,2025-03-18 19:30:00+00:00,21.0
2025-03-18 20:00:00+00:00,2025-03-18 20:00:00+00:00,17.573000000000775
2025-03-18 20:30:00+00:00,2025-03-18 20:30:00+00:00,21.190999999997643
2025-03-18 21:00:00+00:00,2025-03-18 21:00:00+00:00,20.91000000000122
2025-03-18 21:30:00+00:00,2025-03-18 21:30:00+00:00,18.435000000001647
2025-03-18 22:00:00+00:00,2025-03-18 22:00:00+00:00,15.279000000001018
2025-03-18 22:30:00+00:00,2025-03-18 22:30:00+00:00,13.96299999999803
2025-03-18 23:00:00+00:00,2025-03-18 23:00:00+00:00,12.46099999999637
2025-03-18 23:30:00+00:00,2025-03-18 23:30:00+00:00,11.169000000001683
2025-03-19 00:00:00+00:00,2025-03-19 00:00:00+00:00,9.642000000001072
2025-03-19 00:30:00+00:00,2025-03-19 00:30:00+00:00,9.826000000002974
2025-03-19 01:00:00+00:00,2025-03-19 01:00:00+00:00,9.81199999999819
2025-03-19 01:30:00+00:00,2025-03-19 01:30:00+00:00,9.481000000000787
2025-03-19 02:00:00+00:00,2025-03-19 02:00:00+00:00,9.842000000001004
2025-03-19 02:30:00+00:00,2025-03-19 02:30:00+00:00,9.797999999995564
2025-03-19 03:00:00+00:00,2025-03-19 03:00:00+00:00,9.484000000003668
2025-03-19 03:30:00+00:00,2025-03-19 03:30:00+00:00,9.902999999996947
2025-03-19 04:00:00+00:00,2025-03-19 04:00:00+00:00,9.79400000000157
2025-03-19 04:30:00+00:00,2025-03-19 04:30:00+00:00,9.772999999999795
2025-03-19 05:00:00+00:00,2025-03-19 05:00:00+00:00,11.046000000003115
2025-03-19 05:30:00+00:00,2025-03-19 05:30:00+00:00,12.295999999994702
2025-03-19 06:00:00+00:00,2025-03-19 06:00:00+00:00,13.448000000005436
2025-03-19 06:30:00+00:00,2025-03-19 06:30:00+00:00,16.16199999999412
2025-03-19 07:00:00+00:00,2025-03-19 07:00:00+00:00,17.836000000003196
2025-03-19 07:30:00+00:00,2025-03-19 07:30:00+00:00,16.107999999997215
2025-03-19 08:00:00+00:00,2025-03-19 08:00:00+00:00,17.584000000001083
2025-03-19 08:30:00+00:00,2025-03-19 08:30:00+00:00,21.029000000000792
2025-03-19 09:00:00+00:00,2025-03-19 09:00:00+00:00,20.06700000000592
2025-03-19 09:30:00+00:00,2025-03-19 09:30:00+00:00,16.996999999997453
2025-03-19 10:00:00+00:00,2025-03-19 10:00:00+00:00,16.772999999998994
2025-03-19 10:30:00+00:00,2025-03-19 10:30:00+00:00,15.101999999994742
2025-03-19 11:00:00+00:00,2025-03-19 11:00:00+00:00,13.50300000000379
2025-03-19 11:30:00+00:00,2025-03-19 11:30:00+00:00,12.388000000000826
2025-03-19 12:00:00+00:00,2025-03-19 12:00:00+00:00,12.382999999998896
2025-03-19 12:30:00+00:00,2025-03-19 12:30:00+00:00,12.64399999999716
2025-03-19 13:00:00+00:00,2025-03-19 13:00:00+00:00,11.831000000002401
2025-03-19 13:30:00+00:00,2025-03-19 13:30:00+00:00,12.086000000000688
2025-03-19 14:00:00+00:00,2025-03-19 14:00:00+00:00,11.199999999998678
2025-03-19 14:30:00+00:00,2025-03-19 14:30:00+00:00,10.216999999999754
2025-03-19 15:00:00+00:00,2025-03-19 15:00:00+00:00,11.523000000004455
2025-03-19 15:30:00+00:00,2025-03-19 15:30:00+00:00,11.724999999995358
2025-03-19 16:00:00+00:00,2025-03-19 16:00:00+00:00,12.668000000001594
2025-03-19 16:30:00+00:00,2025-03-19 16:30:00+00:00,14.862999999998804
2025-03-19 17:00:00+00:00,2025-03-19 17:00:00+00:00,17.363999999996622
2025-03-19 17:30:00+00:00,2025-03-19 17:30:00+00:00,18.952000000007043
2025-03-19 18:00:00+00:00,2025-03-19 18:00:00+00:00,19.6069999999969
2025-03-19 18:30:00+00:00,2025-03-19 18:30:00+00:00,22.5180000000031
2025-03-19 19:00:00+00:00,2025-03-19 19:00:00+00:00,20.899999999998386
2025-03-19 19:30:00+00:00,2025-03-19 19:30:00+00:00,22.36899999999957
2025-03-19 20:00:00+00:00,2025-03-19 20:00:00+00:00,22.89599999999689
2025-03-19 20:30:00+00:00,2025-03-19 20:30:00+00:00,19.285000000000878
2025-03-19 21:00:00+00:00,2025-03-19 21:00:00+00:00,19.41100000000108
2025-03-19 21:30:00+00:00,2025-03-19 21:30:00+00:00,16.625999999998612
2025-03-19 22:00:00+00:00,2025-03-19 22:00:00+00:00,14.72699999999918
2025-03-19 22:30:00+00:00,2025-03-19 22:30:00+00:00,13.23400000000538
2025-03-19 23:00:00+00:00,2025-03-19 23:00:00+00:00,11.900999999997676
2025-03-19 23:30:00+00:00,2025-03-19 23:30:00+00:00,10.210999999996826
2025-03-20 00:00:00+00:00,2025-03-20 00:00:00+00:00,9.853000000003131
2025-03-20 00:30:00+00:00,2025-03-20 00:30:00+00:00,9.718999999998115
2025-03-20 01:00:00+00:00,2025-03-20 01:00:00+00:00,8.727000000003496
2025-03-20 01:30:00+00:00,2025-03-20 01:30:00+00:00,8.465999999998186
2025-03-20 02:00:00+00:00,2025-03-20 02:00:00+00:00,8.496000000001569
2025-03-20 02:30:00+00:00,2025-03-20 02:30:00+00:00,8.442999999994978
2025-03-20 03:00:00+00:00,2025-03-20 03:00:00+00:00,8.177000000000586
2025-03-20 03:30:00+00:00,2025-03-20 03:30:00+00:00,8.493000000006415
2025-03-20 04:00:00+00:00,2025-03-20 04:00:00+00:00,8.529999999996445
2025-03-20 04:30:00+00:00,2025-03-20 04:30:00+00:00,8.283000000003991
2025-03-20 05:00:00+00:00,2025-03-20 05:00:00+00:00,9.25699999999517
2025-03-20 05:30:00+00:00,2025-03-20 05:30:00+00:00,10.86499999999739
2025-03-20 06:00:00+00:00,2025-03-20 06:00:00+00:00,11.734000000001284
2025-03-20 06:30:00+00:00,2025-03-20 06:30:00+00:00,13.668000000000685
2025-03-20 07:00:00+00:00,2025-03-20 07:00:00+00:00,15.309000000002126
2025-03-20 07:30:00+00:00,2025-03-20 07:30:00+00:00,16.34399999999993
2025-03-20 08:00:00+00:00,2025-03-20 08:00:00+00:00,15.943999999997684
2025-03-20 08:30:00+00:00,2025-03-20 08:30:00+00:00,16.218000000001435
2025-03-20 09:00:00+00:00,2025-03-20 09:00:00+00:00,15.146000000000296
2025-03-20 09:30:00+00:00,2025-03-20 09:30:00+00:00,12.9149999999978
2025-03-20 10:00:00+00:00,2025-03-20 10:00:00+00:00,11.234000000003785
2025-03-20 10:30:00+00:00,2025-03-20 10:30:00+00:00,9.530999999998013
2025-03-20 11:00:00+00:00,2025-03-20 11:00:00+00:00,10.740999999999527
2025-03-20 11:30:00+00:00,2025-03-20 11:30:00+00:00,11.523999999999882
2025-03-20 12:00:00+00:00,2025-03-20 12:00:00+00:00,11.073999999998474
2025-03-20 12:30:00+00:00,2025-03-20 12:30:00+00:00,8.455000000002652
2025-03-20 13:00:00+00:00,2025-03-20 13:00:00+00:00,8.807000000000127
2025-03-20 13:30:00+00:00,2025-03-20 13:30:00+00:00,8.745000000000456
2025-03-20 14:00:00+00:00,2025-03-20 14:00:00+00:00,7.293999999995432
2025-03-20 14:30:00+00:00,2025-03-20 14:30:00+00:00,9.84900000000334
2025-03-20 15:00:00+00:00,2025-03-20 15:00:00+00:00,7.3690000000008204
2025-03-20 15:30:00+00:00,2025-03-20 15:30:00+00:00,7.78600000000017
2025-03-20 16:00:00+00:00,2025-03-20 16:00:00+00:00,8.393000000000821
2025-03-20 16:30:00+00:00,2025-03-20 16:30:00+00:00,8.668999999999867
2025-03-20 17:00:00+00:00,2025-03-20 17:00:00+00:00,8.89199999999823
2025-03-20 17:30:00+00:00,2025-03-20 17:30:00+00:00,12.55400000000179
2025-03-20 18:00:00+00:00,2025-03-20 18:00:00+00:00,14.354999999999105
2025-03-20 18:30:00+00:00,2025-03-20 18:30:00+00:00,14.352000000001564
2025-03-20 19:00:00+00:00,2025-03-20 19:00:00+00:00,14.928999999996787
2025-03-20 19:30:00+00:00,2025-03-20 19:30:00+00:00,14.224999999999223
2025-03-20 20:00:00+00:00,2025-03-20 20:00:00+00:00,14.987999999999943
2025-03-20 20:30:00+00:00,2025-03-20 20:30:00+00:00,13.75500000000215
2025-03-20 21:00:00+00:00,2025-03-20 21:00:00+00:00,11.288999999999188
2025-03-20 21:30:00+00:00,2025-03-20 21:30:00+00:00,10.156999999998446
2025-03-20 22:00:00+00:00,2025-03-20 22:00:00+00:00,9.394000000002617
2025-03-20 22:30:00+00:00,2025-03-20 22:30:00+00:00,7.981999999998263
2025-03-20 23:00:00+00:00,2025-03-20 23:00:00+00:00,7.825000000002543
2025-03-20 23:30:00+00:00,2025-03-20 23:30:00+00:00,6.976999999998495
2025-03-21 00:00:00+00:00,2025-03-21 00:00:00+00:00,7.266000000000528
2025-03-21 00:30:00+00:00,2025-03-21 00:30:00+00:00,7.955999999997514
2025-03-21 01:00:00+00:00,2025-03-21 01:00:00+00:00,7.508999999999672
2025-03-21 01:30:00+00:00,2025-03-21 01:30:00+00:00,6.708000000004401
2025-03-21 02:00:00+00:00,2025-03-21 02:00:00+00:00,5.237999999998916
2025-03-21 02:30:00+00:00,2025-03-21 02:30:00+00:00,5.446999999997044
2025-03-21 03:00:00+00:00,2025-03-21 03:00:00+00:00,5.953000000004291
2025-03-21 03:30:00+00:00,2025-03-21 03:30:00+00:00,5.663999999997823
2025-03-21 04:00:00+00:00,2025-03-21 04:00:00+00:00,5.373999999999223
2025-03-21 04:30:00+00:00,2025-03-21 04:30:00+00:00,4.477000000002587
2025-03-21 05:00:00+00:00,2025-03-21 05:00:00+00:00,5.040999999999368
2025-03-21 05:30:00+00:00,2025-03-21 05:30:00+00:00,6.403999999999537
2025-03-21 06:00:00+00:00,2025-03-21 06:00:00+00:00,7.136999999998917
2025-03-21 06:30:00+00:00,2025-03-21 06:30:00+00:00,8.780000000002016
2025-03-21 07:00:00+00:00,2025-03-21 07:00:00+00:00,10.724000000000725
2025-03-21 07:30:00+00:00,2025-03-21 07:30:00+00:00,11.01499999999646
2025-03-21 08:00:00+00:00,2025-03-21 08:00:00+00:00,12.644999999996344
2025-03-21 08:30:00+00:00,2025-03-21 08:30:00+00:00,10.975000000005135
2025-03-21 09:00:00+00:00,2025-03-21 09:00:00+00:00,9.9009999999987
2025-03-21 09:30:00+00:00,2025-03-21 09:30:00+00:00,9.991000000001911
2025-03-21 10:00:00+00:00,2025-03-21 10:00:00+00:00,8.441999999996593
2025-03-21 10:30:00+00:00,2025-03-21 10:30:00+00:00,8.40400000000329
2025-03-21 11:00:00+00:00,2025-03-21 11:00:00+00:00,9.11799999999857
2025-03-21 11:30:00+00:00,2025-03-21 11:30:00+00:00,6.707000000000784
2025-03-21 12:00:00+00:00,2025-03-21 12:00:00+00:00,7.399999999998949
2025-03-21 12:30:00+00:00,2025-03-21 12:30:00+00:00,7.562999999996233
2025-03-21 13:00:00+00:00,2025-03-21 13:00:00+00:00,6.212000000008057
2025-03-21 13:30:00+00:00,2025-03-21 13:30:00+00:00,8.470999999994884
2025-03-21 14:00:00+00:00,2025-03-21 14:00:00+00:00,8.363999999998551
2025-03-21 14:30:00+00:00,2025-03-21 14:30:00+00:00,7.428000000003632
2025-03-21 15:00:00+00:00,2025-03-21 15:00:00+00:00,6.599999999999678
2025-03-21 15:30:00+00:00,2025-03-21 15:30:00+00:00,5.934000000000988
2025-03-21 16:00:00+00:00,2025-03-21 16:00:00+00:00,9.032000000000377
2025-03-21 16:30:00+00:00,2025-03-21 16:30:00+00:00,10.846999999995997
2025-03-21 17:00:00+00:00,2025-03-21 17:00:00+00:00,11.574000000004045
2025-03-21 17:30:00+00:00,2025-03-21 17:30:00+00:00,13.271999999999023
2025-03-21 18:00:00+00:00,2025-03-21 18:00:00+00:00,14.919999999999959
2025-03-21 18:30:00+00:00,2025-03-21 18:30:00+00:00,15.331000000000127
2025-03-21 19:00:00+00:00,2025-03-21 19:00:00+00:00,13.556000000000607
2025-03-21 19:30:00+00:00,2025-03-21 19:30:00+00:00,12.133999999996714
2025-03-21 20:00:00+00:00,2025-03-21 20:00:00+00:00,10.326000000003884
2025-03-21 20:30:00+00:00,2025-03-21 20:30:00+00:00,10.153999999999083
2025-03-21 21:00:00+00:00,2025-03-21 21:00:00+00:00,9.901000000000064
2025-03-21 21:30:00+00:00,2025-03-21 21:30:00+00:00,9.320999999998772
2025-03-21 22:00:00+00:00,2025-03-21 22:00:00+00:00,8.16700000000014
2025-03-21 22:30:00+00:00,2025-03-21 22:30:00+00:00,7.273000000002067
2025-03-21 23:00:00+00:00,2025-03-21 23:00:00+00:00,7.084999999997532
2025-03-21 23:30:00+00:00,2025-03-21 23:30:00+00:00,6.987999999998573
2025-03-22 00:00:00+00:00,2025-03-22 00:00:00+00:00,7.031000000004493
2025-03-22 00:30:00+00:00,2025-03-22 00:30:00+00:00,6.636999999997325
2025-03-22 01:00:00+00:00,2025-03-22 01:00:00+00:00,5.6699999999981365
2025-03-22 01:30:00+00:00,2025-03-22 01:30:00+00:00,5.173999999999292
2025-03-22 02:00:00+00:00,2025-03-22 02:00:00+00:00,5.44200000000296
2025-03-22 02:30:00+00:00,2025-03-22 02:30:00+00:00,4.8049999999979
2025-03-22 03:00:00+00:00,2025-03-22 03:00:00+00:00,4.613000000000735
2025-03-22 03:30:00+00:00,2025-03-22 03:30:00+00:00,4.854000000000493
2025-03-22 04:00:00+00:00,2025-03-22 04:00:00+00:00,4.553000000001472
2025-03-22 04:30:00+00:00,2025-03-22 04:30:00+00:00,5.117999999998002
2025-03-22 05:00:00+00:00,2025-03-22 05:00:00+00:00,5.470999999998977
2025-03-22 05:30:00+00:00,2025-03-22 05:30:00+00:00,5.661000000002103
2025-03-22 06:00:00+00:00,2025-03-22 06:00:00+00:00,6.40800000000331
2025-03-22 06:30:00+00:00,2025-03-22 06:30:00+00:00,6.8599999999962575
2025-03-22 07:00:00+00:00,2025-03-22 07:00:00+00:00,8.256000000002697
2025-03-22 07:30:00+00:00,2025-03-22 07:30:00+00:00,10.215999999995459
2025-03-22 08:00:00+00:00,2025-03-22 08:00:00+00:00,10.910000000003034
2025-03-22 08:30:00+00:00,2025-03-22 08:30:00+00:00,10.176999999999335
2025-03-22 09:00:00+00:00,2025-03-22 09:00:00+00:00,8.249999999997154
2025-03-22 09:30:00+00:00,2025-03-22 09:30:00+00:00,6.797000000000249
2025-03-22 10:00:00+00:00,2025-03-22 10:00:00+00:00,8.300000000002452
2025-03-22 10:30:00+00:00,2025-03-22 10:30:00+00:00,8.688000000000098
2025-03-22 11:00:00+00:00,2025-03-22 11:00:00+00:00,9.47999999999831
2025-03-22 11:30:00+00:00,2025-03-22 11:30:00+00:00,9.952000000000904
2025-03-22 12:00:00+00:00,2025-03-22 12:00:00+00:00,8.95500000000106
2025-03-22 12:30:00+00:00,2025-03-22 12:30:00+00:00,9.106000000001808
2025-03-22 13:00:00+00:00,2025-03-22 13:00:00+00:00,9.657999999999785
2025-03-22 13:30:00+00:00,2025-03-22 13:30:00+00:00,8.750999999996564
2025-03-22 14:00:00+00:00,2025-03-22 14:00:00+00:00,6.735000000000918
2025-03-22 14:30:00+00:00,2025-03-22 14:30:00+00:00,6.716000000004325
2025-03-22 15:00:00+00:00,2025-03-22 15:00:00+00:00,8.132999999996851
2025-03-22 15:30:00+00:00,2025-03-22 15:30:00+00:00,9.492999999997433
2025-03-22 16:00:00+00:00,2025-03-22 16:00:00+00:00,11.590000000001169
2025-03-22 16:30:00+00:00,2025-03-22 16:30:00+00:00,12.610999999998622
2025-03-22 17:00:00+00:00,2025-03-22 17:00:00+00:00,12.447000000000568
2025-03-22 17:30:00+00:00,2025-03-22 17:30:00+00:00,11.13900000000194
2025-03-22 18:00:00+00:00,2025-03-22 18:00:00+00:00,13.643000000000255
2025-03-22 18:30:00+00:00,2025-03-22 18:30:00+00:00,14.61499999999671
2025-03-22 19:00:00+00:00,2025-03-22 19:00:00+00:00,14.544000000003503
2025-03-22 19:30:00+00:00,2025-03-22 19:30:00+00:00,11.66600000000005
2025-03-22 20:00:00+00:00,2025-03-22 20:00:00+00:00,10.868000000000162
2025-03-22 20:30:00+00:00,2025-03-22 20:30:00+00:00,10.662999999999212
2025-03-22 21:00:00+00:00,2025-03-22 21:00:00+00:00,7.9290000000001974
2025-03-22 21:30:00+00:00,2025-03-22 21:30:00+00:00,8.078999999998809
2025-03-22 22:00:00+00:00,2025-03-22 22:00:00+00:00,8.352000000003041
2025-03-22 22:30:00+00:00,2025-03-22 22:30:00+00:00,7.030999999996421
2025-03-22 23:00:00+00:00,2025-03-22 23:00:00+00:00,6.944000000001546
2025-03-22 23:30:00+00:00,2025-03-22 23:30:00+00:00,7.554000000001903
2025-03-23 00:00:00+00:00,2025-03-23 00:00:00+00:00,6.743999999997523
2025-03-23 00:30:00+00:00,2025-03-23 00:30:00+00:00,6.496000000000205
2025-03-23 01:00:00+00:00,2025-03-23 01:00:00+00:00,6.134000000000124
2025-03-23 01:30:00+00:00,2025-03-23 01:30:00+00:00,7.236000000004989
2025-03-23 02:00:00+00:00,2025-03-23 02:00:00+00:00,5.519999999989973
2025-03-23 02:30:00+00:00,2025-03-23 02:30:00+00:00,5.2560000000064475
2025-03-23 03:00:00+00:00,2025-03-23 03:00:00+00:00,5.543999999998842
2025-03-23 03:30:00+00:00,2025-03-23 03:30:00+00:00,5.005000000000788
2025-03-23 04:00:00+00:00,2025-03-23 04:00:00+00:00,5.402000000002882
2025-03-23 04:30:00+00:00,2025-03-23 04:30:00+00:00,5.852999999999835
2025-03-23 05:00:00+00:00,2025-03-23 05:00:00+00:00,6.015999999999164
2025-03-23 05:30:00+00:00,2025-03-23 05:30:00+00:00,5.4139999999971415
2025-03-23 06:00:00+00:00,2025-03-23 06:00:00+00:00,6.155000000001788
2025-03-23 06:30:00+00:00,2025-03-23 06:30:00+00:00,6.218999999997659
2025-03-23 07:00:00+00:00,2025-03-23 07:00:00+00:00,7.767000000003915
2025-03-23 07:30:00+00:00,2025-03-23 07:30:00+00:00,8.952999999996447
2025-03-23 08:00:00+00:00,2025-03-23 08:00:00+00:00,9.153000000003654
2025-03-23 08:30:00+00:00,2025-03-23 08:30:00+00:00,10.561999999995914
2025-03-23 09:00:00+00:00,2025-03-23 09:00:00+00:00,9.192000000001482
2025-03-23 09:30:00+00:00,2025-03-23 09:30:00+00:00,10.198999999998701
2025-03-23 10:00:00+00:00,2025-03-23 10:00:00+00:00,8.214999999997868
2025-03-23 10:30:00+00:00,2025-03-23 10:30:00+00:00,9.480000000000924
2025-03-23 11:00:00+00:00,2025-03-23 11:00:00+00:00,12.1860000000006
2025-03-23 11:30:00+00:00,2025-03-23 11:30:00+00:00,12.353000000004839
2025-03-23 12:00:00+00:00,2025-03-23 12:00:00+00:00,10.91899999999623
2025-03-23 12:30:00+00:00,2025-03-23 12:30:00+00:00,10.249999999999428
2025-03-23 13:00:00+00:00,2025-03-23 13:00:00+00:00,11.974000000004704
2025-03-23 13:30:00+00:00,2025-03-23 13:30:00+00:00,10.646999999991518
2025-03-23 14:00:00+00:00,2025-03-23 14:00:00+00:00,12.273000000007638
2025-03-23 14:30:00+00:00,2025-03-23 14:30:00+00:00,11.483999999998673
2025-03-23 15:00:00+00:00,2025-03-23 15:00:00+00:00,10.65599999999847
2025-03-23 15:30:00+00:00,2025-03-23 15:30:00+00:00,9.368999999998433
2025-03-23 16:00:00+00:00,2025-03-23 16:00:00+00:00,11.659000000001239
2025-03-23 16:30:00+00:00,2025-03-23 16:30:00+00:00,11.371999999999046
2025-03-23 17:00:00+00:00,2025-03-23 17:00:00+00:00,13.267000000001186
2025-03-23 17:30:00+00:00,2025-03-23 17:30:00+00:00,13.687999999999647
2025-03-23 18:00:00+00:00,2025-03-23 18:00:00+00:00,15.53000000000236
2025-03-23 18:30:00+00:00,2025-03-23 18:30:00+00:00,16.436999999997397
2025-03-23 19:00:00+00:00,2025-03-23 19:00:00+00:00,14.256999999997102
2025-03-23 19:30:00+00:00,2025-03-23 19:30:00+00:00,14.916000000002896
2025-03-23 20:00:00+00:00,2025-03-23 20:00:00+00:00,14.055999999999127
2025-03-23 20:30:00+00:00,2025-03-23 20:30:00+00:00,15.958000000005082
2025-03-23 21:00:00+00:00,2025-03-23 21:00:00+00:00,13.501999999999837
2025-03-23 21:30:00+00:00,2025-03-23 21:30:00+00:00,11.853999999996061
2025-03-23 22:00:00+00:00,2025-03-23 22:00:00+00:00,10.652999999997288
2025-03-23 22:30:00+00:00,2025-03-23 22:30:00+00:00,9.88600000000326
2025-03-23 23:00:00+00:00,2025-03-23 23:00:00+00:00,8.03400000000067
2025-03-23 23:30:00+00:00,2025-03-23 23:30:00+00:00,7.313000000000781
2025-03-24 00:00:00+00:00,2025-03-24 00:00:00+00:00,8.324999999998223
2025-03-24 00:30:00+00:00,2025-03-24 00:30:00+00:00,8.032000000001627
2025-03-24 01:00:00+00:00,2025-03-24 01:00:00+00:00,6.737999999997893
2025-03-24 01:30:00+00:00,2025-03-24 01:30:00+00:00,5.757999999998784
2025-03-24 02:00:00+00:00,2025-03-24 02:00:00+00:00,4.835000000003443
2025-03-24 02:30:00+00:00,2025-03-24 02:30:00+00:00,4.581999999999308
2025-03-24 03:00:00+00:00,2025-03-24 03:00:00+00:00,4.792999999997274
2025-03-24 03:30:00+00:00,2025-03-24 03:30:00+00:00,4.500000000006931
2025-03-24 04:00:00+00:00,2025-03-24 04:00:00+00:00,4.445999999993202
2025-03-24 04:30:00+00:00,2025-03-24 04:30:00+00:00,4.832000000005106
2025-03-24 05:00:00+00:00,2025-03-24 05:00:00+00:00,5.637999999994687
2025-03-24 05:30:00+00:00,2025-03-24 05:30:00+00:00,5.988000000000622
2025-03-24 06:00:00+00:00,2025-03-24 06:00:00+00:00,7.575000000003793
2025-03-24 06:30:00+00:00,2025-03-24 06:30:00+00:00,8.966999999997935
2025-03-24 07:00:00+00:00,2025-03-24 07:00:00+00:00,11.712999999998484
2025-03-24 07:30:00+00:00,2025-03-24 07:30:00+00:00,13.341000000003984
2025-03-24 08:00:00+00:00,2025-03-24 08:00:00+00:00,13.63799999999753
2025-03-24 08:30:00+00:00,2025-03-24 08:30:00+00:00,13.758999999998306
2025-03-24 09:00:00+00:00,2025-03-24 09:00:00+00:00,12.625000000003636
2025-03-24 09:30:00+00:00,2025-03-24 09:30:00+00:00,9.84199999999725
2025-03-24 10:00:00+00:00,2025-03-24 10:00:00+00:00,10.832000000000102
2025-03-24 10:30:00+00:00,2025-03-24 10:30:00+00:00,12.661000000002328
2025-03-24 11:00:00+00:00,2025-03-24 11:00:00+00:00,13.79600000000232
2025-03-24 11:30:00+00:00,2025-03-24 11:30:00+00:00,11.070999999995589
2025-03-24 12:00:00+00:00,2025-03-24 12:00:00+00:00,11.15699999999583
2025-03-24 12:30:00+00:00,2025-03-24 12:30:00+00:00,9.45700000000863
2025-03-24 13:00:00+00:00,2025-03-24 13:00:00+00:00,9.264999999993732
2025-03-24 13:30:00+00:00,2025-03-24 13:30:00+00:00,9.632000000001081
2025-03-24 14:00:00+00:00,2025-03-24 14:00:00+00:00,8.032000000003901
2025-03-24 14:30:00+00:00,2025-03-24 14:30:00+00:00,8.963999999999483
2025-03-24 15:00:00+00:00,2025-03-24 15:00:00+00:00,6.194999999999138
2025-03-24 15:30:00+00:00,2025-03-24 15:30:00+00:00,7.648000000000136
2025-03-24 16:00:00+00:00,2025-03-24 16:00:00+00:00,9.887999999998552
2025-03-24 16:30:00+00:00,2025-03-24 16:30:00+00:00,13.648999999996928
2025-03-24 17:00:00+00:00,2025-03-24 17:00:00+00:00,17.256000000003837
2025-03-24 17:30:00+00:00,2025-03-24 17:30:00+00:00,20.32399999999643
2025-03-24 18:00:00+00:00,2025-03-24 18:00:00+00:00,18.224000000000274
2025-03-24 18:30:00+00:00,2025-03-24 18:30:00+00:00,17.935000000003694
2025-03-24 19:00:00+00:00,2025-03-24 19:00:00+00:00,20.982999999998697
2025-03-24 19:30:00+00:00,2025-03-24 19:30:00+00:00,21.091000000002055
2025-03-24 20:00:00+00:00,2025-03-24 20:00:00+00:00,20.706000000002064
2025-03-24 20:30:00+00:00,2025-03-24 20:30:00+00:00,16.42399999999543
2025-03-24 21:00:00+00:00,2025-03-24 21:00:00+00:00,15.698000000002596
2025-03-24 21:30:00+00:00,2025-03-24 21:30:00+00:00,14.61599999999805
2025-03-24 22:00:00+00:00,2025-03-24 22:00:00+00:00,10.771000000000068
2025-03-24 22:30:00+00:00,2025-03-24 22:30:00+00:00,10.664000000002485
2025-03-24 23:00:00+00:00,2025-03-24 23:00:00+00:00,8.961999999996234
2025-03-24 23:30:00+00:00,2025-03-24 23:30:00+00:00,7.889999999999299
2025-03-25 00:00:00+00:00,2025-03-25 00:00:00+00:00,7.593999999998912
2025-03-25 00:30:00+00:00,2025-03-25 00:30:00+00:00,7.836000000003078
2025-03-25 01:00:00+00:00,2025-03-25 01:00:00+00:00,7.659000000001921
2025-03-25 01:30:00+00:00,2025-03-25 01:30:00+00:00,7.774000000001363
2025-03-25 02:00:00+00:00,2025-03-25 02:00:00+00:00,7.59999999999729
2025-03-25 02:30:00+00:00,2025-03-25 02:30:00+00:00,7.441000000004234
2025-03-25 03:00:00+00:00,2025-03-25 03:00:00+00:00,7.329999999997082
2025-03-25 03:30:00+00:00,2025-03-25 03:30:00+00:00,7.061999999997053
2025-03-25 04:00:00+00:00,2025-03-25 04:00:00+00:00,7.035000000004057
2025-03-25 04:30:00+00:00,2025-03-25 04:30:00+00:00,6.70499999999674
2025-03-25 05:00:00+00:00,2025-03-25 05:00:00+00:00,6.820000000003456
2025-03-25 05:30:00+00:00,2025-03-25 05:30:00+00:00,6.330999999998422
2025-03-25 06:00:00+00:00,2025-03-25 06:00:00+00:00,8.209000000001764
2025-03-25 06:30:00+00:00,2025-03-25 06:30:00+00:00,12.28199999999833
2025-03-25 07:00:00+00:00,2025-03-25 07:00:00+00:00,12.171999999996384
2025-03-25 07:30:00+00:00,2025-03-25 07:30:00+00:00,14.610000000001037
2025-03-25 08:00:00+00:00,2025-03-25 08:00:00+00:00,14.246000000001914
2025-03-25 08:30:00+00:00,2025-03-25 08:30:00+00:00,14.114999999998641
2025-03-25 09:00:00+00:00,2025-03-25 09:00:00+00:00,11.312999999999871
2025-03-25 09:30:00+00:00,2025-03-25 09:30:00+00:00,12.292000000000709
2025-03-25 10:00:00+00:00,2025-03-25 10:00:00+00:00,12.246000000002596
2025-03-25 10:30:00+00:00,2025-03-25 10:30:00+00:00,9.849999999997973
2025-03-25 11:00:00+00:00,2025-03-25 11:00:00+00:00,11.408999999999534
2025-03-25 11:30:00+00:00,2025-03-25 11:30:00+00:00,10.870000000001252
2025-03-25 12:00:00+00:00,2025-03-25 12:00:00+00:00,9.89999999999895
2025-03-25 12:30:00+00:00,2025-03-25 12:30:00+00:00,8.465999999998868
2025-03-25 13:00:00+00:00,2025-03-25 13:00:00+00:00,9.457999999998943
2025-03-25 13:30:00+00:00,2025-03-25 13:30:00+00:00,9.605000000004335
2025-03-25 14:00:00+00:00,2025-03-25 14:00:00+00:00,9.240999999999527
2025-03-25 14:30:00+00:00,2025-03-25 14:30:00+00:00,8.253000000000721
2025-03-25 15:00:00+00:00,2025-03-25 15:00:00+00:00,8.917999999996479
2025-03-25 15:30:00+00:00,2025-03-25 15:30:00+00:00,9.675999999999814
2025-03-25 16:00:00+00:00,2025-03-25 16:00:00+00:00,8.419000000001573
2025-03-25 16:30:00+00:00,2025-03-25 16:30:00+00:00,11.52100000000166
2025-03-25 17:00:00+00:00,2025-03-25 17:00:00+00:00,16.634000000002857
2025-03-25 17:30:00+00:00,2025-03-25 17:30:00+00:00,15.78899999999248
2025-03-25 18:00:00+00:00,2025-03-25 18:00:00+00:00,15.935000000004152
2025-03-25 18:30:00+00:00,2025-03-25 18:30:00+00:00,16.064999999999145
2025-03-25 19:00:00+00:00,2025-03-25 19:00:00+00:00,16.961999999998966
2025-03-25 19:30:00+00:00,2025-03-25 19:30:00+00:00,19.292000000001167
2025-03-25 20:00:00+00:00,2025-03-25 20:00:00+00:00,18.633000000000493
2025-03-25 20:30:00+00:00,2025-03-25 20:30:00+00:00,18.11000000000524
2025-03-25 21:00:00+00:00,2025-03-25 21:00:00+00:00,15.281999999995714
2025-03-25 21:30:00+00:00,2025-03-25 21:30:00+00:00,13.511999999996533
2025-03-25 22:00:00+00:00,2025-03-25 22:00:00+00:00,11.469000000002437
2025-03-25 22:30:00+00:00,2025-03-25 22:30:00+00:00,11.008000000001285
2025-03-25 23:00:00+00:00,2025-03-25 23:00:00+00:00,9.328999999997333
2025-03-25 23:30:00+00:00,2025-03-25 23:30:00+00:00,8.743000000001983
2025-03-26 00:00:00+00:00,2025-03-26 00:00:00+00:00,7.992999999996864
2025-03-26 00:30:00+00:00,2025-03-26 00:30:00+00:00,8.319000000001093
2025-03-26 01:00:00+00:00,2025-03-26 01:00:00+00:00,7.909999999998373
2025-03-26 01:30:00+00:00,2025-03-26 01:30:00+00:00,7.410000000002695
2025-03-26 02:00:00+00:00,2025-03-26 02:00:00+00:00,6.593999999998229
2025-03-26 02:30:00+00:00,2025-03-26 02:30:00+00:00,6.066000000001392
2025-03-26 03:00:00+00:00,2025-03-26 03:00:00+00:00,6.463999999999142
2025-03-26 03:30:00+00:00,2025-03-26 03:30:00+00:00,5.856000000003174
2025-03-26 04:00:00+00:00,2025-03-26 04:00:00+00:00,6.167999999998866
2025-03-26 04:30:00+00:00,2025-03-26 04:30:00+00:00,6.913999999999302
2025-03-26 05:00:00+00:00,2025-03-26 05:00:00+00:00,7.747999999998907
2025-03-26 05:30:00+00:00,2025-03-26 05:30:00+00:00,8.1379999999981
2025-03-26 06:00:00+00:00,2025-03-26 06:00:00+00:00,10.213000000002122
2025-03-26 06:30:00+00:00,2025-03-26 06:30:00+00:00,11.293000000001253
2025-03-26 07:00:00+00:00,2025-03-26 07:00:00+00:00,13.212000000002371
2025-03-26 07:30:00+00:00,2025-03-26 07:30:00+00:00,14.283999999997148
2025-03-26 08:00:00+00:00,2025-03-26 08:00:00+00:00,14.751999999999947
2025-03-26 08:30:00+00:00,2025-03-26 08:30:00+00:00,16.380999999999627
2025-03-26 09:00:00+00:00,2025-03-26 09:00:00+00:00,13.4360000000006
2025-03-26 09:30:00+00:00,2025-03-26 09:30:00+00:00,11.767000000002664
2025-03-26 10:00:00+00:00,2025-03-26 10:00:00+00:00,10.192999999996342
2025-03-26 10:30:00+00:00,2025-03-26 10:30:00+00:00,9.672999999999885
2025-03-26 11:00:00+00:00,2025-03-26 11:00:00+00:00,12.680000000002678
2025-03-26 11:30:00+00:00,2025-03-26 11:30:00+00:00,11.040999999999368
2025-03-26 12:00:00+00:00,2025-03-26 12:00:00+00:00,9.222000000000886
2025-03-26 12:30:00+00:00,2025-03-26 12:30:00+00:00,11.022999999998204
2025-03-26 13:00:00+00:00,2025-03-26 13:00:00+00:00,8.273000000001499
2025-03-26 13:30:00+00:00,2025-03-26 13:30:00+00:00,8.85299999999813
2025-03-26 14:00:00+00:00,2025-03-26 14:00:00+00:00,8.892000000003232
2025-03-26 14:30:00+00:00,2025-03-26 14:30:00+00:00,7.162999999995573
2025-03-26 15:00:00+00:00,2025-03-26 15:00:00+00:00,6.995999999997704
2025-03-26 15:30:00+00:00,2025-03-26 15:30:00+00:00,7.537000000001054
2025-03-26 16:00:00+00:00,2025-03-26 16:00:00+00:00,9.72400000000152
2025-03-26 16:30:00+00:00,2025-03-26 16:30:00+00:00,14.454999999999472
2025-03-26 17:00:00+00:00,2025-03-26 17:00:00+00:00,17.349000000004025
2025-03-26 17:30:00+00:00,2025-03-26 17:30:00+00:00,19.219999999994112
2025-03-26 18:00:00+00:00,2025-03-26 18:00:00+00:00,19.114000000004463
2025-03-26 18:30:00+00:00,2025-03-26 18:30:00+00:00,20.340999999999894
2025-03-26 19:00:00+00:00,2025-03-26 19:00:00+00:00,18.268999999999547
2025-03-26 19:30:00+00:00,2025-03-26 19:30:00+00:00,17.277000000000157
2025-03-26 20:00:00+00:00,2025-03-26 20:00:00+00:00,16.400000000000205
2025-03-26 20:30:00+00:00,2025-03-26 20:30:00+00:00,18.39600000000428
2025-03-26 21:00:00+00:00,2025-03-26 21:00:00+00:00,17.391999999996642
2025-03-26 21:30:00+00:00,2025-03-26 21:30:00+00:00,14.501000000001794
2025-03-26 22:00:00+00:00,2025-03-26 22:00:00+00:00,12.990999999994415
2025-03-26 22:30:00+00:00,2025-03-26 22:30:00+00:00,12.664000000003167
2025-03-26 23:00:00+00:00,2025-03-26 23:00:00+00:00,11.053999999993149
2025-03-26 23:30:00+00:00,2025-03-26 23:30:00+00:00,8.116000000004984
2025-03-27 00:00:00+00:00,2025-03-27 00:00:00+00:00,7.016000000001778
2025-03-27 00:30:00+00:00,2025-03-27 00:30:00+00:00,6.793000000002048
2025-03-27 01:00:00+00:00,2025-03-27 01:00:00+00:00,6.244999999998751
2025-03-27 01:30:00+00:00,2025-03-27 01:30:00+00:00,6.01799999999491
2025-03-27 02:00:00+00:00,2025-03-27 02:00:00+00:00,6.094000000003685
2025-03-27 02:30:00+00:00,2025-03-27 02:30:00+00:00,6.058999999997237
2025-03-27 03:00:00+00:00,2025-03-27 03:00:00+00:00,5.403000000000015
2025-03-27 03:30:00+00:00,2025-03-27 03:30:00+00:00,5.259000000007629
2025-03-27 04:00:00+00:00,2025-03-27 04:00:00+00:00,5.773999999992038
2025-03-27 04:30:00+00:00,2025-03-27 04:30:00+00:00,6.109000000003443
2025-03-27 05:00:00+00:00,2025-03-27 05:00:00+00:00,6.591000000001029
2025-03-27 05:30:00+00:00,2025-03-27 05:30:00+00:00,7.1409999999978
2025-03-27 06:00:00+00:00,2025-03-27 06:00:00+00:00,8.587999999999507
2025-03-27 06:30:00+00:00,2025-03-27 06:30:00+00:00,11.24800000000084
2025-03-27 07:00:00+00:00,2025-03-27 07:00:00+00:00,13.250999999999632
2025-03-27 07:30:00+00:00,2025-03-27 07:30:00+00:00,12.138000000001623
2025-03-27 08:00:00+00:00,2025-03-27 08:00:00+00:00,14.524000000003749
2025-03-27 08:30:00+00:00,2025-03-27 08:30:00+00:00,10.473999999994927
2025-03-27 09:00:00+00:00,2025-03-27 09:00:00+00:00,9.619000000000138
2025-03-27 09:30:00+00:00,2025-03-27 09:30:00+00:00,9.286000000000055
2025-03-27 10:00:00+00:00,2025-03-27 10:00:00+00:00,10.623000000001749
2025-03-27 10:30:00+00:00,2025-03-27 10:30:00+00:00,7.827000000000903
2025-03-27 11:00:00+00:00,2025-03-27 11:00:00+00:00,8.997999999999134
2025-03-27 11:30:00+00:00,2025-03-27 11:30:00+00:00,10.411999999996961
2025-03-27 12:00:00+00:00,2025-03-27 12:00:00+00:00,11.250000000000222
2025-03-27 12:30:00+00:00,2025-03-27 12:30:00+00:00,10.225000000003089
2025-03-27 13:00:00+00:00,2025-03-27 13:00:00+00:00,11.80599999999458
2025-03-27 13:30:00+00:00,2025-03-27 13:30:00+00:00,8.798000000005228
2025-03-27 14:00:00+00:00,2025-03-27 14:00:00+00:00,7.772999999998087
2025-03-27 14:30:00+00:00,2025-03-27 14:30:00+00:00,9.46300000000269
2025-03-27 15:00:00+00:00,2025-03-27 15:00:00+00:00,8.40299999999706
2025-03-27 15:30:00+00:00,2025-03-27 15:30:00+00:00,9.829999999999357
2025-03-27 16:00:00+00:00,2025-03-27 16:00:00+00:00,10.005000000004085
2025-03-27 16:30:00+00:00,2025-03-27 16:30:00+00:00,10.426999999997971
2025-03-27 17:00:00+00:00,2025-03-27 17:00:00+00:00,13.701999999999314
2025-03-27 17:30:00+00:00,2025-03-27 17:30:00+00:00,18.034000000001242
2025-03-27 18:00:00+00:00,2025-03-27 18:00:00+00:00,21.31499999999926
2025-03-27 18:30:00+00:00,2025-03-27 18:30:00+00:00,18.861999999998602
2025-03-27 19:00:00+00:00,2025-03-27 19:00:00+00:00,19.65800000000047
2025-03-27 19:30:00+00:00,2025-03-27 19:30:00+00:00,17.30499999999961
2025-03-27 20:00:00+00:00,2025-03-27 20:00:00+00:00,17.796000000001527
2025-03-27 20:30:00+00:00,2025-03-27 20:30:00+00:00,17.60600000000158
2025-03-27 21:00:00+00:00,2025-03-27 21:00:00+00:00,14.821999999995908
2025-03-27 21:30:00+00:00,2025-03-27 21:30:00+00:00,14.50200000000245
2025-03-27 22:00:00+00:00,2025-03-27 22:00:00+00:00,11.996999999998932
2025-03-27 22:30:00+00:00,2025-03-27 22:30:00+00:00,10.386000000000532
2025-03-27 23:00:00+00:00,2025-03-27 23:00:00+00:00,9.344000000002092
2025-03-27 23:30:00+00:00,2025-03-27 23:30:00+00:00,7.964999999998323
2025-03-28 00:00:00+00:00,2025-03-28 00:00:00+00:00,8.34000000000162
2025-03-28 00:30:00+00:00,2025-03-28 00:30:00+00:00,8.008999999999329
2025-03-28 01:00:00+00:00,2025-03-28 01:00:00+00:00,7.402999999997403
2025-03-28 01:30:00+00:00,2025-03-28 01:30:00+00:00,6.898999999999429
2025-03-28 02:00:00+00:00,2025-03-28 02:00:00+00:00,6.383000000003444
2025-03-28 02:30:00+00:00,2025-03-28 02:30:00+00:00,5.90499999999849
2025-03-28 03:00:00+00:00,2025-03-28 03:00:00+00:00,6.026999999999926
2025-03-28 03:30:00+00:00,2025-03-28 03:30:00+00:00,5.843999999998456
2025-03-28 04:00:00+00:00,2025-03-28 04:00:00+00:00,5.667999999999207
2025-03-28 04:30:00+00:00,2025-03-28 04:30:00+00:00,5.548000000004545
2025-03-28 05:00:00+00:00,2025-03-28 05:00:00+00:00,5.300000000000292
2025-03-28 05:30:00+00:00,2025-03-28 05:30:00+00:00,6.23199999999542
2025-03-28 06:00:00+00:00,2025-03-28 06:00:00+00:00,8.876000000001223
2025-03-28 06:30:00+00:00,2025-03-28 06:30:00+00:00,10.545000000003025
2025-03-28 07:00:00+00:00,2025-03-28 07:00:00+00:00,10.507999999999354
2025-03-28 07:30:00+00:00,2025-03-28 07:30:00+00:00,10.769999999998275
2025-03-28 08:00:00+00:00,2025-03-28 08:00:00+00:00,14.69399999999882
2025-03-28 08:30:00+00:00,2025-03-28 08:30:00+00:00,12.709000000000856
2025-03-28 09:00:00+00:00,2025-03-28 09:00:00+00:00,12.325000000003792
2025-03-28 09:30:00+00:00,2025-03-28 09:30:00+00:00,12.748999999997292
2025-03-28 10:00:00+00:00,2025-03-28 10:00:00+00:00,12.511999999999258
2025-03-28 10:30:00+00:00,2025-03-28 10:30:00+00:00,9.729000000005154
2025-03-28 11:00:00+00:00,2025-03-28 11:00:00+00:00,9.312999999996801
2025-03-28 11:30:00+00:00,2025-03-28 11:30:00+00:00,9.842999999999503
2025-03-28 12:00:00+00:00,2025-03-28 12:00:00+00:00,8.90799999999501
2025-03-28 12:30:00+00:00,2025-03-28 12:30:00+00:00,10.328000000001337
2025-03-28 13:00:00+00:00,2025-03-28 13:00:00+00:00,7.8320000000037435
2025-03-28 13:30:00+00:00,2025-03-28 13:30:00+00:00,8.773999999997951
2025-03-28 14:00:00+00:00,2025-03-28 14:00:00+00:00,9.278999999997946
2025-03-28 14:30:00+00:00,2025-03-28 14:30:00+00:00,8.66000000000508
2025-03-28 15:00:00+00:00,2025-03-28 15:00:00+00:00,8.206999999997489
2025-03-28 15:30:00+00:00,2025-03-28 15:30:00+00:00,8.767000000001755
2025-03-28 16:00:00+00:00,2025-03-28 16:00:00+00:00,10.894999999999753
2025-03-28 16:30:00+00:00,2025-03-28 16:30:00+00:00,14.497000000000753
2025-03-28 17:00:00+00:00,2025-03-28 17:00:00+00:00,18.197999999998956
2025-03-28 17:30:00+00:00,2025-03-28 17:30:00+00:00,18.253999999997063
2025-03-28 18:00:00+00:00,2025-03-28 18:00:00+00:00,19.781000000002333
2025-03-28 18:30:00+00:00,2025-03-28 18:30:00+00:00,20.39100000000326
2025-03-28 19:00:00+00:00,2025-03-28 19:00:00+00:00,18.606999999995196
2025-03-28 19:30:00+00:00,2025-03-28 19:30:00+00:00,19.017000000002213
2025-03-28 20:00:00+00:00,2025-03-28 20:00:00+00:00,16.060000000001196
2025-03-28 20:30:00+00:00,2025-03-28 20:30:00+00:00,15.61899999999457
2025-03-28 21:00:00+00:00,2025-03-28 21:00:00+00:00,15.718000000005189
2025-03-28 21:30:00+00:00,2025-03-28 21:30:00+00:00,15.245000000000115
2025-03-28 22:00:00+00:00,2025-03-28 22:00:00+00:00,13.512999999996278
2025-03-28 22:30:00+00:00,2025-03-28 22:30:00+00:00,9.592000000001118
2025-03-28 23:00:00+00:00,2025-03-28 23:00:00+00:00,9.054000000000878
2025-03-28 23:30:00+00:00,2025-03-28 23:30:00+00:00,7.671000000002888
2025-03-29 00:00:00+00:00,2025-03-29 00:00:00+00:00,8.136000000001216
2025-03-29 00:30:00+00:00,2025-03-29 00:30:00+00:00,7.520999999993703
2025-03-29 01:00:00+00:00,2025-03-29 01:00:00+00:00,7.309000000005877
2025-03-29 01:30:00+00:00,2025-03-29 01:30:00+00:00,6.064999999995957
2025-03-29 02:00:00+00:00,2025-03-29 02:00:00+00:00,6.543999999999639
2025-03-29 02:30:00+00:00,2025-03-29 02:30:00+00:00,6.843000000001663
2025-03-29 03:00:00+00:00,2025-03-29 03:00:00+00:00,6.743999999998775
2025-03-29 03:30:00+00:00,2025-03-29 03:30:00+00:00,7.016000000000755
2025-03-29 04:00:00+00:00,2025-03-29 04:00:00+00:00,7.649000000002953
2025-03-29 04:30:00+00:00,2025-03-29 04:30:00+00:00,7.668999999997364
2025-03-29 05:00:00+00:00,2025-03-29 05:00:00+00:00,7.9800000000029705
2025-03-29 05:30:00+00:00,2025-03-29 05:30:00+00:00,7.999999999997039
2025-03-29 06:00:00+00:00,2025-03-29 06:00:00+00:00,10.262000000001759
2025-03-29 06:30:00+00:00,2025-03-29 06:30:00+00:00,13.11299999999755
2025-03-29 07:00:00+00:00,2025-03-29 07:00:00+00:00,15.243999999999227
2025-03-29 07:30:00+00:00,2025-03-29 07:30:00+00:00,13.234000000002649
2025-03-29 08:00:00+00:00,2025-03-29 08:00:00+00:00,15.45899999999983
2025-03-29 08:30:00+00:00,2025-03-29 08:30:00+00:00,17.542999999995455
2025-03-29 09:00:00+00:00,2025-03-29 09:00:00+00:00,18.079000000001884
2025-03-29 09:30:00+00:00,2025-03-29 09:30:00+00:00,14.151999999998676
2025-03-29 10:00:00+00:00,2025-03-29 10:00:00+00:00,13.04500000000348
2025-03-29 10:30:00+00:00,2025-03-29 10:30:00+00:00,13.29100000000005
2025-03-29 11:00:00+00:00,2025-03-29 11:00:00+00:00,15.132999999998674
2025-03-29 11:30:00+00:00,2025-03-29 11:30:00+00:00,12.765999999998595
2025-03-29 12:00:00+00:00,2025-03-29 12:00:00+00:00,12.145000000005437
2025-03-29 12:30:00+00:00,2025-03-29 12:30:00+00:00,13.640999999995184
2025-03-29 13:00:00+00:00,2025-03-29 13:00:00+00:00,11.223000000002456
2025-03-29 13:30:00+00:00,2025-03-29 13:30:00+00:00,9.57099999999934
2025-03-29 14:00:00+00:00,2025-03-29 14:00:00+00:00,10.115000000000121
2025-03-29 14:30:00+00:00,2025-03-29 14:30:00+00:00,9.050000000000747
2025-03-29 15:00:00+00:00,2025-03-29 15:00:00+00:00,9.05300000000204
2025-03-29 15:30:00+00:00,2025-03-29 15:30:00+00:00,9.553999999999858
2025-03-29 16:00:00+00:00,2025-03-29 16:00:00+00:00,10.192000000000345
2025-03-29 16:30:00+00:00,2025-03-29 16:30:00+00:00,11.843999999993454
2025-03-29 17:00:00+00:00,2025-03-29 17:00:00+00:00,14.007000000004036
2025-03-29 17:30:00+00:00,2025-03-29 17:30:00+00:00,15.871000000000206
2025-03-29 18:00:00+00:00,2025-03-29 18:00:00+00:00,16.315000000001078
2025-03-29 18:30:00+00:00,2025-03-29 18:30:00+00:00,16.698999999998136
2025-03-29 19:00:00+00:00,2025-03-29 19:00:00+00:00,15.736000000002376
2025-03-29 19:30:00+00:00,2025-03-29 19:30:00+00:00,13.259999999996467
2025-03-29 20:00:00+00:00,2025-03-29 20:00:00+00:00,13.224999999999454
2025-03-29 20:30:00+00:00,2025-03-29 20:30:00+00:00,14.593000000004281
2025-03-29 21:00:00+00:00,2025-03-29 21:00:00+00:00,16.917999999995455
2025-03-29 21:30:00+00:00,2025-03-29 21:30:00+00:00,13.8290000000037
2025-03-29 22:00:00+00:00,2025-03-29 22:00:00+00:00,12.67699999999365
2025-03-29 22:30:00+00:00,2025-03-29 22:30:00+00:00,10.261000000003488
2025-03-29 23:00:00+00:00,2025-03-29 23:00:00+00:00,8.73300000000324
2025-03-29 23:30:00+00:00,2025-03-29 23:30:00+00:00,8.354999999998535
2025-03-30 00:00:00+00:00,2025-03-30 00:00:00+00:00,7.659999999998032
2025-03-30 00:30:00+00:00,2025-03-30 00:30:00+00:00,7.235000000003421
2025-03-30 01:00:00+00:00,2025-03-30 02:00:00+01:00,6.474999999996837
2025-03-30 01:30:00+00:00,2025-03-30 02:30:00+01:00,5.531999999999693
2025-03-30 02:00:00+00:00,2025-03-30 03:00:00+01:00,5.3570000000006495
2025-03-30 02:30:00+00:00,2025-03-30 03:30:00+01:00,5.914999999998595
2025-03-30 03:00:00+00:00,2025-03-30 04:00:00+01:00,6.771000000001318
2025-03-30 03:30:00+00:00,2025-03-30 04:30:00+01:00,6.227999999998584
2025-03-30 04:00:00+00:00,2025-03-30 05:00:00+01:00,6.603999999998219
2025-03-30 04:30:00+00:00,2025-03-30 05:30:00+01:00,7.1950000000066385
2025-03-30 05:00:00+00:00,2025-03-30 06:00:00+01:00,7.0609999999976445
2025-03-30 05:30:00+00:00,2025-03-30 06:30:00+01:00,6.67699999999888
2025-03-30 06:00:00+00:00,2025-03-30 07:00:00+01:00,7.446000000001273
2025-03-30 06:30:00+00:00,2025-03-30 07:30:00+01:00,8.643000000000594
2025-03-30 07:00:00+00:00,2025-03-30 08:00:00+01:00,10.845999999997954
2025-03-30 07:30:00+00:00,2025-03-30 08:30:00+01:00,11.523000000000476
2025-03-30 08:00:00+00:00,2025-03-30 09:00:00+01:00,12.652999999997627
2025-03-30 08:30:00+00:00,2025-03-30 09:30:00+01:00,12.450000000001179
2025-03-30 09:00:00+00:00,2025-03-30 10:00:00+01:00,13.588000000002236
2025-03-30 09:30:00+00:00,2025-03-30 10:30:00+01:00,13.58599999999944
2025-03-30 10:00:00+00:00,2025-03-30 11:00:00+01:00,13.20799999999076
2025-03-30 10:30:00+00:00,2025-03-30 11:30:00+01:00,11.315000000011649
2025-03-30 11:00:00+00:00,2025-03-30 12:00:00+01:00,12.86799999999732
2025-03-30 11:30:00+00:00,2025-03-30 12:30:00+01:00,13.28600000000358
2025-03-30 12:00:00+00:00,2025-03-30 13:00:00+01:00,11.89299999999491
2025-03-30 12:30:00+00:00,2025-03-30 13:30:00+01:00,10.899000000002498
2025-03-30 13:00:00+00:00,2025-03-30 14:00:00+01:00,9.018999999997844
2025-03-30 13:30:00+00:00,2025-03-30 14:30:00+01:00,8.786000000001305
2025-03-30 14:00:00+00:00,2025-03-30 15:00:00+01:00,8.79199999999889
2025-03-30 14:30:00+00:00,2025-03-30 15:30:00+01:00,10.100000000000133
2025-03-30 15:00:00+00:00,2025-03-30 16:00:00+01:00,10.833000000003834
2025-03-30 15:30:00+00:00,2025-03-30 16:30:00+01:00,12.670999999997319
2025-03-30 16:00:00+00:00,2025-03-30 17:00:00+01:00,12.48999999999682
2025-03-30 16:30:00+00:00,2025-03-30 17:30:00+01:00,9.578999999998581
2025-03-30 17:00:00+00:00,2025-03-30 18:00:00+01:00,11.720000000001615
2025-03-30 17:30:00+00:00,2025-03-30 18:30:00+01:00,11.483000000001535
2025-03-30 18:00:00+00:00,2025-03-30 19:00:00+01:00,15.3830000000022
2025-03-30 18:30:00+00:00,2025-03-30 19:30:00+01:00,16.841999999997824
2025-03-30 19:00:00+00:00,2025-03-30 20:00:00+01:00,18.23499999999944
2025-03-30 19:30:00+00:00,2025-03-30 20:30:00+01:00,16.09400000000005
2025-03-30 20:00:00+00:00,2025-03-30 21:00:00+01:00,14.24999999999886
2025-03-30 20:30:00+00:00,2025-03-30 21:30:00+01:00,12.593000000001322
2025-03-30 21:00:00+00:00,2025-03-30 22:00:00+01:00,12.312000000002396
2025-03-30 21:30:00+00:00,2025-03-30 22:30:00+01:00,10.256000000002926
2025-03-30 22:00:00+00:00,2025-03-30 23:00:00+01:00,9.468999999997205
2025-03-30 22:30:00+00:00,2025-03-30 23:30:00+01:00,9.641999999994024
2025-03-30 23:00:00+00:00,2025-03-31 00:00:00+01:00,9.873000000007092
2025-03-30 23:30:00+00:00,2025-03-31 00:30:00+01:00,8.605999999998172
2025-03-31 00:00:00+00:00,2025-03-31 01:00:00+01:00,7.741999999999392
2025-03-31 00:30:00+00:00,2025-03-31 01:30:00+01:00,8.547000000001841
2025-03-31 01:00:00+00:00,2025-03-31 02:00:00+01:00,8.407999999996147
2025-03-31 01:30:00+00:00,2025-03-31 02:30:00+01:00,8.755000000005335
2025-03-31 02:00:00+00:00,2025-03-31 03:00:00+01:00,7.481999999997012
2025-03-31 02:30:00+00:00,2025-03-31 03:30:00+01:00,7.180999999999011
2025-03-31 03:00:00+00:00,2025-03-31 04:00:00+01:00,6.979999999997286
2025-03-31 03:30:00+00:00,2025-03-31 04:30:00+01:00,7.323000000005772
2025-03-31 04:00:00+00:00,2025-03-31 05:00:00+01:00,7.618999999995475
2025-03-31 04:30:00+00:00,2025-03-31 05:30:00+01:00,7.599000000002089
2025-03-31 05:00:00+00:00,2025-03-31 06:00:00+01:00,8.305000000003357
2025-03-31 05:30:00+00:00,2025-03-31 06:30:00+01:00,9.384999999994644
2025-03-31 06:00:00+00:00,2025-03-31 07:00:00+01:00,14.812000000000463
2025-03-31 06:30:00+00:00,2025-03-31 07:30:00+01:00,16.06200000000524
2025-03-31 07:00:00+00:00,2025-03-31 08:00:00+01:00,13.92899999999247
2025-03-31 07:30:00+00:00,2025-03-31 08:30:00+01:00,13.457000000004086
2025-03-31 08:00:00+00:00,2025-03-31 09:00:00+01:00,14.077000000004201
2025-03-31 08:30:00+00:00,2025-03-31 09:30:00+01:00,12.077999999994173
2025-03-31 09:00:00+00:00,2025-03-31 10:00:00+01:00,12.573000000003615
2025-03-31 09:30:00+00:00,2025-03-31 10:30:00+01:00,9.981999999996557
2025-03-31 10:00:00+00:00,2025-03-31 11:00:00+01:00,10.533000000001833
2025-03-31 10:30:00+00:00,2025-03-31 11:30:00+01:00,10.389000000000916
2025-03-31 11:00:00+00:00,2025-03-31 12:00:00+01:00,10.734000000000488
2025-03-31 11:30:00+00:00,2025-03-31 12:30:00+01:00,8.820999999999454
2025-03-31 12:00:00+00:00,2025-03-31 13:00:00+01:00,8.706999999996125
2025-03-31 12:30:00+00:00,2025-03-31 13:30:00+01:00,8.912000000001397
2025-03-31 13:00:00+00:00,2025-03-31 14:00:00+01:00,8.6430000000023
2025-03-31 13:30:00+00:00,2025-03-31 14:30:00+01:00,8.516999999997548
2025-03-31 14:00:00+00:00,2025-03-31 15:00:00+01:00,7.922999999999089
2025-03-31 14:30:00+00:00,2025-03-31 15:30:00+01:00,8.108000000000171
2025-03-31 15:00:00+00:00,2025-03-31 16:00:00+01:00,9.587000000001236
2025-03-31 15:30:00+00:00,2025-03-31 16:30:00+01:00,10.07300000000418
2025-03-31 16:00:00+00:00,2025-03-31 17:00:00+01:00,11.62599999999406
2025-03-31 16:30:00+00:00,2025-03-31 17:30:00+01:00,15.303000000005454
2025-03-31 17:00:00+00:00,2025-03-31 18:00:00+01:00,15.847999999991881
2025-03-31 17:30:00+00:00,2025-03-31 18:30:00+01:00,14.369000000005709
2025-03-31 18:00:00+00:00,2025-03-31 19:00:00+01:00,16.788999999998964
2025-03-31 18:30:00+00:00,2025-03-31 19:30:00+01:00,17.85100000000159
2025-03-31 19:00:00+00:00,2025-03-31 20:00:00+01:00,19.597999999998933
2025-03-31 19:30:00+00:00,2025-03-31 20:30:00+01:00,19.633999999995805
2025-03-31 20:00:00+00:00,2025-03-31 21:00:00+01:00,17.212000000006352
2025-03-31 20:30:00+00:00,2025-03-31 21:30:00+01:00,14.905999999997444
2025-03-31 21:00:00+00:00,2025-03-31 22:00:00+01:00,14.46300000000064
2025-03-31 21:30:00+00:00,2025-03-31 22:30:00+01:00,12.148999999999772
2025-03-31 22:00:00+00:00,2025-03-31 23:00:00+01:00,9.592000000001345
2025-03-31 22:30:00+00:00,2025-03-31 23:30:00+01:00,8.826999999998744
